symbol,date,side,order_id,classification,first_add_row,first_trade_row,add_qty,active_trade_qty,immediate_trade_qty,add_events,trade_events,reconstructed_submit_qty
SH600000,20260105,B,473011,passive_only,3269,,100,0,0,1,0,100
SH600000,20260105,B,473150,passive_only,3270,,100,0,0,1,0,100
SH600000,20260105,B,473193,passive_only,3272,,100,0,0,1,0,100
SH600000,20260105,B,474203,trade_only_active,,3278,0,3000,0,0,4,3000
SH600000,20260105,B,474682,passive_only,3296,,100,0,0,1,0,100
SH600000,20260105,B,474725,passive_only,3297,,100,0,0,1,0,100
SH600000,20260105,B,474961,passive_only,3301,,100,0,0,1,0,100
SH600000,20260105,B,475523,passive_only,3306,,2000,0,0,1,0,2000
SH600000,20260105,B,478102,trade_only_active,,3316,0,4000,0,0,1,4000
SH600000,20260105,B,480890,trade_only_active,,3326,0,54400,0,0,12,54400
SH600000,20260105,B,481617,passive_only,3339,,600,0,0,1,0,600
SH600000,20260105,B,485172,passive_only,3346,,500,0,0,1,0,500
SH600000,20260105,B,485318,passive_only,3349,,300,0,0,1,0,300
SH600000,20260105,B,487968,trade_only_active,,3353,0,100,0,0,1,100
SH600000,20260105,B,488540,passive_only,3354,,100,0,0,1,0,100
SH600000,20260105,B,489593,passive_only,3357,,5000,0,0,1,0,5000
SH600000,20260105,B,493111,passive_only,3365,,2000,0,0,1,0,2000
SH600000,20260105,B,505570,trade_only_active,,3393,0,400,0,0,3,400
SH600000,20260105,B,507339,passive_only,3398,,300,0,0,1,0,300
SH600000,20260105,B,511341,passive_only,3405,,4600,0,0,1,0,4600
SH600000,20260105,B,514300,trade_only_active,,3410,0,2000,0,0,4,2000
SH600000,20260105,B,516329,trade_only_active,,3421,0,400,0,0,1,400
SH600000,20260105,B,517696,passive_only,3422,,2000,0,0,1,0,2000
SH600000,20260105,B,517818,passive_only,3423,,2000,0,0,1,0,2000
SH600000,20260105,B,517960,passive_only,3425,,2000,0,0,1,0,2000
SH600000,20260105,B,518027,passive_only,3426,,200,0,0,1,0,200
SH600000,20260105,B,518455,passive_only,3427,,2000,0,0,1,0,2000
SH600000,20260105,B,528251,passive_only,3445,,500,0,0,1,0,500
SH600000,20260105,B,528914,trade_only_active,,3448,0,500,0,0,2,500
SH600000,20260105,B,530715,trade_only_active,,3451,0,200,0,0,1,200
SH600000,20260105,B,534888,passive_only,3459,,2000,0,0,1,0,2000
SH600000,20260105,B,534895,passive_only,3460,,2000,0,0,1,0,2000
SH600000,20260105,B,534896,passive_only,3461,,2000,0,0,1,0,2000
SH600000,20260105,B,534897,passive_only,3462,,2000,0,0,1,0,2000
SH600000,20260105,B,534900,passive_only,3463,,2000,0,0,1,0,2000
SH600000,20260105,B,534910,passive_only,3464,,2000,0,0,1,0,2000
SH600000,20260105,B,534920,passive_only,3465,,2000,0,0,1,0,2000
SH600000,20260105,B,534934,passive_only,3466,,2000,0,0,1,0,2000
SH600000,20260105,B,534937,passive_only,3467,,2000,0,0,1,0,2000
SH600000,20260105,B,534944,passive_only,3468,,2000,0,0,1,0,2000
SH600000,20260105,B,535430,trade_only_active,,3471,0,300,0,0,2,300
SH600000,20260105,B,536344,trade_only_active,,3473,0,500,0,0,1,500
SH600000,20260105,B,537248,passive_only,3476,,300,0,0,1,0,300
SH600000,20260105,B,537250,passive_only,3477,,300,0,0,1,0,300
SH600000,20260105,B,537251,passive_only,3478,,300,0,0,1,0,300
SH600000,20260105,B,537254,passive_only,3479,,400,0,0,1,0,400
SH600000,20260105,B,537258,passive_only,3481,,200,0,0,1,0,200
SH600000,20260105,B,537260,passive_only,3482,,400,0,0,1,0,400
SH600000,20260105,B,537267,passive_only,3483,,300,0,0,1,0,300
SH600000,20260105,B,537275,passive_only,3485,,200,0,0,1,0,200
SH600000,20260105,B,537278,passive_only,3487,,200,0,0,1,0,200
SH600000,20260105,B,537280,passive_only,3489,,200,0,0,1,0,200
SH600000,20260105,B,537284,passive_only,3491,,200,0,0,1,0,200
SH600000,20260105,B,537291,passive_only,3493,,200,0,0,1,0,200
SH600000,20260105,B,537293,passive_only,3494,,400,0,0,1,0,400
SH600000,20260105,B,537294,passive_only,3495,,300,0,0,1,0,300
SH600000,20260105,B,537299,passive_only,3497,,200,0,0,1,0,200
SH600000,20260105,B,541933,trade_only_active,,3514,0,3300,0,0,2,3300
SH600000,20260105,B,546821,trade_only_active,,3538,0,400,0,0,1,400
SH600000,20260105,B,547957,trade_only_active,,3540,0,300,0,0,1,300
SH600000,20260105,B,548028,trade_only_active,,3541,0,200,0,0,1,200
SH600000,20260105,B,553353,passive_only,3551,,4000,0,0,1,0,4000
SH600000,20260105,B,555245,trade_only_active,,3556,0,400,0,0,2,400
SH600000,20260105,B,555338,passive_only,3558,,100,0,0,1,0,100
SH600000,20260105,B,555343,passive_only,3559,,100,0,0,1,0,100
SH600000,20260105,B,556564,trade_only_active,,3562,0,4600,0,0,7,4600
SH600000,20260105,B,559934,trade_only_active,,3578,0,1000,0,0,2,1000
SH600000,20260105,B,562252,passive_only,3583,,3400,0,0,1,0,3400
SH600000,20260105,B,563078,trade_only_active,,3585,0,700,0,0,1,700
SH600000,20260105,B,563934,passive_only,3590,,800,0,0,1,0,800
SH600000,20260105,B,577743,trade_only_active,,3690,0,500,0,0,1,500
SH600000,20260105,B,578103,trade_only_active,,3702,0,100,0,0,1,100
SH600000,20260105,B,580261,trade_only_active,,3708,0,100,0,0,1,100
SH600000,20260105,B,581654,trade_only_active,,3713,0,100,0,0,1,100
SH600000,20260105,B,583240,trade_only_active,,3725,0,600,0,0,2,600
SH600000,20260105,B,585280,trade_only_active,,3736,0,5000,0,0,3,5000
SH600000,20260105,B,586694,trade_only_active,,3743,0,100,0,0,1,100
SH600000,20260105,B,589153,trade_only_active,,3755,0,100,0,0,1,100
SH600000,20260105,B,590641,passive_only,3761,,800,0,0,1,0,800
SH600000,20260105,B,590929,trade_only_active,,3764,0,700,0,0,1,700
SH600000,20260105,B,591109,trade_only_active,,3765,0,600,0,0,1,600
SH600000,20260105,B,591292,trade_only_active,,3766,0,100,0,0,1,100
SH600000,20260105,B,592790,passive_only,3774,,2000,0,0,1,0,2000
SH600000,20260105,B,597941,trade_only_active,,3784,0,800,0,0,1,800
SH600000,20260105,B,600016,trade_only_active,,3789,0,400,0,0,2,400
SH600000,20260105,B,601308,passive_only,3792,,300,0,0,1,0,300
SH600000,20260105,B,601937,trade_only_active,,3793,0,200,0,0,1,200
SH600000,20260105,B,603528,passive_only,3803,,1000,0,0,1,0,1000
SH600000,20260105,B,606777,passive_only,3815,,100,0,0,1,0,100
SH600000,20260105,B,607387,passive_only,3816,,100,0,0,1,0,100
SH600000,20260105,B,608362,passive_only,3821,,300,0,0,1,0,300
SH600000,20260105,B,609958,passive_only,3825,,1000,0,0,1,0,1000
SH600000,20260105,B,611995,passive_only,3840,,2000,0,0,1,0,2000
SH600000,20260105,B,613259,passive_only,3852,,1000,0,0,1,0,1000
SH600000,20260105,B,615091,trade_only_active,,3862,0,300,0,0,1,300
SH600000,20260105,B,617367,passive_only,3870,,3000,0,0,1,0,3000
SH600000,20260105,B,617454,trade_only_active,,3871,0,6400,0,0,4,6400
SH600000,20260105,B,618903,trade_only_active,,3878,0,400,0,0,1,400
SH600000,20260105,B,619309,passive_only,3887,,100,0,0,1,0,100
SH600000,20260105,B,620773,trade_only_active,,3893,0,900,0,0,1,900
SH600000,20260105,B,621362,passive_only,3897,,10000,0,0,1,0,10000
SH600000,20260105,B,621574,passive_only,3900,,5700,0,0,1,0,5700
SH600000,20260105,B,625226,trade_only_active,,3913,0,600,0,0,2,600
SH600000,20260105,B,627164,trade_only_active,,3920,0,1000,0,0,3,1000
SH600000,20260105,B,628912,trade_only_active,,3930,0,100,0,0,1,100
SH600000,20260105,B,630011,trade_only_active,,3933,0,300,0,0,1,300
SH600000,20260105,B,631680,trade_only_active,,3938,0,1000,0,0,1,1000
SH600000,20260105,B,632306,trade_only_active,,3941,0,5100,0,0,6,5100
SH600000,20260105,B,635471,passive_only,3952,,500,0,0,1,0,500
SH600000,20260105,B,636243,trade_only_active,,3954,0,1400,0,0,2,1400
SH600000,20260105,B,639792,trade_only_active,,3967,0,300,0,0,2,300
SH600000,20260105,B,642285,trade_only_active,,3973,0,700,0,0,3,700
SH600000,20260105,B,643569,trade_only_active,,3978,0,400,0,0,1,400
SH600000,20260105,B,645644,passive_only,3981,,500,0,0,1,0,500
SH600000,20260105,B,647047,trade_only_active,,3988,0,100,0,0,1,100
SH600000,20260105,B,647499,trade_only_active,,3990,0,900,0,0,2,900
SH600000,20260105,B,647894,trade_only_active,,3995,0,400,0,0,1,400
SH600000,20260105,B,651542,trade_only_active,,3999,0,100,0,0,1,100
SH600000,20260105,B,653285,trade_only_active,,4004,0,1000,0,0,1,1000
SH600000,20260105,B,655834,trade_only_active,,4025,0,900,0,0,3,900
SH600000,20260105,B,656064,passive_only,4028,,400,0,0,1,0,400
SH600000,20260105,B,658050,trade_only_active,,4043,0,100,0,0,1,100
SH600000,20260105,B,658093,trade_only_active,,4044,0,1900,0,0,1,1900
SH600000,20260105,B,658516,trade_only_active,,4046,0,200,0,0,1,200
SH600000,20260105,B,659363,trade_only_active,,4048,0,100,0,0,1,100
SH600000,20260105,B,662427,trade_only_active,,4054,0,1000,0,0,1,1000
SH600000,20260105,B,663253,trade_only_active,,4056,0,200,0,0,1,200
SH600000,20260105,B,664657,passive_only,4059,,100,0,0,1,0,100
SH600000,20260105,B,665920,trade_only_active,,4062,0,100,0,0,1,100
SH600000,20260105,B,666757,trade_only_active,,4064,0,200,0,0,1,200
SH600000,20260105,B,668797,trade_only_active,,4066,0,3000,0,0,1,3000
SH600000,20260105,B,670972,trade_only_active,,4069,0,4100,0,0,1,4100
SH600000,20260105,B,673294,trade_only_active,,4074,0,300,0,0,1,300
SH600000,20260105,B,673712,trade_only_active,,4081,0,800,0,0,1,800
SH600000,20260105,B,674855,trade_only_active,,4087,0,400,0,0,1,400
SH600000,20260105,B,675500,trade_only_active,,4089,0,700,0,0,1,700
SH600000,20260105,B,677672,passive_only,4095,,3600,0,0,1,0,3600
SH600000,20260105,B,680801,passive_only,4104,,5000,0,0,1,0,5000
SH600000,20260105,B,681662,trade_only_active,,4106,0,300,0,0,1,300
SH600000,20260105,B,681713,passive_only,4107,,900,0,0,1,0,900
SH600000,20260105,B,681999,passive_only,4108,,100,0,0,1,0,100
SH600000,20260105,B,685841,passive_only,4136,,200,0,0,1,0,200
SH600000,20260105,B,691399,trade_only_active,,4178,0,1000,0,0,2,1000
SH600000,20260105,B,692620,trade_only_active,,4196,0,12800,0,0,2,12800
SH600000,20260105,B,699929,trade_only_active,,4219,0,800,0,0,1,800
SH600000,20260105,B,700314,passive_only,4220,,1000,0,0,1,0,1000
SH600000,20260105,B,701434,trade_only_active,,4222,0,400,0,0,1,400
SH600000,20260105,B,715869,trade_only_active,,4283,0,100,0,0,1,100
SH600000,20260105,B,715873,trade_only_active,,4284,0,100,0,0,1,100
SH600000,20260105,B,717025,trade_only_active,,4288,0,2400,0,0,1,2400
SH600000,20260105,B,718498,passive_only,4296,,100,0,0,1,0,100
SH600000,20260105,B,719434,trade_only_active,,4313,0,800,0,0,1,800
SH600000,20260105,B,719730,trade_only_active,,4321,0,500,0,0,1,500
SH600000,20260105,B,724850,trade_only_active,,4348,0,600,0,0,1,600
SH600000,20260105,B,724851,trade_only_active,,4349,0,200,0,0,1,200
SH600000,20260105,B,730304,trade_only_active,,4361,0,1600,0,0,1,1600
SH600000,20260105,B,735774,passive_only,4380,,2800,0,0,1,0,2800
SH600000,20260105,B,738061,trade_only_active,,4390,0,100,0,0,1,100
SH600000,20260105,B,738924,trade_only_active,,4395,0,100,0,0,1,100
SH600000,20260105,B,738960,trade_only_active,,4396,0,200,0,0,1,200
SH600000,20260105,B,739302,passive_only,4397,,100,0,0,1,0,100
SH600000,20260105,B,743570,trade_only_active,,4414,0,500,0,0,1,500
SH600000,20260105,B,744436,trade_only_active,,4418,0,11100,0,0,7,11100
SH600000,20260105,B,751449,trade_only_active,,4470,0,1400,0,0,1,1400
SH600000,20260105,B,751944,passive_only,4472,,1000,0,0,1,0,1000
SH600000,20260105,B,752649,trade_only_active,,4473,0,300,0,0,1,300
SH600000,20260105,B,753085,trade_only_active,,4476,0,2100,0,0,2,2100
SH600000,20260105,B,753583,passive_only,4479,,400,0,0,1,0,400
SH600000,20260105,B,762649,trade_only_active,,4523,0,1000,0,0,2,1000
SH600000,20260105,B,763647,trade_only_active,,4529,0,100,0,0,1,100
SH600000,20260105,B,764896,trade_only_active,,4533,0,1000,0,0,1,1000
SH600000,20260105,B,765241,trade_only_active,,4535,0,100,0,0,1,100
SH600000,20260105,B,768755,trade_only_active,,4549,0,2000,0,0,2,2000
SH600000,20260105,B,772429,trade_only_active,,4574,0,400,0,0,1,400
SH600000,20260105,B,772430,posttrade_remainder,4576,4575,100,400,400,1,1,500
SH600000,20260105,B,774302,trade_only_active,,4582,0,1700,0,0,1,1700
SH600000,20260105,B,774593,trade_only_active,,4583,0,200,0,0,1,200
SH600000,20260105,B,776887,trade_only_active,,4594,0,1000,0,0,1,1000
SH600000,20260105,B,778344,trade_only_active,,4596,0,800,0,0,1,800
SH600000,20260105,B,778636,trade_only_active,,4599,0,700,0,0,1,700
SH600000,20260105,B,780606,trade_only_active,,4607,0,2200,0,0,5,2200
SH600000,20260105,B,780933,trade_only_active,,4613,0,1000,0,0,1,1000
SH600000,20260105,B,782281,trade_only_active,,4621,0,2000,0,0,1,2000
SH600000,20260105,B,782401,trade_only_active,,4623,0,700,0,0,1,700
SH600000,20260105,B,784480,trade_only_active,,4628,0,1000,0,0,5,1000
SH600000,20260105,B,785408,trade_only_active,,4636,0,1000,0,0,2,1000
SH600000,20260105,B,785991,passive_only,4641,,500,0,0,1,0,500
SH600000,20260105,B,799105,trade_only_active,,4707,0,1000,0,0,1,1000
SH600000,20260105,B,800020,trade_only_active,,4713,0,1000,0,0,2,1000
SH600000,20260105,B,800206,trade_only_active,,4715,0,700,0,0,1,700
SH600000,20260105,B,803233,trade_only_active,,4739,0,1000,0,0,1,1000
SH600000,20260105,B,805776,trade_only_active,,4752,0,100,0,0,1,100
SH600000,20260105,B,805915,passive_only,4753,,1300,0,0,1,0,1300
SH600000,20260105,B,807213,trade_only_active,,4762,0,12800,0,0,13,12800
SH600000,20260105,B,807396,passive_only,4775,,200,0,0,1,0,200
SH600000,20260105,B,815075,trade_only_active,,4808,0,1900,0,0,2,1900
SH600000,20260105,B,816763,passive_only,4825,,1000,0,0,1,0,1000
SH600000,20260105,B,822742,trade_only_active,,4862,0,1000,0,0,1,1000
SH600000,20260105,B,824106,trade_only_active,,4873,0,500,0,0,1,500
SH600000,20260105,B,826187,trade_only_active,,4889,0,500,0,0,1,500
SH600000,20260105,B,829600,passive_only,4916,,1000,0,0,1,0,1000
SH600000,20260105,B,830490,trade_only_active,,4920,0,1000,0,0,1,1000
SH600000,20260105,B,831666,trade_only_active,,4928,0,1000,0,0,1,1000
SH600000,20260105,B,834320,trade_only_active,,4938,0,100,0,0,1,100
SH600000,20260105,B,835251,trade_only_active,,4947,0,100,0,0,1,100
SH600000,20260105,B,835298,trade_only_active,,4948,0,100,0,0,1,100
SH600000,20260105,B,836299,passive_only,4952,,300,0,0,1,0,300
SH600000,20260105,B,838203,trade_only_active,,4957,0,1000,0,0,1,1000
SH600000,20260105,B,842305,trade_only_active,,4972,0,100,0,0,1,100
SH600000,20260105,B,844201,passive_only,4981,,100,0,0,1,0,100
SH600000,20260105,B,844592,trade_only_active,,4987,0,100,0,0,1,100
SH600000,20260105,B,846531,passive_only,4994,,200,0,0,1,0,200
SH600000,20260105,B,847648,passive_only,5016,,600,0,0,1,0,600
SH600000,20260105,B,847672,passive_only,5017,,800,0,0,1,0,800
SH600000,20260105,B,858335,trade_only_active,,5050,0,2300,0,0,2,2300
SH600000,20260105,B,859416,trade_only_active,,5059,0,1500,0,0,1,1500
SH600000,20260105,B,861013,trade_only_active,,5062,0,400,0,0,1,400
SH600000,20260105,B,861486,trade_only_active,,5063,0,1000,0,0,2,1000
SH600000,20260105,B,861777,passive_only,5067,,200,0,0,1,0,200
SH600000,20260105,B,861821,passive_only,5068,,600,0,0,1,0,600
SH600000,20260105,B,870177,trade_only_active,,5087,0,4000,0,0,5,4000
SH600000,20260105,B,870940,passive_only,5093,,5000,0,0,1,0,5000
SH600000,20260105,B,871104,trade_only_active,,5094,0,100,0,0,1,100
SH600000,20260105,B,872406,trade_only_active,,5097,0,300,0,0,1,300
SH600000,20260105,B,874042,trade_only_active,,5128,0,100,0,0,1,100
SH600000,20260105,B,874083,trade_only_active,,5129,0,100,0,0,1,100
SH600000,20260105,B,874084,trade_only_active,,5130,0,300,0,0,1,300
SH600000,20260105,B,874207,trade_only_active,,5134,0,300,0,0,1,300
SH600000,20260105,B,874293,trade_only_active,,5137,0,1000,0,0,1,1000
SH600000,20260105,B,874363,trade_only_active,,5140,0,15000,0,0,2,15000
SH600000,20260105,B,874618,trade_only_active,,5144,0,2000,0,0,1,2000
SH600000,20260105,B,876239,trade_only_active,,5158,0,500,0,0,1,500
SH600000,20260105,B,879299,trade_only_active,,5168,0,100,0,0,1,100
SH600000,20260105,B,884210,passive_only,5185,,200,0,0,1,0,200
SH600000,20260105,B,884224,passive_only,5187,,200,0,0,1,0,200
SH600000,20260105,B,884402,trade_only_active,,5188,0,2100,0,0,2,2100
SH600000,20260105,B,887388,trade_only_active,,5196,0,2000,0,0,1,2000
SH600000,20260105,B,889053,passive_only,5200,,200,0,0,1,0,200
SH600000,20260105,B,893052,trade_only_active,,5225,0,500,0,0,1,500
SH600000,20260105,B,898333,trade_only_active,,5247,0,40000,0,0,6,40000
SH600000,20260105,B,898657,trade_only_active,,5253,0,400,0,0,1,400
SH600000,20260105,B,899849,trade_only_active,,5294,0,200,0,0,1,200
SH600000,20260105,B,899935,trade_only_active,,5295,0,200,0,0,1,200
SH600000,20260105,B,900076,trade_only_active,,5310,0,100,0,0,1,100
SH600000,20260105,B,900083,trade_only_active,,5311,0,100,0,0,1,100
SH600000,20260105,B,900087,trade_only_active,,5312,0,300,0,0,1,300
SH600000,20260105,B,900130,trade_only_active,,5319,0,100,0,0,1,100
SH600000,20260105,B,900168,trade_only_active,,5328,0,100,0,0,1,100
SH600000,20260105,B,900170,trade_only_active,,5329,0,1700,0,0,2,1700
SH600000,20260105,B,900171,trade_only_active,,5331,0,200,0,0,1,200
SH600000,20260105,B,900210,trade_only_active,,5333,0,100,0,0,1,100
SH600000,20260105,B,900851,trade_only_active,,5354,0,1700,0,0,1,1700
SH600000,20260105,B,901045,trade_only_active,,5357,0,100,0,0,1,100
SH600000,20260105,B,901715,trade_only_active,,5358,0,100,0,0,1,100
SH600000,20260105,B,908696,trade_only_active,,5374,0,1700,0,0,1,1700
SH600000,20260105,B,914197,trade_only_active,,5397,0,100,0,0,1,100
SH600000,20260105,B,914644,trade_only_active,,5399,0,1700,0,0,2,1700
SH600000,20260105,B,920501,trade_only_active,,5429,0,500,0,0,1,500
SH600000,20260105,B,923067,passive_only,5439,,200,0,0,1,0,200
SH600000,20260105,B,924917,passive_only,5449,,1200,0,0,1,0,1200
SH600000,20260105,B,924944,passive_only,5463,,2500,0,0,1,0,2500
SH600000,20260105,B,924965,passive_only,5465,,20100,0,0,1,0,20100
SH600000,20260105,B,924984,posttrade_remainder,5471,5466,3300,7600,7600,1,5,10900
SH600000,20260105,B,924985,passive_only,5472,,8600,0,0,1,0,8600
SH600000,20260105,B,924997,passive_only,5473,,2700,0,0,1,0,2700
SH600000,20260105,B,924998,passive_only,5474,,2100,0,0,1,0,2100
SH600000,20260105,B,925000,passive_only,5475,,2300,0,0,1,0,2300
SH600000,20260105,B,925001,passive_only,5476,,2200,0,0,1,0,2200
SH600000,20260105,B,925002,passive_only,5477,,17900,0,0,1,0,17900
SH600000,20260105,B,925004,passive_only,5478,,1400,0,0,1,0,1400
SH600000,20260105,B,925005,passive_only,5479,,2400,0,0,1,0,2400
SH600000,20260105,B,925007,passive_only,5480,,2900,0,0,1,0,2900
SH600000,20260105,B,925014,passive_only,5481,,4100,0,0,1,0,4100
SH600000,20260105,B,925017,passive_only,5482,,3800,0,0,1,0,3800
SH600000,20260105,B,925019,passive_only,5483,,31500,0,0,1,0,31500
SH600000,20260105,B,925020,passive_only,5484,,4600,0,0,1,0,4600
SH600000,20260105,B,925378,passive_only,5497,,600,0,0,1,0,600
SH600000,20260105,B,925385,passive_only,5498,,3500,0,0,1,0,3500
SH600000,20260105,B,925413,passive_only,5501,,20200,0,0,1,0,20200
SH600000,20260105,B,925428,passive_only,5504,,20200,0,0,1,0,20200
SH600000,20260105,B,925451,passive_only,5506,,600,0,0,1,0,600
SH600000,20260105,B,925453,passive_only,5507,,600,0,0,1,0,600
SH600000,20260105,B,925545,passive_only,5510,,100,0,0,1,0,100
SH600000,20260105,B,929742,trade_only_active,,5538,0,100,0,0,1,100
SH600000,20260105,B,930094,passive_only,5541,,200,0,0,1,0,200
SH600000,20260105,B,930119,passive_only,5544,,200,0,0,1,0,200
SH600000,20260105,B,930495,passive_only,5548,,100,0,0,1,0,100
SH600000,20260105,B,931664,passive_only,5552,,17000,0,0,1,0,17000
SH600000,20260105,B,931668,passive_only,5553,,4700,0,0,1,0,4700
SH600000,20260105,B,931678,passive_only,5554,,3900,0,0,1,0,3900
SH600000,20260105,B,931685,passive_only,5555,,5500,0,0,1,0,5500
SH600000,20260105,B,931688,passive_only,5556,,11400,0,0,1,0,11400
SH600000,20260105,B,931775,passive_only,5558,,11100,0,0,1,0,11100
SH600000,20260105,B,932976,passive_only,5564,,100,0,0,1,0,100
SH600000,20260105,B,932993,trade_only_active,,5565,0,400,0,0,3,400
SH600000,20260105,B,933619,trade_only_active,,5569,0,700,0,0,2,700
SH600000,20260105,B,933784,trade_only_active,,5573,0,100,0,0,1,100
SH600000,20260105,B,934214,trade_only_active,,5576,0,100,0,0,1,100
SH600000,20260105,B,935986,passive_only,5581,,1000,0,0,1,0,1000
SH600000,20260105,B,937085,trade_only_active,,5587,0,10000,0,0,5,10000
SH600000,20260105,B,938590,trade_only_active,,5607,0,1000,0,0,2,1000
SH600000,20260105,B,940415,trade_only_active,,5614,0,2300,0,0,3,2300
SH600000,20260105,B,940416,trade_only_active,,5617,0,400,0,0,1,400
SH600000,20260105,B,940956,passive_only,5618,,200,0,0,1,0,200
SH600000,20260105,B,941091,trade_only_active,,5619,0,7700,0,0,6,7700
SH600000,20260105,B,942139,trade_only_active,,5627,0,5400,0,0,4,5400
SH600000,20260105,B,943682,passive_only,5637,,800,0,0,1,0,800
SH600000,20260105,B,944750,passive_only,5646,,100,0,0,1,0,100
SH600000,20260105,B,944768,passive_only,5647,,1700,0,0,1,0,1700
SH600000,20260105,B,944769,passive_only,5648,,1200,0,0,1,0,1200
SH600000,20260105,B,944770,passive_only,5649,,900,0,0,1,0,900
SH600000,20260105,B,945613,passive_only,5652,,100,0,0,1,0,100
SH600000,20260105,B,945621,passive_only,5653,,100,0,0,1,0,100
SH600000,20260105,B,945631,trade_only_active,,5654,0,100,0,0,1,100
SH600000,20260105,B,946623,passive_only,5656,,100,0,0,1,0,100
SH600000,20260105,B,946764,trade_only_active,,5658,0,100,0,0,1,100
SH600000,20260105,B,948484,trade_only_active,,5669,0,100,0,0,1,100
SH600000,20260105,B,949739,passive_only,5679,,200,0,0,1,0,200
SH600000,20260105,B,949742,passive_only,5680,,100,0,0,1,0,100
SH600000,20260105,B,949747,passive_only,5681,,400,0,0,1,0,400
SH600000,20260105,B,949749,passive_only,5682,,200,0,0,1,0,200
SH600000,20260105,B,949764,passive_only,5684,,200,0,0,1,0,200
SH600000,20260105,B,949768,passive_only,5685,,200,0,0,1,0,200
SH600000,20260105,B,949805,passive_only,5686,,200,0,0,1,0,200
SH600000,20260105,B,950725,passive_only,5698,,400,0,0,1,0,400
SH600000,20260105,B,951212,passive_only,5699,,400,0,0,1,0,400
SH600000,20260105,B,951244,passive_only,5701,,300,0,0,1,0,300
SH600000,20260105,B,953331,passive_only,5707,,700,0,0,1,0,700
SH600000,20260105,B,953776,passive_only,5708,,100,0,0,1,0,100
SH600000,20260105,B,956218,passive_only,5737,,300,0,0,1,0,300
SH600000,20260105,B,956589,passive_only,5739,,1400,0,0,1,0,1400
SH600000,20260105,B,959765,trade_only_active,,5749,0,500,0,0,1,500
SH600000,20260105,B,960573,trade_only_active,,5751,0,200,0,0,1,200
SH600000,20260105,B,960878,passive_only,5752,,200,0,0,1,0,200
SH600000,20260105,B,961707,trade_only_active,,5757,0,100,0,0,1,100
SH600000,20260105,B,961879,trade_only_active,,5760,0,100,0,0,1,100
SH600000,20260105,B,961899,trade_only_active,,5761,0,200,0,0,1,200
SH600000,20260105,B,962250,trade_only_active,,5763,0,200,0,0,1,200
SH600000,20260105,B,962258,trade_only_active,,5764,0,2000,0,0,3,2000
SH600000,20260105,B,962275,trade_only_active,,5767,0,100,0,0,1,100
SH600000,20260105,B,964796,trade_only_active,,5775,0,1700,0,0,2,1700
SH600000,20260105,B,968398,passive_only,5791,,100,0,0,1,0,100
SH600000,20260105,B,969928,trade_only_active,,5796,0,500,0,0,1,500
SH600000,20260105,B,970605,passive_only,5800,,200,0,0,1,0,200
SH600000,20260105,B,971223,passive_only,5806,,400,0,0,1,0,400
SH600000,20260105,B,972549,trade_only_active,,5811,0,100,0,0,1,100
SH600000,20260105,B,972558,trade_only_active,,5812,0,300,0,0,1,300
SH600000,20260105,B,972675,trade_only_active,,5813,0,100,0,0,1,100
SH600000,20260105,B,973571,trade_only_active,,5814,0,20200,0,0,2,20200
SH600000,20260105,B,973575,trade_only_active,,5817,0,27000,0,0,10,27000
SH600000,20260105,B,973579,trade_only_active,,5827,0,1600,0,0,3,1600
SH600000,20260105,B,973583,passive_only,5830,,1400,0,0,1,0,1400
SH600000,20260105,B,973584,passive_only,5831,,6400,0,0,1,0,6400
SH600000,20260105,B,973585,passive_only,5832,,1600,0,0,1,0,1600
SH600000,20260105,B,973592,passive_only,5833,,4400,0,0,1,0,4400
SH600000,20260105,B,973593,passive_only,5834,,4100,0,0,1,0,4100
SH600000,20260105,B,973594,passive_only,5835,,200,0,0,1,0,200
SH600000,20260105,B,973599,passive_only,5836,,4400,0,0,1,0,4400
SH600000,20260105,B,973606,passive_only,5837,,200,0,0,1,0,200
SH600000,20260105,B,973641,passive_only,5838,,800,0,0,1,0,800
SH600000,20260105,B,973651,passive_only,5839,,100,0,0,1,0,100
SH600000,20260105,B,973671,trade_only_active,,5840,0,800,0,0,1,800
SH600000,20260105,B,973673,passive_only,5841,,100,0,0,1,0,100
SH600000,20260105,B,973687,passive_only,5843,,12600,0,0,1,0,12600
SH600000,20260105,B,973781,passive_only,5845,,3900,0,0,1,0,3900
SH600000,20260105,B,973782,passive_only,5846,,2200,0,0,1,0,2200
SH600000,20260105,B,973783,passive_only,5847,,2800,0,0,1,0,2800
SH600000,20260105,B,973792,passive_only,5848,,55300,0,0,1,0,55300
SH600000,20260105,B,973794,passive_only,5849,,10000,0,0,1,0,10000
SH600000,20260105,B,973795,passive_only,5850,,6000,0,0,1,0,6000
SH600000,20260105,B,973810,passive_only,5851,,2400,0,0,1,0,2400
SH600000,20260105,B,973826,passive_only,5852,,1500,0,0,1,0,1500
SH600000,20260105,B,973829,passive_only,5853,,1800,0,0,1,0,1800
SH600000,20260105,B,973838,passive_only,5854,,16900,0,0,1,0,16900
SH600000,20260105,B,973887,passive_only,5855,,1700,0,0,1,0,1700
SH600000,20260105,B,973908,passive_only,5857,,5100,0,0,1,0,5100
SH600000,20260105,B,973925,passive_only,5858,,600,0,0,1,0,600
SH600000,20260105,B,973938,passive_only,5860,,12700,0,0,1,0,12700
SH600000,20260105,B,974082,passive_only,5867,,1400,0,0,1,0,1400
SH600000,20260105,B,974319,passive_only,5868,,2800,0,0,1,0,2800
SH600000,20260105,B,974399,passive_only,5869,,200,0,0,1,0,200
SH600000,20260105,B,974521,passive_only,5870,,200,0,0,1,0,200
SH600000,20260105,B,974579,passive_only,5871,,2600,0,0,1,0,2600
SH600000,20260105,B,975906,passive_only,5874,,6900,0,0,1,0,6900
SH600000,20260105,B,976183,passive_only,5876,,55300,0,0,1,0,55300
SH600000,20260105,B,977233,passive_only,5881,,500,0,0,1,0,500
SH600000,20260105,B,977234,passive_only,5882,,600,0,0,1,0,600
SH600000,20260105,B,977236,passive_only,5883,,900,0,0,1,0,900
SH600000,20260105,B,978456,passive_only,5884,,100,0,0,1,0,100
SH600000,20260105,B,979424,trade_only_active,,5887,0,200,0,0,1,200
SH600000,20260105,B,979434,trade_only_active,,5888,0,100,0,0,1,100
SH600000,20260105,B,979492,trade_only_active,,5889,0,100,0,0,1,100
SH600000,20260105,B,979967,passive_only,5899,,100,0,0,1,0,100
SH600000,20260105,B,980375,trade_only_active,,5902,0,10000,0,0,19,10000
SH600000,20260105,B,981690,trade_only_active,,5925,0,200,0,0,1,200
SH600000,20260105,B,981696,trade_only_active,,5926,0,100,0,0,1,100
SH600000,20260105,B,981933,passive_only,5928,,3900,0,0,1,0,3900
SH600000,20260105,B,982054,passive_only,5930,,100,0,0,1,0,100
SH600000,20260105,B,982161,passive_only,5931,,600,0,0,1,0,600
SH600000,20260105,B,982222,passive_only,5932,,600,0,0,1,0,600
SH600000,20260105,B,982268,passive_only,5933,,100,0,0,1,0,100
SH600000,20260105,B,982792,trade_only_active,,5939,0,100,0,0,1,100
SH600000,20260105,B,983705,passive_only,5945,,500,0,0,1,0,500
SH600000,20260105,B,985038,trade_only_active,,5948,0,100,0,0,1,100
SH600000,20260105,B,988139,posttrade_remainder,5963,5962,600,200,200,1,1,800
SH600000,20260105,B,988718,passive_only,5967,,1100,0,0,1,0,1100
SH600000,20260105,B,990284,passive_only,5968,,73500,0,0,1,0,73500
SH600000,20260105,B,990771,trade_only_active,,5976,0,3900,0,0,2,3900
SH600000,20260105,B,991101,posttrade_remainder,5998,5978,5000,15000,15000,1,20,20000
SH600000,20260105,B,992306,passive_only,6003,,14900,0,0,1,0,14900
SH600000,20260105,B,992383,trade_only_active,,6004,0,900,0,0,3,900
SH600000,20260105,B,993007,passive_only,6009,,1000,0,0,1,0,1000
SH600000,20260105,B,993922,trade_only_active,,6013,0,100,0,0,1,100
SH600000,20260105,B,993925,trade_only_active,,6014,0,100,0,0,1,100
SH600000,20260105,B,993931,trade_only_active,,6015,0,100,0,0,1,100
SH600000,20260105,B,994233,passive_only,6016,,11000,0,0,1,0,11000
SH600000,20260105,B,995045,trade_only_active,,6017,0,100,0,0,1,100
SH600000,20260105,B,995046,trade_only_active,,6018,0,300,0,0,2,300
SH600000,20260105,B,995052,trade_only_active,,6020,0,100,0,0,1,100
SH600000,20260105,B,995055,trade_only_active,,6021,0,100,0,0,1,100
SH600000,20260105,B,995057,trade_only_active,,6022,0,400,0,0,2,400
SH600000,20260105,B,996200,trade_only_active,,6028,0,100,0,0,1,100
SH600000,20260105,B,996201,trade_only_active,,6029,0,100,0,0,1,100
SH600000,20260105,B,998713,passive_only,6038,,2800,0,0,1,0,2800
SH600000,20260105,B,998715,passive_only,6039,,1700,0,0,1,0,1700
SH600000,20260105,B,998716,passive_only,6040,,2900,0,0,1,0,2900
SH600000,20260105,B,998720,passive_only,6041,,2800,0,0,1,0,2800
SH600000,20260105,B,998722,passive_only,6042,,2900,0,0,1,0,2900
SH600000,20260105,B,998723,passive_only,6043,,100,0,0,1,0,100
SH600000,20260105,B,998727,passive_only,6044,,100,0,0,1,0,100
SH600000,20260105,B,998729,passive_only,6045,,2800,0,0,1,0,2800
SH600000,20260105,B,998732,passive_only,6046,,2900,0,0,1,0,2900
SH600000,20260105,B,998735,passive_only,6047,,2900,0,0,1,0,2900
SH600000,20260105,B,998770,passive_only,6050,,2800,0,0,1,0,2800
SH600000,20260105,B,998777,passive_only,6051,,2800,0,0,1,0,2800
SH600000,20260105,B,998794,passive_only,6052,,1200,0,0,1,0,1200
SH600000,20260105,B,998795,passive_only,6053,,2800,0,0,1,0,2800
SH600000,20260105,B,999044,passive_only,6055,,100,0,0,1,0,100
SH600000,20260105,B,999055,passive_only,6056,,100,0,0,1,0,100
SH600000,20260105,B,999072,passive_only,6057,,200,0,0,1,0,200
SH600000,20260105,B,999262,passive_only,6061,,1400,0,0,1,0,1400
SH600000,20260105,B,1000823,passive_only,6077,,200,0,0,1,0,200
SH600000,20260105,B,1001393,passive_only,6078,,500,0,0,1,0,500
SH600000,20260105,B,1001396,passive_only,6079,,600,0,0,1,0,600
SH600000,20260105,B,1002001,passive_only,6080,,300,0,0,1,0,300
SH600000,20260105,B,1005370,passive_only,6087,,200,0,0,1,0,200
SH600000,20260105,B,1005580,passive_only,6089,,100,0,0,1,0,100
SH600000,20260105,B,1005738,passive_only,6090,,3000,0,0,1,0,3000
SH600000,20260105,B,1005770,passive_only,6091,,1000,0,0,1,0,1000
SH600000,20260105,B,1009114,trade_only_active,,6105,0,500,0,0,2,500
SH600000,20260105,B,1009608,passive_only,6107,,1000,0,0,1,0,1000
SH600000,20260105,B,1009925,passive_only,6108,,1000,0,0,1,0,1000
SH600000,20260105,B,1010247,passive_only,6109,,300,0,0,1,0,300
SH600000,20260105,B,1010282,passive_only,6110,,400,0,0,1,0,400
SH600000,20260105,B,1010676,passive_only,6112,,5800,0,0,1,0,5800
SH600000,20260105,B,1010867,passive_only,6116,,100,0,0,1,0,100
SH600000,20260105,B,1013888,trade_only_active,,6124,0,900,0,0,1,900
SH600000,20260105,B,1014595,trade_only_active,,6127,0,100,0,0,1,100
SH600000,20260105,B,1014621,trade_only_active,,6128,0,900,0,0,2,900
SH600000,20260105,B,1015053,passive_only,6130,,1600,0,0,1,0,1600
SH600000,20260105,B,1016037,passive_only,6138,,600,0,0,1,0,600
SH600000,20260105,B,1016483,passive_only,6139,,1000,0,0,1,0,1000
SH600000,20260105,B,1016991,passive_only,6142,,100,0,0,1,0,100
SH600000,20260105,B,1017406,trade_only_active,,6143,0,3000,0,0,2,3000
SH600000,20260105,B,1017568,passive_only,6146,,3600,0,0,1,0,3600
SH600000,20260105,B,1017785,trade_only_active,,6147,0,600,0,0,1,600
SH600000,20260105,B,1017897,trade_only_active,,6148,0,600,0,0,1,600
SH600000,20260105,B,1018887,trade_only_active,,6150,0,100,0,0,1,100
SH600000,20260105,B,1018919,trade_only_active,,6151,0,200,0,0,1,200
SH600000,20260105,B,1018924,trade_only_active,,6152,0,200,0,0,1,200
SH600000,20260105,B,1019124,passive_only,6154,,100,0,0,1,0,100
SH600000,20260105,B,1019836,passive_only,6157,,500,0,0,1,0,500
SH600000,20260105,B,1021614,trade_only_active,,6168,0,500,0,0,1,500
SH600000,20260105,B,1021615,trade_only_active,,6169,0,600,0,0,1,600
SH600000,20260105,B,1021658,trade_only_active,,6170,0,500,0,0,1,500
SH600000,20260105,B,1021669,trade_only_active,,6171,0,400,0,0,1,400
SH600000,20260105,B,1021857,passive_only,6179,,1400,0,0,1,0,1400
SH600000,20260105,B,1022048,passive_only,6183,,100,0,0,1,0,100
SH600000,20260105,B,1022213,passive_only,6188,,800,0,0,1,0,800
SH600000,20260105,B,1022824,passive_only,6189,,11100,0,0,1,0,11100
SH600000,20260105,B,1023219,passive_only,6190,,500,0,0,1,0,500
SH600000,20260105,B,1023366,passive_only,6191,,200,0,0,1,0,200
SH600000,20260105,B,1024813,passive_only,6200,,100,0,0,1,0,100
SH600000,20260105,B,1025365,trade_only_active,,6203,0,4100,0,0,8,4100
SH600000,20260105,B,1025470,trade_only_active,,6211,0,300,0,0,1,300
SH600000,20260105,B,1025737,passive_only,6212,,10000,0,0,1,0,10000
SH600000,20260105,B,1028040,trade_only_active,,6219,0,1300,0,0,1,1300
SH600000,20260105,B,1028047,trade_only_active,,6220,0,900,0,0,4,900
SH600000,20260105,B,1028280,passive_only,6226,,300,0,0,1,0,300
SH600000,20260105,B,1028465,passive_only,6227,,1000,0,0,1,0,1000
SH600000,20260105,B,1028628,passive_only,6228,,500,0,0,1,0,500
SH600000,20260105,B,1029176,passive_only,6229,,1000,0,0,1,0,1000
SH600000,20260105,B,1029620,passive_only,6231,,2000,0,0,1,0,2000
SH600000,20260105,B,1029764,passive_only,6233,,1500,0,0,1,0,1500
SH600000,20260105,B,1032333,passive_only,6247,,600,0,0,1,0,600
SH600000,20260105,B,1033883,passive_only,6252,,100,0,0,1,0,100
SH600000,20260105,B,1034301,passive_only,6255,,2200,0,0,1,0,2200
SH600000,20260105,B,1034404,passive_only,6256,,1500,0,0,1,0,1500
SH600000,20260105,B,1035741,trade_only_active,,6264,0,1000,0,0,1,1000
SH600000,20260105,B,1036898,passive_only,6266,,1200,0,0,1,0,1200
SH600000,20260105,B,1039607,passive_only,6274,,5000,0,0,1,0,5000
SH600000,20260105,B,1041842,trade_only_active,,6285,0,2500,0,0,1,2500
SH600000,20260105,B,1042024,passive_only,6286,,2400,0,0,1,0,2400
SH600000,20260105,B,1042923,passive_only,6289,,200,0,0,1,0,200
SH600000,20260105,B,1043150,passive_only,6290,,100,0,0,1,0,100
SH600000,20260105,B,1043544,trade_only_active,,6295,0,100,0,0,1,100
SH600000,20260105,B,1043574,trade_only_active,,6296,0,100,0,0,1,100
SH600000,20260105,B,1043797,passive_only,6298,,200,0,0,1,0,200
SH600000,20260105,B,1043958,trade_only_active,,6301,0,200,0,0,1,200
SH600000,20260105,B,1044133,passive_only,6303,,500,0,0,1,0,500
SH600000,20260105,B,1044349,trade_only_active,,6305,0,400,0,0,1,400
SH600000,20260105,B,1044380,trade_only_active,,6306,0,300,0,0,1,300
SH600000,20260105,B,1045022,passive_only,6308,,3000,0,0,1,0,3000
SH600000,20260105,B,1045238,passive_only,6310,,200,0,0,1,0,200
SH600000,20260105,B,1046345,passive_only,6314,,300,0,0,1,0,300
SH600000,20260105,B,1046779,passive_only,6317,,500,0,0,1,0,500
SH600000,20260105,B,1046780,passive_only,6318,,100,0,0,1,0,100
SH600000,20260105,B,1046784,passive_only,6319,,100,0,0,1,0,100
SH600000,20260105,B,1046794,passive_only,6320,,300,0,0,1,0,300
SH600000,20260105,B,1046804,passive_only,6321,,300,0,0,1,0,300
SH600000,20260105,B,1046810,passive_only,6322,,200,0,0,1,0,200
SH600000,20260105,B,1046811,passive_only,6323,,100,0,0,1,0,100
SH600000,20260105,B,1046818,passive_only,6324,,400,0,0,1,0,400
SH600000,20260105,B,1046825,passive_only,6325,,100,0,0,1,0,100
SH600000,20260105,B,1046827,passive_only,6326,,400,0,0,1,0,400
SH600000,20260105,B,1046829,passive_only,6327,,400,0,0,1,0,400
SH600000,20260105,B,1046835,passive_only,6328,,100,0,0,1,0,100
SH600000,20260105,B,1046840,passive_only,6329,,400,0,0,1,0,400
SH600000,20260105,B,1046841,passive_only,6330,,100,0,0,1,0,100
SH600000,20260105,B,1046848,passive_only,6331,,300,0,0,1,0,300
SH600000,20260105,B,1046851,passive_only,6332,,100,0,0,1,0,100
SH600000,20260105,B,1047056,trade_only_active,,6333,0,3100,0,0,2,3100
SH600000,20260105,B,1047277,passive_only,6337,,100,0,0,1,0,100
SH600000,20260105,B,1047849,posttrade_remainder,6343,6342,200,100,100,1,1,300
SH600000,20260105,B,1048275,passive_only,6346,,100,0,0,1,0,100
SH600000,20260105,B,1048467,trade_only_active,,6348,0,100,0,0,1,100
SH600000,20260105,B,1051733,trade_only_active,,6366,0,700,0,0,3,700
SH600000,20260105,B,1055005,passive_only,6377,,200,0,0,1,0,200
SH600000,20260105,B,1055265,passive_only,6379,,300,0,0,1,0,300
SH600000,20260105,B,1058277,passive_only,6392,,200,0,0,1,0,200
SH600000,20260105,B,1058813,trade_only_active,,6394,0,4100,0,0,2,4100
SH600000,20260105,B,1060338,passive_only,6410,,10000,0,0,1,0,10000
SH600000,20260105,B,1060488,passive_only,6411,,2000,0,0,1,0,2000
SH600000,20260105,B,1060726,passive_only,6414,,600,0,0,1,0,600
SH600000,20260105,B,1061137,passive_only,6415,,100,0,0,1,0,100
SH600000,20260105,B,1061138,passive_only,6416,,700,0,0,1,0,700
SH600000,20260105,B,1064234,trade_only_active,,6429,0,100,0,0,1,100
SH600000,20260105,B,1064235,trade_only_active,,6430,0,100,0,0,1,100
SH600000,20260105,B,1064249,trade_only_active,,6432,0,600,0,0,1,600
SH600000,20260105,B,1064662,trade_only_active,,6438,0,100,0,0,1,100
SH600000,20260105,B,1064906,trade_only_active,,6441,0,3800,0,0,4,3800
SH600000,20260105,B,1068756,trade_only_active,,6456,0,300,0,0,1,300
SH600000,20260105,B,1068778,trade_only_active,,6457,0,500,0,0,1,500
SH600000,20260105,B,1076457,trade_only_active,,6484,0,200,0,0,1,200
SH600000,20260105,B,1079834,trade_only_active,,6504,0,900,0,0,1,900
SH600000,20260105,B,1081272,trade_only_active,,6505,0,100,0,0,1,100
SH600000,20260105,B,1082438,trade_only_active,,6508,0,400,0,0,1,400
SH600000,20260105,B,1083836,trade_only_active,,6510,0,500,0,0,2,500
SH600000,20260105,B,1084765,trade_only_active,,6517,0,300,0,0,1,300
SH600000,20260105,B,1084810,trade_only_active,,6518,0,5300,0,0,4,5300
SH600000,20260105,B,1085224,trade_only_active,,6524,0,100,0,0,1,100
SH600000,20260105,B,1085295,posttrade_remainder,6528,6527,1200,400,400,1,1,1600
SH600000,20260105,B,1085519,trade_only_active,,6536,0,300,0,0,1,300
SH600000,20260105,B,1085537,trade_only_active,,6537,0,400,0,0,1,400
SH600000,20260105,B,1085541,trade_only_active,,6538,0,1500,0,0,1,1500
SH600000,20260105,B,1085544,trade_only_active,,6539,0,100,0,0,1,100
SH600000,20260105,B,1085546,trade_only_active,,6540,0,100,0,0,1,100
SH600000,20260105,B,1085547,trade_only_active,,6541,0,100,0,0,1,100
SH600000,20260105,B,1085550,trade_only_active,,6542,0,100,0,0,1,100
SH600000,20260105,B,1085732,trade_only_active,,6543,0,800,0,0,1,800
SH600000,20260105,B,1086857,trade_only_active,,6563,0,900,0,0,1,900
SH600000,20260105,B,1086858,trade_only_active,,6564,0,2300,0,0,2,2300
SH600000,20260105,B,1090225,trade_only_active,,6575,0,4800,0,0,3,4800
SH600000,20260105,B,1090554,trade_only_active,,6581,0,500,0,0,1,500
SH600000,20260105,B,1091768,trade_only_active,,6586,0,1600,0,0,1,1600
SH600000,20260105,B,1092155,trade_only_active,,6588,0,500,0,0,2,500
SH600000,20260105,B,1094553,trade_only_active,,6602,0,300,0,0,1,300
SH600000,20260105,B,1099706,trade_only_active,,6612,0,1400,0,0,1,1400
SH600000,20260105,B,1102492,trade_only_active,,6622,0,2000,0,0,3,2000
SH600000,20260105,B,1111183,trade_only_active,,6644,0,300,0,0,1,300
SH600000,20260105,B,1112679,trade_only_active,,6648,0,500,0,0,1,500
SH600000,20260105,B,1113194,posttrade_remainder,6654,6651,8100,4800,4800,1,3,12900
SH600000,20260105,B,1115014,trade_only_active,,6658,0,11300,0,0,5,11300
SH600000,20260105,B,1115015,posttrade_remainder,6667,6664,5500,3400,3400,1,3,8900
SH600000,20260105,B,1118187,trade_only_active,,6706,0,1000,0,0,3,1000
SH600000,20260105,B,1118985,trade_only_active,,6711,0,500,0,0,1,500
SH600000,20260105,B,1122475,trade_only_active,,6727,0,10000,0,0,14,10000
SH600000,20260105,B,1128554,trade_only_active,,6764,0,2000,0,0,1,2000
SH600000,20260105,B,1132488,trade_only_active,,6781,0,7800,0,0,10,7800
SH600000,20260105,B,1139522,trade_only_active,,6880,0,13000,0,0,3,13000
SH600000,20260105,B,1145777,trade_only_active,,6914,0,3400,0,0,10,3400
SH600000,20260105,B,1146877,trade_only_active,,6932,0,9100,0,0,10,9100
SH600000,20260105,B,1159006,trade_only_active,,6990,0,100,0,0,1,100
SH600000,20260105,B,1159781,trade_only_active,,7050,0,17600,0,0,13,17600
SH600000,20260105,B,1165270,posttrade_remainder,7091,7087,500,1900,1900,1,4,2400
SH600000,20260105,B,1165544,trade_only_active,,7092,0,4900,0,0,4,4900
SH600000,20260105,B,1165552,trade_only_active,,7096,0,4600,0,0,3,4600
SH600000,20260105,B,1170064,trade_only_active,,7108,0,100,0,0,1,100
SH600000,20260105,B,1179332,trade_only_active,,7141,0,600,0,0,1,600
SH600000,20260105,B,1179334,trade_only_active,,7142,0,1400,0,0,1,1400
SH600000,20260105,B,1179335,trade_only_active,,7143,0,7500,0,0,4,7500
SH600000,20260105,B,1179343,posttrade_remainder,7150,7148,3600,1100,1100,1,2,4700
SH600000,20260105,B,1188259,trade_only_active,,7250,0,4900,0,0,7,4900
SH600000,20260105,B,1196904,trade_only_active,,7353,0,200,0,0,1,200
SH600000,20260105,B,1199140,trade_only_active,,7360,0,6500,0,0,1,6500
SH600000,20260105,B,1199143,trade_only_active,,7361,0,300,0,0,1,300
SH600000,20260105,B,1199168,trade_only_active,,7362,0,300,0,0,1,300
SH600000,20260105,B,1199291,trade_only_active,,7363,0,2200,0,0,1,2200
SH600000,20260105,B,1199293,trade_only_active,,7364,0,1100,0,0,1,1100
SH600000,20260105,B,1199325,trade_only_active,,7365,0,9800,0,0,1,9800
SH600000,20260105,B,1207265,posttrade_remainder,7424,7423,2500,500,500,1,1,3000
SH600000,20260105,B,1208603,posttrade_remainder,7432,7427,2500,24500,24500,1,5,27000
SH600000,20260105,B,1217926,posttrade_remainder,7464,7463,300,3600,3600,1,1,3900
SH600000,20260105,B,1281869,posttrade_remainder,7856,7847,5700,5400,5400,1,9,11100
SH600000,20260105,B,1324923,posttrade_remainder,8054,8052,700,400,400,1,2,1100
SH600000,20260105,B,1329105,posttrade_remainder,8088,8087,3700,1300,1300,1,1,5000
SH600000,20260105,B,1338061,posttrade_remainder,8102,8101,700,1100,1100,1,1,1800
SH600000,20260105,B,1341835,posttrade_remainder,8119,8118,4300,1000,1000,1,1,5300
SH600000,20260105,B,1343440,posttrade_remainder,8135,8131,300,2400,2400,1,4,2700
SH600000,20260105,B,1371243,posttrade_remainder,8299,8294,7100,6500,6500,1,5,13600
SH600000,20260105,B,1374781,posttrade_remainder,8323,8322,200,700,700,1,1,900
SH600000,20260105,B,1375624,posttrade_remainder,8342,8341,100,100,100,1,1,200
SH600000,20260105,B,1456847,posttrade_remainder,8642,8632,9600,69600,69600,1,10,79200
SH600000,20260105,B,1458024,posttrade_remainder,8649,8647,300,200,200,1,2,500
SH600000,20260105,B,1472759,posttrade_remainder,8699,8689,3200,14400,14400,1,10,17600
SH600000,20260105,B,1699811,posttrade_remainder,9365,9364,100,200,200,1,1,300
SH600000,20260105,B,1745548,posttrade_remainder,9511,9510,1800,400,400,1,1,2200
SH600000,20260105,B,1780288,posttrade_remainder,9698,9691,4500,3400,3400,1,7,7900
SH600000,20260105,B,1799061,posttrade_remainder,9840,9828,86780,34220,34220,1,12,121000
SH600000,20260105,B,1813464,posttrade_remainder,9863,9860,3300,1300,1300,1,3,4600
SH600000,20260105,B,1820550,posttrade_remainder,9940,9938,1100,200,200,1,2,1300
SH600000,20260105,B,1823952,posttrade_remainder,9952,9951,600,200,200,1,1,800
SH600000,20260105,B,1830414,posttrade_remainder,9995,9994,600,400,400,1,1,1000
SH600000,20260105,B,1915386,posttrade_remainder,10523,10508,16580,42620,42620,1,15,59200
SH600000,20260105,B,1922496,posttrade_remainder,10544,10543,42300,7700,7700,1,1,50000
SH600000,20260105,B,2079643,posttrade_remainder,11347,11331,8100,34900,34900,1,16,43000
SH600000,20260105,B,2094832,posttrade_remainder,11412,11411,400,2300,2300,1,1,2700
SH600000,20260105,B,2096387,posttrade_remainder,11451,11435,8100,31300,31300,1,16,39400
SH600000,20260105,B,2149459,posttrade_remainder,11678,11671,4500,3100,3100,1,7,7600
SH600000,20260105,B,2198115,posttrade_remainder,11879,11869,3400,16100,16100,1,10,19500
SH600000,20260105,B,2211633,posttrade_remainder,11949,11945,1100,1900,1900,1,4,3000
SH600000,20260105,B,2286388,posttrade_remainder,12226,12225,1200,4700,4700,1,1,5900
SH600000,20260105,B,2300678,posttrade_remainder,12325,12323,600,200,200,1,2,800
SH600000,20260105,B,2332516,posttrade_remainder,12449,12448,1300,200,200,1,1,1500
SH600000,20260105,B,2338419,posttrade_remainder,12471,12457,43900,15500,15500,1,14,59400
SH600000,20260105,B,2367453,posttrade_remainder,12590,12584,10300,7400,7400,1,6,17700
SH600000,20260105,B,2378799,posttrade_remainder,12631,12629,7400,10100,10100,1,2,17500
SH600000,20260105,B,2389303,posttrade_remainder,12662,12660,3500,500,500,1,2,4000
SH600000,20260105,B,2431915,posttrade_remainder,12773,12772,4800,200,200,1,1,5000
SH600000,20260105,B,2441118,posttrade_remainder,12804,12802,800,200,200,1,2,1000
SH600000,20260105,B,2495084,posttrade_remainder,12962,12961,3300,200,200,1,1,3500
SH600000,20260105,B,2566259,posttrade_remainder,13117,13111,14100,5900,5900,1,6,20000
SH600000,20260105,B,2602723,posttrade_remainder,13201,13195,4800,4000,4000,1,6,8800
SH600000,20260105,B,2603805,posttrade_remainder,13216,13215,4200,200,200,1,1,4400
SH600000,20260105,B,2693735,posttrade_remainder,13398,13396,400,400,400,1,2,800
SH600000,20260105,B,2770853,posttrade_remainder,13553,13548,3100,5000,5000,1,5,8100
SH600000,20260105,B,2781516,posttrade_remainder,13606,13603,2400,1100,1100,1,3,3500
SH600000,20260105,B,2791959,posttrade_remainder,13760,13759,1800,1900,1900,1,1,3700
SH600000,20260105,B,2818488,posttrade_remainder,13992,13990,2000,300,300,1,2,2300
SH600000,20260105,B,2825089,posttrade_remainder,14017,14016,900,1400,1400,1,1,2300
SH600000,20260105,B,2826326,posttrade_remainder,14023,14021,900,500,500,1,2,1400
SH600000,20260105,B,2925158,posttrade_remainder,14257,14245,11900,8100,8100,1,12,20000
SH600000,20260105,B,2930668,posttrade_remainder,14297,14285,100,3900,3900,1,12,4000
SH600000,20260105,B,2931924,posttrade_remainder,14305,14304,1300,700,700,1,1,2000
SH600000,20260105,B,2950678,posttrade_remainder,14357,14356,300,100,100,1,1,400
SH600000,20260105,B,2964151,posttrade_remainder,14401,14397,1300,7500,7500,1,4,8800
SH600000,20260105,B,2974836,posttrade_remainder,14438,14430,12200,1600,1600,1,8,13800
SH600000,20260105,B,3009831,posttrade_remainder,14552,14550,700,600,600,1,2,1300
SH600000,20260105,B,3017660,posttrade_remainder,14588,14585,2196,6604,6604,1,3,8800
SH600000,20260105,B,3027826,posttrade_remainder,14635,14623,996,2004,2004,1,12,3000
SH600000,20260105,B,3054200,posttrade_remainder,14749,14742,23300,6400,6400,1,7,29700
SH600000,20260105,B,3055075,posttrade_remainder,14755,14754,377800,100,100,1,1,377900
SH600000,20260105,B,3079177,posttrade_remainder,14897,14891,1600,21500,21500,1,6,23100
SH600000,20260105,B,3080305,posttrade_remainder,14946,14925,264600,18200,18200,1,21,282800
SH600000,20260105,B,3134390,posttrade_remainder,15140,15133,3900,13700,13700,1,7,17600
SH600000,20260105,B,3172605,posttrade_remainder,15289,15287,6783,2017,2017,1,2,8800
SH600000,20260105,B,3182990,posttrade_remainder,15325,15322,18083,5017,5017,1,3,23100
SH600000,20260105,B,3217382,posttrade_remainder,15441,15440,17383,1217,1217,1,1,18600
SH600000,20260105,B,3282491,posttrade_remainder,15596,15585,88283,5217,5217,1,11,93500
SH600000,20260105,B,3306443,posttrade_remainder,15731,15728,2700,300,300,1,3,3000
SH600000,20260105,B,3329328,posttrade_remainder,15798,15794,40600,22100,22100,1,4,62700
SH600000,20260105,B,3363717,posttrade_remainder,15995,15989,6200,1500,1500,1,6,7700
SH600000,20260105,B,3400236,posttrade_remainder,16175,16169,3200,2000,2000,1,6,5200
SH600000,20260105,B,3438230,posttrade_remainder,16344,16336,800,2200,2200,1,8,3000
SH600000,20260105,B,3442901,posttrade_remainder,16372,16366,1400,600,600,1,6,2000
SH600000,20260105,B,3498984,posttrade_remainder,16755,16705,64700,75000,75000,1,50,139700
SH600000,20260105,B,3560235,posttrade_remainder,16969,16967,4000,500,500,1,2,4500
SH600000,20260105,B,3581795,posttrade_remainder,17026,17025,4200,500,500,1,1,4700
SH600000,20260105,B,3699254,posttrade_remainder,17546,17540,141700,18100,18100,1,6,159800
SH600000,20260105,B,3722388,posttrade_remainder,17637,17635,85100,11700,11700,1,2,96800
SH600000,20260105,B,3724538,posttrade_remainder,17667,17666,200,200,200,1,1,400
SH600000,20260105,B,3746458,posttrade_remainder,17935,17934,3100,800,800,1,1,3900
SH600000,20260105,B,3890744,posttrade_remainder,18424,18422,400,500,500,1,2,900
SH600000,20260105,B,3911818,posttrade_remainder,18497,18496,900,1000,1000,1,1,1900
SH600000,20260105,B,3931971,posttrade_remainder,18551,18546,42500,1500,1500,1,5,44000
SH600000,20260105,B,4029094,posttrade_remainder,18751,18742,4900,12700,12700,1,9,17600
SH600000,20260105,B,4035406,posttrade_remainder,18809,18791,4500,9800,9800,1,18,14300
SH600000,20260105,B,4143947,posttrade_remainder,19184,19183,5800,3000,3000,1,1,8800
SH600000,20260105,B,4165168,posttrade_remainder,19281,19279,1500,2200,2200,1,2,3700
SH600000,20260105,B,4198063,posttrade_remainder,19358,19345,72700,23700,23700,1,13,96400
SH600000,20260105,B,4216744,posttrade_remainder,19415,19414,200,1200,1200,1,1,1400
SH600000,20260105,B,4221685,posttrade_remainder,19434,19430,300,1300,1300,1,4,1600
SH600000,20260105,B,4243007,posttrade_remainder,19490,19489,800,200,200,1,1,1000
SH600000,20260105,B,4258033,posttrade_remainder,19563,19562,4000,1100,1100,1,1,5100
SH600000,20260105,B,4300319,posttrade_remainder,19661,19652,18800,21200,21200,1,9,40000
SH600000,20260105,B,4320117,posttrade_remainder,19763,19761,1400,500,500,1,2,1900
SH600000,20260105,B,4362902,posttrade_remainder,19890,19889,1000,600,600,1,1,1600
SH600000,20260105,B,4387818,posttrade_remainder,19995,19991,4800,3100,3100,1,4,7900
SH600000,20260105,B,4571726,posttrade_remainder,20849,20843,3500,6500,6500,1,6,10000
SH600000,20260105,B,4623190,posttrade_remainder,21013,21006,3155,5645,5645,1,7,8800
SH600000,20260105,B,4625372,posttrade_remainder,21125,21123,3400,300,300,1,2,3700
SH600000,20260105,B,4657594,posttrade_remainder,21245,21244,300,700,700,1,1,1000
SH600000,20260105,B,4659883,posttrade_remainder,21272,21271,655,2345,2345,1,1,3000
SH600000,20260105,B,4671404,posttrade_remainder,21340,21339,400,1200,1200,1,1,1600
SH600000,20260105,B,4703343,posttrade_remainder,21440,21438,3800,1200,1200,1,2,5000
SH600000,20260105,B,4787584,posttrade_remainder,22025,22018,83500,16500,16500,1,7,100000
SH600000,20260105,B,4794826,posttrade_remainder,22123,22119,3700,1300,1300,1,4,5000
SH600000,20260105,B,4799251,posttrade_remainder,22166,22165,2300,2100,2100,1,1,4400
SH600000,20260105,B,4799923,posttrade_remainder,22180,22177,10500,7100,7100,1,3,17600
SH600000,20260105,B,4806110,posttrade_remainder,22234,22232,100,600,600,1,2,700
SH600000,20260105,B,4814871,posttrade_remainder,22300,22299,16800,700,700,1,1,17500
SH600000,20260105,B,4849719,posttrade_remainder,22485,22480,200,2800,2800,1,5,3000
SH600000,20260105,B,4862445,posttrade_remainder,22578,22576,500,500,500,1,2,1000
SH600000,20260105,B,4864263,posttrade_remainder,22602,22601,100,400,400,1,1,500
SH600000,20260105,B,4867526,posttrade_remainder,22624,22622,1600,1700,1700,1,2,3300
SH600000,20260105,B,4869290,posttrade_remainder,22679,22678,500,400,400,1,1,900
SH600000,20260105,B,4896553,posttrade_remainder,22783,22782,200,800,800,1,1,1000
SH600000,20260105,B,4950459,posttrade_remainder,23140,23126,9800,3800,3800,1,14,13600
SH600000,20260105,B,4979086,posttrade_remainder,23410,23408,9000,1000,1000,1,2,10000
SH600000,20260105,B,4989140,posttrade_remainder,23459,23458,2200,800,800,1,1,3000
SH600000,20260105,B,5015714,posttrade_remainder,23639,23636,900,600,600,1,3,1500
SH600000,20260105,B,5017581,posttrade_remainder,23649,23648,800,900,900,1,1,1700
SH600000,20260105,B,5030674,posttrade_remainder,23743,23734,7000,3000,3000,1,9,10000
SH600000,20260105,B,5125531,posttrade_remainder,24765,24764,3100,6900,6900,1,1,10000
SH600000,20260105,B,5146118,posttrade_remainder,24874,24873,100,500,500,1,1,600
SH600000,20260105,B,5159042,posttrade_remainder,24963,24961,600,600,600,1,2,1200
SH600000,20260105,B,5165707,posttrade_remainder,25022,25021,1300,200,200,1,1,1500
SH600000,20260105,B,5182876,posttrade_remainder,25283,25282,800,2800,2800,1,1,3600
SH600000,20260105,B,5183980,posttrade_remainder,25295,25294,500,6900,6900,1,1,7400
SH600000,20260105,B,5196101,posttrade_remainder,25412,25411,7700,1100,1100,1,1,8800
SH600000,20260105,B,5197968,posttrade_remainder,25445,25444,1600,2100,2100,1,1,3700
SH600000,20260105,B,5204413,posttrade_remainder,25524,25522,11700,1500,1500,1,2,13200
SH600000,20260105,B,5209921,posttrade_remainder,25570,25569,1000,3800,3800,1,1,4800
SH600000,20260105,B,5211140,posttrade_remainder,25588,25584,27900,7100,7100,1,4,35000
SH600000,20260105,B,5218016,posttrade_remainder,25660,25659,1000,1800,1800,1,1,2800
SH600000,20260105,B,5218440,posttrade_remainder,25672,25664,29800,20200,20200,1,8,50000
SH600000,20260105,B,5224162,posttrade_remainder,25742,25739,1100,500,500,1,3,1600
SH600000,20260105,B,5226588,posttrade_remainder,25889,25888,600,2400,2400,1,1,3000
SH600000,20260105,B,5239527,posttrade_remainder,26022,26021,2500,8100,8100,1,1,10600
SH600000,20260105,B,5276613,posttrade_remainder,26308,26305,4500,500,500,1,3,5000
SH600000,20260105,B,5280641,posttrade_remainder,26339,26338,2800,2200,2200,1,1,5000
SH600000,20260105,B,5295273,posttrade_remainder,26486,26475,13100,5200,5200,1,11,18300
SH600000,20260105,B,5300929,posttrade_remainder,26561,26555,1800,1500,1500,1,6,3300
SH600000,20260105,B,5320961,posttrade_remainder,26735,26733,8000,2000,2000,1,2,10000
SH600000,20260105,B,5324708,posttrade_remainder,26760,26759,800,200,200,1,1,1000
SH600000,20260105,B,5341630,posttrade_remainder,27010,26976,40600,59400,59400,1,34,100000
SH600000,20260105,B,5346864,posttrade_remainder,27058,27055,24100,22800,22800,1,3,46900
SH600000,20260105,B,5369458,posttrade_remainder,27241,27223,27600,22400,22400,1,18,50000
SH600000,20260105,B,5398681,posttrade_remainder,27523,27521,200,2100,2100,1,2,2300
SH600000,20260105,B,5403705,posttrade_remainder,27590,27589,800,200,200,1,1,1000
SH600000,20260105,B,5407732,posttrade_remainder,27626,27625,2900,100,100,1,1,3000
SH600000,20260105,B,5433396,posttrade_remainder,27771,27764,152000,3600,3600,1,7,155600
SH600000,20260105,B,5444632,posttrade_remainder,27935,27934,200,1400,1400,1,1,1600
SH600000,20260105,B,5473811,posttrade_remainder,28185,28183,200,600,600,1,2,800
SH600000,20260105,B,5475464,posttrade_remainder,28198,28197,900,200,200,1,1,1100
SH600000,20260105,B,5479912,posttrade_remainder,28246,28245,8700,1300,1300,1,1,10000
SH600000,20260105,B,5493865,posttrade_remainder,28381,28380,900,100,100,1,1,1000
SH600000,20260105,B,5497174,posttrade_remainder,28407,28406,17400,2600,2600,1,1,20000
SH600000,20260105,B,5536018,posttrade_remainder,28971,28968,2800,1300,1300,1,3,4100
SH600000,20260105,B,5558368,posttrade_remainder,29105,29097,39800,10200,10200,1,8,50000
SH600000,20260105,B,5574602,posttrade_remainder,29203,29202,900,300,300,1,1,1200
SH600000,20260105,B,5583585,posttrade_remainder,29273,29272,3000,300,300,1,1,3300
SH600000,20260105,B,5601464,posttrade_remainder,29471,29470,3600,500,500,1,1,4100
SH600000,20260105,B,5609375,posttrade_remainder,29529,29528,1500,100,100,1,1,1600
SH600000,20260105,B,5610677,posttrade_remainder,29547,29546,700,300,300,1,1,1000
SH600000,20260105,B,5617984,posttrade_remainder,29645,29640,32600,17400,17400,1,5,50000
SH600000,20260105,B,5643495,posttrade_remainder,29919,29918,10600,1400,1400,1,1,12000
SH600000,20260105,B,5652799,posttrade_remainder,29984,29983,45400,4600,4600,1,1,50000
SH600000,20260105,B,5684092,posttrade_remainder,30171,30167,6500,13500,13500,1,4,20000
SH600000,20260105,B,5710838,posttrade_remainder,30350,30348,13200,1400,1400,1,2,14600
SH600000,20260105,B,5730222,posttrade_remainder,30424,30420,11700,3200,3200,1,4,14900
SH600000,20260105,B,5744166,posttrade_remainder,30578,30576,100,15600,15600,1,2,15700
SH600000,20260105,B,5751658,posttrade_remainder,30635,30634,43000,7000,7000,1,1,50000
SH600000,20260105,B,5854585,posttrade_remainder,31412,31411,1600,2700,2700,1,1,4300
SH600000,20260105,B,5857337,posttrade_remainder,31448,31439,1700,1300,1300,1,9,3000
SH600000,20260105,B,5859556,posttrade_remainder,31501,31491,4500,5500,5500,1,10,10000
SH600000,20260105,B,5860142,posttrade_remainder,31556,31555,2800,100,100,1,1,2900
SH600000,20260105,B,5876942,posttrade_remainder,31743,31742,7500,3300,3300,1,1,10800
SH600000,20260105,B,5892046,posttrade_remainder,31839,31837,1400,600,600,1,2,2000
SH600000,20260105,B,5895490,posttrade_remainder,31871,31868,600,400,400,1,3,1000
SH600000,20260105,B,5902443,posttrade_remainder,31918,31914,21600,15500,15500,1,4,37100
SH600000,20260105,B,5923850,posttrade_remainder,32033,32024,1000,9000,9000,1,9,10000
SH600000,20260105,B,5947144,posttrade_remainder,32212,32210,3600,200,200,1,2,3800
SH600000,20260105,B,5968849,posttrade_remainder,32349,32348,1000,500,500,1,1,1500
SH600000,20260105,B,5973742,posttrade_remainder,32387,32384,3400,800,800,1,3,4200
SH600000,20260105,B,5997492,posttrade_remainder,32684,32683,400,100,100,1,1,500
SH600000,20260105,B,6004715,posttrade_remainder,32775,32773,100,19600,19600,1,2,19700
SH600000,20260105,B,6111554,posttrade_remainder,33323,33319,39900,13400,13400,1,4,53300
SH600000,20260105,B,6176825,posttrade_remainder,34638,34576,4000,16000,16000,1,62,20000
SH600000,20260105,B,6178088,posttrade_remainder,34672,34671,3200,100,100,1,1,3300
SH600000,20260105,B,6260410,posttrade_remainder,35920,35918,14200,1200,1200,1,2,15400
SH600000,20260105,B,6261111,posttrade_remainder,35960,35959,700,200,200,1,1,900
SH600000,20260105,B,6265152,posttrade_remainder,36056,36055,600,200,200,1,1,800
SH600000,20260105,B,6309612,posttrade_remainder,36460,36459,1100,11400,11400,1,1,12500
SH600000,20260105,B,6311640,posttrade_remainder,36478,36476,100,17700,17700,1,2,17800
SH600000,20260105,B,6331646,posttrade_remainder,36753,36752,1100,900,900,1,1,2000
SH600000,20260105,B,6344394,posttrade_remainder,36869,36868,1300,700,700,1,1,2000
SH600000,20260105,B,6347394,posttrade_remainder,36889,36888,3700,18400,18400,1,1,22100
SH600000,20260105,B,6368594,posttrade_remainder,37088,37087,3100,3000,3000,1,1,6100
SH600000,20260105,B,6374656,posttrade_remainder,37139,37137,11500,4000,4000,1,2,15500
SH600000,20260105,B,6387866,posttrade_remainder,37222,37220,4300,9900,9900,1,2,14200
SH600000,20260105,B,6391365,posttrade_remainder,37260,37259,100,100,100,1,1,200
SH600000,20260105,B,6406977,posttrade_remainder,37449,37448,800,200,200,1,1,1000
SH600000,20260105,B,6407750,posttrade_remainder,37459,37457,1000,900,900,1,2,1900
SH600000,20260105,B,6412172,posttrade_remainder,37491,37490,800,100,100,1,1,900
SH600000,20260105,B,6412732,posttrade_remainder,37553,37551,300,500,500,1,2,800
SH600000,20260105,B,6434662,posttrade_remainder,37817,37806,9100,48700,48700,1,11,57800
SH600000,20260105,B,6451046,posttrade_remainder,38012,38010,6200,11900,11900,1,2,18100
SH600000,20260105,B,6455039,posttrade_remainder,38050,38049,4000,2100,2100,1,1,6100
SH600000,20260105,B,6520948,posttrade_remainder,38652,38651,1400,500,500,1,1,1900
SH600000,20260105,B,6595605,posttrade_remainder,39762,39757,9500,5000,5000,1,5,14500
SH600000,20260105,B,6612142,posttrade_remainder,40096,40095,900,200,200,1,1,1100
SH600000,20260105,B,6620514,posttrade_remainder,40199,40198,200,1400,1400,1,1,1600
SH600000,20260105,B,6719471,posttrade_remainder,41831,41829,600,2700,2700,1,2,3300
SH600000,20260105,B,6723552,posttrade_remainder,42024,42023,5500,6200,6200,1,1,11700
SH600000,20260105,B,6725556,posttrade_remainder,42197,42196,10200,11000,11000,1,1,21200
SH600000,20260105,B,6729628,posttrade_remainder,42283,42282,1600,400,400,1,1,2000
SH600000,20260105,B,6731248,posttrade_remainder,42341,42339,400,2500,2500,1,2,2900
SH600000,20260105,B,6790889,posttrade_remainder,43064,43063,1600,400,400,1,1,2000
SH600000,20260105,B,6792701,posttrade_remainder,43107,43106,500,300,300,1,1,800
SH600000,20260105,B,6830226,posttrade_remainder,43463,43453,1600,8400,8400,1,10,10000
SH600000,20260105,B,6843502,posttrade_remainder,43631,43630,3500,100,100,1,1,3600
SH600000,20260105,B,6845567,posttrade_remainder,43728,43715,1800,42600,42600,1,13,44400
SH600000,20260105,B,6846168,posttrade_remainder,43736,43735,300,500,500,1,1,800
SH600000,20260105,B,6846456,posttrade_remainder,43768,43767,6200,1500,1500,1,1,7700
SH600000,20260105,B,6847193,posttrade_remainder,43789,43787,1380,6320,6320,1,2,7700
SH600000,20260105,B,6847799,posttrade_remainder,43828,43824,37780,10820,10820,1,4,48600
SH600000,20260105,B,6848632,posttrade_remainder,43909,43899,1080,3920,3920,1,10,5000
SH600000,20260105,B,6850865,posttrade_remainder,44009,44007,5200,13000,13000,1,2,18200
SH600000,20260105,B,6851240,posttrade_remainder,44027,44021,100,3800,3800,1,6,3900
SH600000,20260105,B,6859962,posttrade_remainder,44121,44120,800,200,200,1,1,1000
SH600000,20260105,B,6882087,posttrade_remainder,44525,44524,1800,200,200,1,1,2000
SH600000,20260105,B,6889387,posttrade_remainder,44644,44641,1900,2200,2200,1,3,4100
SH600000,20260105,B,6904415,posttrade_remainder,44778,44777,1000,200,200,1,1,1200
SH600000,20260105,B,6909153,posttrade_remainder,44804,44803,100,100,100,1,1,200
SH600000,20260105,B,6924639,posttrade_remainder,44986,44985,1200,1500,1500,1,1,2700
SH600000,20260105,B,6927398,posttrade_remainder,45065,45064,300,100,100,1,1,400
SH600000,20260105,B,6928099,posttrade_remainder,45092,45091,8500,1500,1500,1,1,10000
SH600000,20260105,B,6954793,posttrade_remainder,45421,45412,101700,48300,48300,1,9,150000
SH600000,20260105,B,6960979,posttrade_remainder,45504,45503,2300,100,100,1,1,2400
SH600000,20260105,B,6966002,posttrade_remainder,45576,45574,6100,3900,3900,1,2,10000
SH600000,20260105,B,6988109,posttrade_remainder,45792,45791,300,300,300,1,1,600
SH600000,20260105,B,6992748,posttrade_remainder,45847,45845,200,200,200,1,2,400
SH600000,20260105,B,7027854,posttrade_remainder,46107,46106,200,800,800,1,1,1000
SH600000,20260105,B,7051193,posttrade_remainder,46342,46341,200,100,100,1,1,300
SH600000,20260105,B,7055190,posttrade_remainder,46404,46403,500,5500,5500,1,1,6000
SH600000,20260105,B,7059985,posttrade_remainder,46482,46481,400,100,100,1,1,500
SH600000,20260105,B,7064914,posttrade_remainder,46531,46528,500,2900,2900,1,3,3400
SH600000,20260105,B,7075903,posttrade_remainder,46623,46622,300,200,200,1,1,500
SH600000,20260105,B,7083512,posttrade_remainder,46697,46696,3400,800,800,1,1,4200
SH600000,20260105,B,7317515,posttrade_remainder,49171,49160,100,5800,5800,1,11,5900
SH600000,20260105,B,7317946,posttrade_remainder,49184,49183,3400,100,100,1,1,3500
SH600000,20260105,B,7345569,posttrade_remainder,49353,49352,600,1700,1700,1,1,2300
SH600000,20260105,B,7451652,posttrade_remainder,50310,50288,400,49600,49600,1,22,50000
SH600000,20260105,B,7524073,posttrade_remainder,50916,50902,15800,34200,34200,1,14,50000
SH600000,20260105,B,7568587,posttrade_remainder,51292,51287,1400,13300,13300,1,5,14700
SH600000,20260105,B,7636342,posttrade_remainder,51754,51727,5700,94300,94300,1,27,100000
SH600000,20260105,B,7646836,posttrade_remainder,51885,51868,5000,45000,45000,1,17,50000
SH600000,20260105,B,7654569,posttrade_remainder,51978,51975,11200,3100,3100,1,3,14300
SH600000,20260105,B,7757883,posttrade_remainder,53889,53887,20100,2300,2300,1,2,22400
SH600000,20260105,B,7761200,posttrade_remainder,53991,53976,24800,13800,13800,1,15,38600
SH600000,20260105,B,7797228,posttrade_remainder,54323,54322,10000,100,100,1,1,10100
SH600000,20260105,B,7806728,posttrade_remainder,54507,54506,700,200,200,1,1,900
SH600000,20260105,B,7808898,posttrade_remainder,54536,54533,4100,11100,11100,1,3,15200
SH600000,20260105,B,7823347,posttrade_remainder,54744,54737,38400,11600,11600,1,7,50000
SH600000,20260105,B,7835539,posttrade_remainder,54847,54845,200,1300,1300,1,2,1500
SH600000,20260105,B,7840878,posttrade_remainder,54960,54959,70,30,30,1,1,100
SH600000,20260105,B,7848590,posttrade_remainder,55063,55062,100,200,200,1,1,300
SH600000,20260105,B,7851341,posttrade_remainder,55097,55096,19000,8900,8900,1,1,27900
SH600000,20260105,B,7865093,posttrade_remainder,55217,55215,100,1300,1300,1,2,1400
SH600000,20260105,B,7891661,posttrade_remainder,55440,55439,30900,7500,7500,1,1,38400
SH600000,20260105,B,7895840,posttrade_remainder,55516,55508,3400,12000,12000,1,8,15400
SH600000,20260105,B,7898549,posttrade_remainder,55605,55604,1700,2400,2400,1,1,4100
SH600000,20260105,B,7901373,posttrade_remainder,55643,55640,13000,1600,1600,1,3,14600
SH600000,20260105,B,7907648,posttrade_remainder,55687,55685,12400,1100,1100,1,2,13500
SH600000,20260105,B,7924460,posttrade_remainder,55779,55778,1200,800,800,1,1,2000
SH600000,20260105,B,7975411,posttrade_remainder,56161,56132,5900,9100,9100,1,29,15000
SH600000,20260105,B,7993862,posttrade_remainder,56268,56265,300,1700,1700,1,3,2000
SH600000,20260105,B,7995310,posttrade_remainder,56279,56276,2500,1000,1000,1,3,3500
SH600000,20260105,B,8003719,posttrade_remainder,56344,56337,21400,33200,33200,1,7,54600
SH600000,20260105,B,8078161,posttrade_remainder,56793,56791,19570,430,430,1,2,20000
SH600000,20260105,B,8094420,posttrade_remainder,56872,56871,1270,430,430,1,1,1700
SH600000,20260105,B,8214038,posttrade_remainder,57518,57511,9400,41300,41300,1,7,50700
SH600000,20260105,B,8328210,posttrade_remainder,58475,58472,78300,1700,1700,1,3,80000
SH600000,20260105,B,8383800,posttrade_remainder,58888,58881,44700,5300,5300,1,7,50000
SH600000,20260105,B,8500650,posttrade_remainder,60454,60445,161600,39800,39800,1,9,201400
SH600000,20260105,B,8578288,posttrade_remainder,60829,60817,21170,33230,33230,1,12,54400
SH600000,20260105,B,8717046,posttrade_remainder,61889,61883,11700,17500,17500,1,6,29200
SH600000,20260105,B,8768401,posttrade_remainder,62594,62593,20000,1100,1100,1,1,21100
SH600000,20260105,B,8773745,posttrade_remainder,62826,62822,5000,9700,9700,1,4,14700
SZ000001,20260105,B,787991,passive_only,7379,,100,0,0,1,0,100
SZ000001,20260105,B,790643,pretrade_active_add,7380,7381,179600,50700,0,1,23,179600
SZ000001,20260105,B,792961,passive_only,7408,,3000,0,0,1,0,3000
SZ000001,20260105,B,795506,passive_only,7412,,1500,0,0,1,0,1500
SZ000001,20260105,B,796851,passive_only,7415,,30000,0,0,1,0,30000
SZ000001,20260105,B,799386,passive_only,7420,,700,0,0,1,0,700
SZ000001,20260105,B,801777,passive_only,7436,,100,0,0,1,0,100
SZ000001,20260105,B,802592,passive_only,7443,,100,0,0,1,0,100
SZ000001,20260105,B,803903,passive_only,7444,,1100,0,0,1,0,1100
SZ000001,20260105,B,806852,passive_only,7452,,1000,0,0,1,0,1000
SZ000001,20260105,B,806991,passive_only,7453,,95800,0,0,1,0,95800
SZ000001,20260105,B,809044,passive_only,7458,,500,0,0,1,0,500
SZ000001,20260105,B,809107,passive_only,7459,,20000,0,0,1,0,20000
SZ000001,20260105,B,809509,passive_only,7460,,800,0,0,1,0,800
SZ000001,20260105,B,809579,passive_only,7462,,800,0,0,1,0,800
SZ000001,20260105,B,810396,passive_only,7465,,3500,0,0,1,0,3500
SZ000001,20260105,B,811691,passive_only,7466,,300,0,0,1,0,300
SZ000001,20260105,B,812400,passive_only,7468,,2000,0,0,1,0,2000
SZ000001,20260105,B,812960,passive_only,7469,,2000,0,0,1,0,2000
SZ000001,20260105,B,813134,passive_only,7470,,800,0,0,1,0,800
SZ000001,20260105,B,814298,passive_only,7472,,500,0,0,1,0,500
SZ000001,20260105,B,814407,passive_only,7473,,2100,0,0,1,0,2100
SZ000001,20260105,B,815594,passive_only,7475,,1000,0,0,1,0,1000
SZ000001,20260105,B,815795,passive_only,7478,,100,0,0,1,0,100
SZ000001,20260105,B,815814,passive_only,7479,,7700,0,0,1,0,7700
SZ000001,20260105,B,816177,passive_only,7480,,1500,0,0,1,0,1500
SZ000001,20260105,B,818247,passive_only,7481,,100,0,0,1,0,100
SZ000001,20260105,B,819764,passive_only,7485,,600,0,0,1,0,600
SZ000001,20260105,B,821281,passive_only,7486,,5000,0,0,1,0,5000
SZ000001,20260105,B,824548,passive_only,7495,,500,0,0,1,0,500
SZ000001,20260105,B,825893,passive_only,7499,,500,0,0,1,0,500
SZ000001,20260105,B,828483,passive_only,7502,,300,0,0,1,0,300
SZ000001,20260105,B,828756,passive_only,7503,,21800,0,0,1,0,21800
SZ000001,20260105,B,829661,passive_only,7505,,500,0,0,1,0,500
SZ000001,20260105,B,830291,passive_only,7506,,4500,0,0,1,0,4500
SZ000001,20260105,B,831041,passive_only,7508,,500,0,0,1,0,500
SZ000001,20260105,B,831318,pretrade_active_add,7509,7510,800,800,0,1,1,800
SZ000001,20260105,B,831450,pretrade_active_add,7511,7512,400,400,0,1,1,400
SZ000001,20260105,B,832675,passive_only,7513,,3000,0,0,1,0,3000
SZ000001,20260105,B,833365,passive_only,7515,,2000,0,0,1,0,2000
SZ000001,20260105,B,835836,passive_only,7517,,700,0,0,1,0,700
SZ000001,20260105,B,837147,pretrade_active_add,7522,7523,100,100,0,1,1,100
SZ000001,20260105,B,837754,passive_only,7524,,10000,0,0,1,0,10000
SZ000001,20260105,B,837818,passive_only,7525,,100,0,0,1,0,100
SZ000001,20260105,B,838854,passive_only,7526,,3000,0,0,1,0,3000
SZ000001,20260105,B,840246,passive_only,7528,,300,0,0,1,0,300
SZ000001,20260105,B,841343,passive_only,7538,,2000,0,0,1,0,2000
SZ000001,20260105,B,841814,passive_only,7540,,1000,0,0,1,0,1000
SZ000001,20260105,B,842035,passive_only,7542,,8200,0,0,1,0,8200
SZ000001,20260105,B,844088,passive_only,7543,,8200,0,0,1,0,8200
SZ000001,20260105,B,844557,passive_only,7547,,1100,0,0,1,0,1100
SZ000001,20260105,B,845429,passive_only,7549,,1000,0,0,1,0,1000
SZ000001,20260105,B,846347,passive_only,7552,,1000,0,0,1,0,1000
SZ000001,20260105,B,848805,passive_only,7557,,2000,0,0,1,0,2000
SZ000001,20260105,B,849521,passive_only,7559,,1800,0,0,1,0,1800
SZ000001,20260105,B,851682,passive_only,7562,,1000,0,0,1,0,1000
SZ000001,20260105,B,852634,passive_only,7564,,3000,0,0,1,0,3000
SZ000001,20260105,B,855497,passive_only,7568,,1000,0,0,1,0,1000
SZ000001,20260105,B,858779,passive_only,7570,,1000,0,0,1,0,1000
SZ000001,20260105,B,859706,passive_only,7571,,400,0,0,1,0,400
SZ000001,20260105,B,861490,passive_only,7573,,500,0,0,1,0,500
SZ000001,20260105,B,862045,passive_only,7575,,100,0,0,1,0,100
SZ000001,20260105,B,862705,passive_only,7576,,3000,0,0,1,0,3000
SZ000001,20260105,B,863599,passive_only,7580,,300,0,0,1,0,300
SZ000001,20260105,B,863608,passive_only,7581,,700,0,0,1,0,700
SZ000001,20260105,B,863785,passive_only,7583,,4000,0,0,1,0,4000
SZ000001,20260105,B,864249,passive_only,7585,,100,0,0,1,0,100
SZ000001,20260105,B,864680,pretrade_active_add,7586,7587,3100,3100,0,1,1,3100
SZ000001,20260105,B,865502,passive_only,7588,,200,0,0,1,0,200
SZ000001,20260105,B,867400,passive_only,7593,,1000,0,0,1,0,1000
SZ000001,20260105,B,868465,passive_only,7594,,1000,0,0,1,0,1000
SZ000001,20260105,B,869470,passive_only,7596,,1700,0,0,1,0,1700
SZ000001,20260105,B,869731,passive_only,7597,,1000,0,0,1,0,1000
SZ000001,20260105,B,870391,passive_only,7600,,400,0,0,1,0,400
SZ000001,20260105,B,870417,passive_only,7601,,600,0,0,1,0,600
SZ000001,20260105,B,870610,passive_only,7602,,3000,0,0,1,0,3000
SZ000001,20260105,B,872948,passive_only,7606,,1200,0,0,1,0,1200
SZ000001,20260105,B,873432,passive_only,7607,,10000,0,0,1,0,10000
SZ000001,20260105,B,874349,passive_only,7608,,500,0,0,1,0,500
SZ000001,20260105,B,876434,passive_only,7610,,1000,0,0,1,0,1000
SZ000001,20260105,B,879869,passive_only,7616,,1000,0,0,1,0,1000
SZ000001,20260105,B,879923,passive_only,7617,,87900,0,0,1,0,87900
SZ000001,20260105,B,880800,passive_only,7619,,2300,0,0,1,0,2300
SZ000001,20260105,B,881535,passive_only,7622,,80000,0,0,1,0,80000
SZ000001,20260105,B,882453,passive_only,7625,,100,0,0,1,0,100
SZ000001,20260105,B,883737,passive_only,7631,,5000,0,0,1,0,5000
SZ000001,20260105,B,884919,passive_only,7632,,200,0,0,1,0,200
SZ000001,20260105,B,885082,passive_only,7634,,1000,0,0,1,0,1000
SZ000001,20260105,B,887016,passive_only,7636,,500,0,0,1,0,500
SZ000001,20260105,B,889857,passive_only,7638,,1500,0,0,1,0,1500
SZ000001,20260105,B,890701,passive_only,7641,,500,0,0,1,0,500
SZ000001,20260105,B,890709,passive_only,7642,,2000,0,0,1,0,2000
SZ000001,20260105,B,891127,passive_only,7643,,10000,0,0,1,0,10000
SZ000001,20260105,B,892132,passive_only,7645,,500,0,0,1,0,500
SZ000001,20260105,B,892318,passive_only,7646,,1300,0,0,1,0,1300
SZ000001,20260105,B,893400,passive_only,7649,,200,0,0,1,0,200
SZ000001,20260105,B,894299,passive_only,7651,,1200,0,0,1,0,1200
SZ000001,20260105,B,895239,passive_only,7652,,1200,0,0,1,0,1200
SZ000001,20260105,B,896092,passive_only,7655,,1000,0,0,1,0,1000
SZ000001,20260105,B,899497,passive_only,7661,,16500,0,0,1,0,16500
SZ000001,20260105,B,902553,passive_only,7666,,600,0,0,1,0,600
SZ000001,20260105,B,902683,passive_only,7667,,100,0,0,1,0,100
SZ000001,20260105,B,903846,passive_only,7668,,50000,0,0,1,0,50000
SZ000001,20260105,B,905429,passive_only,7671,,500,0,0,1,0,500
SZ000001,20260105,B,905544,passive_only,7672,,500,0,0,1,0,500
SZ000001,20260105,B,906249,passive_only,7673,,1000,0,0,1,0,1000
SZ000001,20260105,B,906674,passive_only,7674,,900,0,0,1,0,900
SZ000001,20260105,B,907080,passive_only,7678,,1000,0,0,1,0,1000
SZ000001,20260105,B,908659,passive_only,7681,,23800,0,0,1,0,23800
SZ000001,20260105,B,909014,passive_only,7682,,4700,0,0,1,0,4700
SZ000001,20260105,B,910111,passive_only,7683,,500,0,0,1,0,500
SZ000001,20260105,B,911246,passive_only,7684,,5000,0,0,1,0,5000
SZ000001,20260105,B,912719,pretrade_active_add,7690,7691,10000,10000,0,1,5,10000
SZ000001,20260105,B,914584,passive_only,7696,,500,0,0,1,0,500
SZ000001,20260105,B,915798,passive_only,7698,,2000,0,0,1,0,2000
SZ000001,20260105,B,917738,passive_only,7699,,600,0,0,1,0,600
SZ000001,20260105,B,920202,passive_only,7702,,100,0,0,1,0,100
SZ000001,20260105,B,922724,passive_only,7705,,100,0,0,1,0,100
SZ000001,20260105,B,922746,passive_only,7706,,1000,0,0,1,0,1000
SZ000001,20260105,B,922804,passive_only,7707,,30000,0,0,1,0,30000
SZ000001,20260105,B,922855,passive_only,7708,,1000,0,0,1,0,1000
SZ000001,20260105,B,925049,passive_only,7711,,6600,0,0,1,0,6600
SZ000001,20260105,B,925514,passive_only,7712,,1000,0,0,1,0,1000
SZ000001,20260105,B,926137,passive_only,7713,,28800,0,0,1,0,28800
SZ000001,20260105,B,928914,passive_only,7717,,1000,0,0,1,0,1000
SZ000001,20260105,B,929516,passive_only,7719,,10000,0,0,1,0,10000
SZ000001,20260105,B,931200,passive_only,7721,,900,0,0,1,0,900
SZ000001,20260105,B,931311,passive_only,7723,,1500,0,0,1,0,1500
SZ000001,20260105,B,932414,passive_only,7725,,2000,0,0,1,0,2000
SZ000001,20260105,B,932422,passive_only,7726,,900,0,0,1,0,900
SZ000001,20260105,B,932568,passive_only,7727,,800,0,0,1,0,800
SZ000001,20260105,B,933215,passive_only,7729,,500,0,0,1,0,500
SZ000001,20260105,B,934580,passive_only,7731,,500,0,0,1,0,500
SZ000001,20260105,B,935215,passive_only,7737,,2500,0,0,1,0,2500
SZ000001,20260105,B,935922,passive_only,7741,,30000,0,0,1,0,30000
SZ000001,20260105,B,937058,passive_only,7743,,100,0,0,1,0,100
SZ000001,20260105,B,937071,passive_only,7744,,100,0,0,1,0,100
SZ000001,20260105,B,937220,passive_only,7746,,100,0,0,1,0,100
SZ000001,20260105,B,937264,passive_only,7748,,100,0,0,1,0,100
SZ000001,20260105,B,939676,passive_only,7757,,10000,0,0,1,0,10000
SZ000001,20260105,B,940388,passive_only,7760,,500,0,0,1,0,500
SZ000001,20260105,B,943382,passive_only,7762,,2000,0,0,1,0,2000
SZ000001,20260105,B,943410,passive_only,7763,,2000,0,0,1,0,2000
SZ000001,20260105,B,943454,passive_only,7764,,2000,0,0,1,0,2000
SZ000001,20260105,B,943464,passive_only,7765,,2000,0,0,1,0,2000
SZ000001,20260105,B,944148,passive_only,7767,,2000,0,0,1,0,2000
SZ000001,20260105,B,947124,passive_only,7769,,1800,0,0,1,0,1800
SZ000001,20260105,B,948204,passive_only,7771,,1000,0,0,1,0,1000
SZ000001,20260105,B,948571,passive_only,7772,,60000,0,0,1,0,60000
SZ000001,20260105,B,949366,passive_only,7774,,400,0,0,1,0,400
SZ000001,20260105,B,949395,passive_only,7775,,9000,0,0,1,0,9000
SZ000001,20260105,B,949906,passive_only,7776,,4800,0,0,1,0,4800
SZ000001,20260105,B,949988,pretrade_active_add,7777,7778,200,200,0,1,1,200
SZ000001,20260105,B,951698,passive_only,7780,,1000,0,0,1,0,1000
SZ000001,20260105,B,953298,passive_only,7781,,200,0,0,1,0,200
SZ000001,20260105,B,953788,pretrade_active_add,7782,7783,400,400,0,1,1,400
SZ000001,20260105,B,954328,passive_only,7784,,1500,0,0,1,0,1500
SZ000001,20260105,B,955079,passive_only,7787,,40000,0,0,1,0,40000
SZ000001,20260105,B,955756,pretrade_active_add,7791,7792,26000,8700,0,1,8,26000
SZ000001,20260105,B,956069,passive_only,7801,,500,0,0,1,0,500
SZ000001,20260105,B,956416,passive_only,7802,,100,0,0,1,0,100
SZ000001,20260105,B,956490,passive_only,7803,,1000,0,0,1,0,1000
SZ000001,20260105,B,956847,passive_only,7804,,10000,0,0,1,0,10000
SZ000001,20260105,B,957776,passive_only,7806,,100,0,0,1,0,100
SZ000001,20260105,B,958359,passive_only,7807,,100,0,0,1,0,100
SZ000001,20260105,B,958834,passive_only,7810,,2000,0,0,1,0,2000
SZ000001,20260105,B,961494,passive_only,7815,,2600,0,0,1,0,2600
SZ000001,20260105,B,962138,passive_only,7816,,21900,0,0,1,0,21900
SZ000001,20260105,B,962605,passive_only,7817,,800,0,0,1,0,800
SZ000001,20260105,B,962882,passive_only,7818,,500,0,0,1,0,500
SZ000001,20260105,B,963371,passive_only,7820,,2000,0,0,1,0,2000
SZ000001,20260105,B,963927,passive_only,7821,,5000,0,0,1,0,5000
SZ000001,20260105,B,964519,passive_only,7822,,10000,0,0,1,0,10000
SZ000001,20260105,B,964762,passive_only,7823,,500,0,0,1,0,500
SZ000001,20260105,B,964885,passive_only,7824,,10000,0,0,1,0,10000
SZ000001,20260105,B,966610,passive_only,7828,,10100,0,0,1,0,10100
SZ000001,20260105,B,967245,passive_only,7829,,20000,0,0,1,0,20000
SZ000001,20260105,B,967740,passive_only,7830,,1000,0,0,1,0,1000
SZ000001,20260105,B,969652,passive_only,7834,,500,0,0,1,0,500
SZ000001,20260105,B,970273,passive_only,7838,,500,0,0,1,0,500
SZ000001,20260105,B,972057,passive_only,7842,,4000,0,0,1,0,4000
SZ000001,20260105,B,972931,passive_only,7846,,500,0,0,1,0,500
SZ000001,20260105,B,973678,passive_only,7847,,5000,0,0,1,0,5000
SZ000001,20260105,B,977750,passive_only,7851,,3000,0,0,1,0,3000
SZ000001,20260105,B,978091,passive_only,7853,,2400,0,0,1,0,2400
SZ000001,20260105,B,980087,passive_only,7856,,5500,0,0,1,0,5500
SZ000001,20260105,B,980294,passive_only,7859,,500,0,0,1,0,500
SZ000001,20260105,B,980829,passive_only,7861,,18300,0,0,1,0,18300
SZ000001,20260105,B,981556,passive_only,7862,,1000,0,0,1,0,1000
SZ000001,20260105,B,981623,passive_only,7863,,5100,0,0,1,0,5100
SZ000001,20260105,B,982062,passive_only,7865,,200,0,0,1,0,200
SZ000001,20260105,B,982245,passive_only,7866,,5000,0,0,1,0,5000
SZ000001,20260105,B,983364,passive_only,7868,,1100,0,0,1,0,1100
SZ000001,20260105,B,983607,passive_only,7869,,6500,0,0,1,0,6500
SZ000001,20260105,B,983925,passive_only,7870,,2300,0,0,1,0,2300
SZ000001,20260105,B,984924,passive_only,7871,,3500,0,0,1,0,3500
SZ000001,20260105,B,986106,passive_only,7872,,3000,0,0,1,0,3000
SZ000001,20260105,B,987536,passive_only,7875,,100,0,0,1,0,100
SZ000001,20260105,B,988594,passive_only,7878,,6100,0,0,1,0,6100
SZ000001,20260105,B,989726,pretrade_active_add,7881,7882,500,500,0,1,1,500
SZ000001,20260105,B,990424,passive_only,7884,,100,0,0,1,0,100
SZ000001,20260105,B,990824,passive_only,7886,,1000,0,0,1,0,1000
SZ000001,20260105,B,990949,passive_only,7887,,1000,0,0,1,0,1000
SZ000001,20260105,B,995481,passive_only,7891,,500,0,0,1,0,500
SZ000001,20260105,B,996842,passive_only,7893,,8700,0,0,1,0,8700
SZ000001,20260105,B,997079,passive_only,7894,,100,0,0,1,0,100
SZ000001,20260105,B,997527,passive_only,7895,,300,0,0,1,0,300
SZ000001,20260105,B,997871,passive_only,7896,,1000,0,0,1,0,1000
SZ000001,20260105,B,997954,passive_only,7897,,2000,0,0,1,0,2000
SZ000001,20260105,B,1002191,passive_only,7903,,4400,0,0,1,0,4400
SZ000001,20260105,B,1002430,passive_only,7904,,900,0,0,1,0,900
SZ000001,20260105,B,1002669,passive_only,7905,,1000,0,0,1,0,1000
SZ000001,20260105,B,1002832,passive_only,7907,,400,0,0,1,0,400
SZ000001,20260105,B,1003820,passive_only,7910,,2000,0,0,1,0,2000
SZ000001,20260105,B,1004680,passive_only,7912,,10000,0,0,1,0,10000
SZ000001,20260105,B,1009044,passive_only,7915,,10000,0,0,1,0,10000
SZ000001,20260105,B,1011127,passive_only,7917,,1000,0,0,1,0,1000
SZ000001,20260105,B,1012106,passive_only,7918,,1000,0,0,1,0,1000
SZ000001,20260105,B,1012712,passive_only,7920,,5000,0,0,1,0,5000
SZ000001,20260105,B,1013110,passive_only,7921,,20000,0,0,1,0,20000
SZ000001,20260105,B,1014099,passive_only,7923,,200,0,0,1,0,200
SZ000001,20260105,B,1018096,pretrade_active_add,7933,7934,4400,4400,0,1,8,4400
SZ000001,20260105,B,1023054,passive_only,7946,,1000,0,0,1,0,1000
SZ000001,20260105,B,1029465,passive_only,7952,,500,0,0,1,0,500
SZ000001,20260105,B,1032633,passive_only,7960,,1300,0,0,1,0,1300
SZ000001,20260105,B,1033789,passive_only,7962,,900,0,0,1,0,900
SZ000001,20260105,B,1033810,passive_only,7963,,900,0,0,1,0,900
SZ000001,20260105,B,1034240,passive_only,7965,,400,0,0,1,0,400
SZ000001,20260105,B,1034471,passive_only,7966,,2000,0,0,1,0,2000
SZ000001,20260105,B,1035246,passive_only,7968,,1400,0,0,1,0,1400
SZ000001,20260105,B,1035621,passive_only,7969,,1000,0,0,1,0,1000
SZ000001,20260105,B,1037003,pretrade_active_add,7971,7972,1100,1100,0,1,2,1100
SZ000001,20260105,B,1037175,passive_only,7974,,5000,0,0,1,0,5000
SZ000001,20260105,B,1038075,passive_only,7977,,800,0,0,1,0,800
SZ000001,20260105,B,1038717,passive_only,7980,,5000,0,0,1,0,5000
SZ000001,20260105,B,1039800,passive_only,7982,,4000,0,0,1,0,4000
SZ000001,20260105,B,1041138,passive_only,7983,,700,0,0,1,0,700
SZ000001,20260105,B,1041445,passive_only,7985,,1000,0,0,1,0,1000
SZ000001,20260105,B,1041996,passive_only,7996,,100,0,0,1,0,100
SZ000001,20260105,B,1042167,trade_only_active,,7998,0,100,0,0,1,100
SZ000001,20260105,B,1044657,passive_only,8002,,1100,0,0,1,0,1100
SZ000001,20260105,B,1047997,passive_only,8004,,1000,0,0,1,0,1000
SZ000001,20260105,B,1048456,pretrade_active_add,8005,8006,100,100,0,1,1,100
SZ000001,20260105,B,1049506,passive_only,8007,,600,0,0,1,0,600
SZ000001,20260105,B,1049608,passive_only,8008,,2800,0,0,1,0,2800
SZ000001,20260105,B,1049929,passive_only,8009,,800,0,0,1,0,800
SZ000001,20260105,B,1050264,trade_only_active,,8011,0,100,0,0,1,100
SZ000001,20260105,B,1052612,passive_only,8014,,200,0,0,1,0,200
SZ000001,20260105,B,1053226,passive_only,8015,,600,0,0,1,0,600
SZ000001,20260105,B,1055178,passive_only,8019,,300,0,0,1,0,300
SZ000001,20260105,B,1055628,passive_only,8020,,600,0,0,1,0,600
SZ000001,20260105,B,1055653,passive_only,8021,,100,0,0,1,0,100
SZ000001,20260105,B,1056905,passive_only,8039,,4000,0,0,1,0,4000
SZ000001,20260105,B,1061403,passive_only,8043,,2000,0,0,1,0,2000
SZ000001,20260105,B,1061899,passive_only,8044,,1300,0,0,1,0,1300
SZ000001,20260105,B,1062190,passive_only,8046,,1000,0,0,1,0,1000
SZ000001,20260105,B,1062196,passive_only,8047,,1000,0,0,1,0,1000
SZ000001,20260105,B,1063267,passive_only,8050,,200,0,0,1,0,200
SZ000001,20260105,B,1063572,pretrade_active_add,8051,8052,100,100,0,1,1,100
SZ000001,20260105,B,1065215,passive_only,8056,,2000,0,0,1,0,2000
SZ000001,20260105,B,1065916,passive_only,8057,,200,0,0,1,0,200
SZ000001,20260105,B,1065993,passive_only,8058,,1200,0,0,1,0,1200
SZ000001,20260105,B,1066268,passive_only,8059,,2100,0,0,1,0,2100
SZ000001,20260105,B,1069945,passive_only,8062,,1000,0,0,1,0,1000
SZ000001,20260105,B,1070431,passive_only,8064,,500,0,0,1,0,500
SZ000001,20260105,B,1070956,passive_only,8065,,2000,0,0,1,0,2000
SZ000001,20260105,B,1071106,passive_only,8066,,2300,0,0,1,0,2300
SZ000001,20260105,B,1072104,passive_only,8067,,400,0,0,1,0,400
SZ000001,20260105,B,1072374,passive_only,8068,,100,0,0,1,0,100
SZ000001,20260105,B,1072384,passive_only,8069,,2600,0,0,1,0,2600
SZ000001,20260105,B,1072585,passive_only,8070,,2000,0,0,1,0,2000
SZ000001,20260105,B,1073175,passive_only,8072,,2000,0,0,1,0,2000
SZ000001,20260105,B,1074206,passive_only,8074,,100,0,0,1,0,100
SZ000001,20260105,B,1077468,passive_only,8075,,900,0,0,1,0,900
SZ000001,20260105,B,1079153,pretrade_active_add,8078,8079,3400,3400,0,1,3,3400
SZ000001,20260105,B,1079347,passive_only,8082,,2000,0,0,1,0,2000
SZ000001,20260105,B,1079838,passive_only,8084,,100,0,0,1,0,100
SZ000001,20260105,B,1080027,passive_only,8085,,3000,0,0,1,0,3000
SZ000001,20260105,B,1082127,passive_only,8090,,300,0,0,1,0,300
SZ000001,20260105,B,1082615,passive_only,8091,,100,0,0,1,0,100
SZ000001,20260105,B,1082696,passive_only,8092,,800,0,0,1,0,800
SZ000001,20260105,B,1083952,passive_only,8095,,300,0,0,1,0,300
SZ000001,20260105,B,1085501,passive_only,8097,,200,0,0,1,0,200
SZ000001,20260105,B,1085715,passive_only,8098,,100,0,0,1,0,100
SZ000001,20260105,B,1085978,passive_only,8099,,3000,0,0,1,0,3000
SZ000001,20260105,B,1086364,passive_only,8101,,300,0,0,1,0,300
SZ000001,20260105,B,1087916,passive_only,8106,,200,0,0,1,0,200
SZ000001,20260105,B,1088526,passive_only,8107,,2400,0,0,1,0,2400
SZ000001,20260105,B,1089194,passive_only,8108,,2000,0,0,1,0,2000
SZ000001,20260105,B,1089719,passive_only,8109,,500,0,0,1,0,500
SZ000001,20260105,B,1089897,pretrade_active_add,8110,8111,100,100,0,1,1,100
SZ000001,20260105,B,1089919,passive_only,8112,,100,0,0,1,0,100
SZ000001,20260105,B,1092491,passive_only,8117,,100,0,0,1,0,100
SZ000001,20260105,B,1094334,passive_only,8121,,11400,0,0,1,0,11400
SZ000001,20260105,B,1096208,passive_only,8122,,900,0,0,1,0,900
SZ000001,20260105,B,1096534,passive_only,8123,,900,0,0,1,0,900
SZ000001,20260105,B,1097088,pretrade_active_add,8124,8125,1100,1100,0,1,1,1100
SZ000001,20260105,B,1099081,passive_only,8128,,300,0,0,1,0,300
SZ000001,20260105,B,1100745,passive_only,8133,,8200,0,0,1,0,8200
SZ000001,20260105,B,1102556,passive_only,8139,,600,0,0,1,0,600
SZ000001,20260105,B,1102585,passive_only,8140,,500,0,0,1,0,500
SZ000001,20260105,B,1106693,passive_only,8141,,1000,0,0,1,0,1000
SZ000001,20260105,B,1106735,passive_only,8142,,2400,0,0,1,0,2400
SZ000001,20260105,B,1106807,passive_only,8143,,3900,0,0,1,0,3900
SZ000001,20260105,B,1106848,passive_only,8144,,200,0,0,1,0,200
SZ000001,20260105,B,1109688,passive_only,8145,,5000,0,0,1,0,5000
SZ000001,20260105,B,1109711,passive_only,8146,,5000,0,0,1,0,5000
SZ000001,20260105,B,1110075,passive_only,8147,,10000,0,0,1,0,10000
SZ000001,20260105,B,1112215,passive_only,8148,,20000,0,0,1,0,20000
SZ000001,20260105,B,1117259,passive_only,8154,,1000,0,0,1,0,1000
SZ000001,20260105,B,1120934,passive_only,8155,,1000,0,0,1,0,1000
SZ000001,20260105,B,1122899,passive_only,8158,,500,0,0,1,0,500
SZ000001,20260105,B,1123069,passive_only,8159,,4700,0,0,1,0,4700
SZ000001,20260105,B,1124695,passive_only,8161,,1500,0,0,1,0,1500
SZ000001,20260105,B,1126723,passive_only,8163,,500,0,0,1,0,500
SZ000001,20260105,B,1128410,passive_only,8166,,500,0,0,1,0,500
SZ000001,20260105,B,1129396,passive_only,8167,,100,0,0,1,0,100
SZ000001,20260105,B,1131964,passive_only,8169,,5000,0,0,1,0,5000
SZ000001,20260105,B,1133611,passive_only,8171,,3000,0,0,1,0,3000
SZ000001,20260105,B,1161255,pretrade_active_add,8195,8196,200,200,0,1,1,200
SZ000001,20260105,B,1203283,pretrade_active_add,8262,8263,400,400,0,1,1,400
SZ000001,20260105,B,1250685,pretrade_active_add,8347,8348,1800,1800,0,1,1,1800
SZ000001,20260105,B,1268570,pretrade_active_add,8377,8378,800,800,0,1,1,800
SZ000001,20260105,B,1276873,pretrade_active_add,8389,8390,8200,8200,0,1,2,8200
SZ000001,20260105,B,1287590,pretrade_active_add,8409,8410,100,100,0,1,1,100
SZ000001,20260105,B,1319762,pretrade_active_add,8458,8459,21700,21700,0,1,3,21700
SZ000001,20260105,B,1353913,pretrade_active_add,8497,8498,300,300,0,1,1,300
SZ000001,20260105,B,1362432,pretrade_active_add,8510,8511,11000,11000,0,1,4,11000
SZ000001,20260105,B,1390878,pretrade_active_add,8566,8567,3000,3000,0,1,1,3000
SZ000001,20260105,B,1395095,pretrade_active_add,8575,8576,1300,1300,0,1,2,1300
SZ000001,20260105,B,1395101,pretrade_active_add,8578,8579,1400,1400,0,1,3,1400
SZ000001,20260105,B,1395170,pretrade_active_add,8582,8583,200,200,0,1,1,200
SZ000001,20260105,B,1395186,pretrade_active_add,8584,8585,1700,1700,0,1,1,1700
SZ000001,20260105,B,1395712,pretrade_active_add,8587,8588,100,100,0,1,1,100
SZ000001,20260105,B,1397370,pretrade_active_add,8591,8592,100,100,0,1,1,100
SZ000001,20260105,B,1429585,pretrade_active_add,8636,8637,100,100,0,1,1,100
SZ000001,20260105,B,1431276,pretrade_active_add,8643,8644,2200,2200,0,1,1,2200
SZ000001,20260105,B,1433488,pretrade_active_add,8647,8648,100,100,0,1,1,100
SZ000001,20260105,B,1439640,pretrade_active_add,8656,8657,100,100,0,1,1,100
SZ000001,20260105,B,1443180,pretrade_active_add,8662,8663,2400,2400,0,1,3,2400
SZ000001,20260105,B,1449310,pretrade_active_add,8673,8674,10200,10200,0,1,1,10200
SZ000001,20260105,B,1455524,pretrade_active_add,8680,8681,10600,10600,0,1,1,10600
SZ000001,20260105,B,1456743,pretrade_active_add,8686,8687,300,300,0,1,1,300
SZ000001,20260105,B,1460436,pretrade_active_add,8698,8699,10500,10500,0,1,4,10500
SZ000001,20260105,B,1485310,pretrade_active_add,8729,8730,1600,1600,0,1,1,1600
SZ000001,20260105,B,1487864,pretrade_active_add,8739,8740,1400,1400,0,1,1,1400
SZ000001,20260105,B,1506568,pretrade_active_add,8787,8788,100,100,0,1,1,100
SZ000001,20260105,B,1507098,pretrade_active_add,8789,8790,100,100,0,1,1,100
SZ000001,20260105,B,1513867,pretrade_active_add,8811,8812,1200,1200,0,1,1,1200
SZ000001,20260105,B,1519544,pretrade_active_add,8832,8833,5000,5000,0,1,3,5000
SZ000001,20260105,B,1523422,pretrade_active_add,8856,8857,10000,10000,0,1,3,10000
SZ000001,20260105,B,1564425,pretrade_active_add,8932,8933,25900,25900,0,1,21,25900
SZ000001,20260105,B,1570427,pretrade_active_add,8957,8958,200,200,0,1,1,200
SZ000001,20260105,B,1583615,pretrade_active_add,8971,8972,1900,1900,0,1,3,1900
SZ000001,20260105,B,1594479,pretrade_active_add,8983,8984,100,100,0,1,1,100
SZ000001,20260105,B,1600884,pretrade_active_add,8989,8990,5600,5600,0,1,6,5600
SZ000001,20260105,B,1620498,pretrade_active_add,9019,9020,200,200,0,1,1,200
SZ000001,20260105,B,1623508,pretrade_active_add,9023,9024,100,100,0,1,1,100
SZ000001,20260105,B,1623750,pretrade_active_add,9027,9028,100,100,0,1,1,100
SZ000001,20260105,B,1640299,pretrade_active_add,9046,9047,200,200,0,1,1,200
SZ000001,20260105,B,1687255,pretrade_active_add,9070,9071,900,900,0,1,3,900
SZ000001,20260105,B,1687636,pretrade_active_add,9074,9075,200,200,0,1,1,200
SZ000001,20260105,B,1695258,pretrade_active_add,9082,9083,100,100,0,1,1,100
SZ000001,20260105,B,1706822,pretrade_active_add,9093,9094,100,100,0,1,1,100
SZ000001,20260105,B,1726583,pretrade_active_add,9106,9107,100,100,0,1,1,100
SZ000001,20260105,B,1727450,pretrade_active_add,9108,9109,800,800,0,1,2,800
SZ000001,20260105,B,1729534,pretrade_active_add,9111,9112,100,100,0,1,1,100
SZ000001,20260105,B,1733913,pretrade_active_add,9113,9114,5000,5000,0,1,8,5000
SZ000001,20260105,B,1745446,pretrade_active_add,9128,9129,200,200,0,1,1,200
SZ000001,20260105,B,1745448,pretrade_active_add,9130,9131,500,500,0,1,2,500
SZ000001,20260105,B,1746986,trade_only_active,,9137,0,1600,0,0,1,1600
SZ000001,20260105,B,1774512,pretrade_active_add,9155,9156,4300,4300,0,1,3,4300
SZ000001,20260105,B,1781563,pretrade_active_add,9161,9162,600,600,0,1,1,600
SZ000001,20260105,B,1787975,pretrade_active_add,9172,9173,500,500,0,1,1,500
SZ000001,20260105,B,1798333,pretrade_active_add,9182,9183,300,300,0,1,1,300
SZ000001,20260105,B,1800915,pretrade_active_add,9187,9188,300,300,0,1,1,300
SZ000001,20260105,B,1800917,pretrade_active_add,9189,9190,300,300,0,1,1,300
SZ000001,20260105,B,1800920,pretrade_active_add,9191,9192,200,200,0,1,1,200
SZ000001,20260105,B,1800922,pretrade_active_add,9193,9194,100,100,0,1,1,100
SZ000001,20260105,B,1818374,pretrade_active_add,9207,9208,15400,15400,0,1,13,15400
SZ000001,20260105,B,1824357,pretrade_active_add,9221,9222,300,300,0,1,1,300
SZ000001,20260105,B,1828771,pretrade_active_add,9224,9225,300,300,0,1,1,300
SZ000001,20260105,B,1833259,pretrade_active_add,9228,9229,500,500,0,1,1,500
SZ000001,20260105,B,1848230,pretrade_active_add,9243,9244,16500,16500,0,1,14,16500
SZ000001,20260105,B,1849088,pretrade_active_add,9258,9259,2000,2000,0,1,2,2000
SZ000001,20260105,B,1850810,pretrade_active_add,9261,9262,1400,1400,0,1,1,1400
SZ000001,20260105,B,1850812,pretrade_active_add,9263,9264,4300,4300,0,1,3,4300
SZ000001,20260105,B,1854407,pretrade_active_add,9268,9269,100,100,0,1,1,100
SZ000001,20260105,B,1859908,pretrade_active_add,9273,9274,10000,10000,0,1,4,10000
SZ000001,20260105,B,1868157,pretrade_active_add,9281,9282,12300,12300,0,1,2,12300
SZ000001,20260105,B,1879254,pretrade_active_add,9294,9295,200,200,0,1,1,200
SZ000001,20260105,B,1879554,pretrade_active_add,9296,9297,18700,18700,0,1,7,18700
SZ000001,20260105,B,1900431,pretrade_active_add,9334,9335,300,300,0,1,1,300
SZ000001,20260105,B,1901099,pretrade_active_add,9336,9337,200,200,0,1,1,200
SZ000001,20260105,B,1917588,pretrade_active_add,9354,9355,100,100,0,1,1,100
SZ000001,20260105,B,1922497,pretrade_active_add,9357,9358,2300,2300,0,1,6,2300
SZ000001,20260105,B,1931860,pretrade_active_add,9369,9370,100,100,0,1,1,100
SZ000001,20260105,B,1931946,pretrade_active_add,9371,9372,100,100,0,1,1,100
SZ000001,20260105,B,1952601,pretrade_active_add,9383,9384,700,700,0,1,1,700
SZ000001,20260105,B,1953664,trade_only_active,,9386,0,400,0,0,1,400
SZ000001,20260105,B,1958140,pretrade_active_add,9390,9391,800,800,0,1,1,800
SZ000001,20260105,B,1965783,pretrade_active_add,9396,9397,500,500,0,1,1,500
SZ000001,20260105,B,1975136,pretrade_active_add,9403,9404,2200,2200,0,1,6,2200
SZ000001,20260105,B,1995241,pretrade_active_add,9420,9421,15500,15500,0,1,1,15500
SZ000001,20260105,B,1997542,pretrade_active_add,9422,9423,100,100,0,1,1,100
SZ000001,20260105,B,2015500,pretrade_active_add,9447,9448,10000,10000,0,1,1,10000
SZ000001,20260105,B,2029409,pretrade_active_add,9581,9582,600,600,0,1,1,600
SZ000001,20260105,B,2030882,pretrade_active_add,9583,9584,1000,1000,0,1,1,1000
SZ000001,20260105,B,2037847,pretrade_active_add,9587,9588,200,200,0,1,1,200
SZ000001,20260105,B,2054739,pretrade_active_add,9598,9599,25300,25300,0,1,4,25300
SZ000001,20260105,B,2093961,pretrade_active_add,9665,9666,100,100,0,1,1,100
SZ000001,20260105,B,2095894,pretrade_active_add,9667,9668,1000,1000,0,1,2,1000
SZ000001,20260105,B,2098032,pretrade_active_add,9674,9675,1800,1800,0,1,5,1800
SZ000001,20260105,B,2101299,pretrade_active_add,9680,9681,300,300,0,1,2,300
SZ000001,20260105,B,2110199,pretrade_active_add,9686,9687,100,100,0,1,1,100
SZ000001,20260105,B,2116731,pretrade_active_add,9692,9693,200,200,0,1,1,200
SZ000001,20260105,B,2123211,pretrade_active_add,9738,9739,200,200,0,1,1,200
SZ000001,20260105,B,2133209,pretrade_active_add,9746,9747,3500,3500,0,1,17,3500
SZ000001,20260105,B,2136147,pretrade_active_add,9765,9766,1000,1000,0,1,3,1000
SZ000001,20260105,B,2142565,pretrade_active_add,9769,9770,2000,2000,0,1,3,2000
SZ000001,20260105,B,2148680,pretrade_active_add,9776,9777,70400,70400,0,1,25,70400
SZ000001,20260105,B,2170404,pretrade_active_add,9821,9822,20000,4000,0,1,1,20000
SZ000001,20260105,B,2203380,pretrade_active_add,9853,9854,5000,5000,0,1,1,5000
SZ000001,20260105,B,2248328,pretrade_active_add,9924,9925,6100,6100,0,1,5,6100
SZ000001,20260105,B,2261704,pretrade_active_add,9936,9937,4800,1500,0,1,2,4800
SZ000001,20260105,B,2281527,pretrade_active_add,9956,9957,12800,11100,0,1,2,12800
SZ000001,20260105,B,2304788,pretrade_active_add,9987,9988,6000,6000,0,1,1,6000
SZ000001,20260105,B,2305664,pretrade_active_add,9989,9990,2300,2300,0,1,1,2300
SZ000001,20260105,B,2340732,pretrade_active_add,10028,10029,100,100,0,1,1,100
SZ000001,20260105,B,2340811,pretrade_active_add,10030,10031,800,100,0,1,1,800
SZ000001,20260105,B,2344660,pretrade_active_add,10034,10035,1000,1000,0,1,1,1000
SZ000001,20260105,B,2347145,pretrade_active_add,10037,10038,100,100,0,1,1,100
SZ000001,20260105,B,2347298,pretrade_active_add,10039,10040,100,100,0,1,1,100
SZ000001,20260105,B,2355209,pretrade_active_add,10058,10059,600,600,0,1,1,600
SZ000001,20260105,B,2388863,pretrade_active_add,10085,10086,11300,11300,0,1,10,11300
SZ000001,20260105,B,2388976,pretrade_active_add,10096,10097,8700,8700,0,1,5,8700
SZ000001,20260105,B,2397345,pretrade_active_add,10109,10110,800,800,0,1,2,800
SZ000001,20260105,B,2418103,pretrade_active_add,10135,10136,200,200,0,1,1,200
SZ000001,20260105,B,2419597,pretrade_active_add,10137,10138,6400,6400,0,1,3,6400
SZ000001,20260105,B,2426751,pretrade_active_add,10180,10181,1000,1000,0,1,1,1000
SZ000001,20260105,B,2440001,pretrade_active_add,10192,10193,100,100,0,1,1,100
SZ000001,20260105,B,2556755,pretrade_active_add,10327,10328,200,200,0,1,1,200
SZ000001,20260105,B,2556973,pretrade_active_add,10329,10330,900,900,0,1,1,900
SZ000001,20260105,B,2565529,pretrade_active_add,10341,10342,2000,2000,0,1,1,2000
SZ000001,20260105,B,2596170,pretrade_active_add,10364,10365,900,900,0,1,1,900
SZ000001,20260105,B,2598714,pretrade_active_add,10367,10368,50100,38600,0,1,2,50100
SZ000001,20260105,B,2615283,pretrade_active_add,10410,10411,800,800,0,1,1,800
SZ000001,20260105,B,2616034,pretrade_active_add,10412,10413,9600,9600,0,1,3,9600
SZ000001,20260105,B,2622624,pretrade_active_add,10417,10418,1000,800,0,1,1,1000
SZ000001,20260105,B,2625629,pretrade_active_add,10419,10420,40000,40000,0,1,4,40000
SZ000001,20260105,B,2638798,pretrade_active_add,10426,10427,2500,2500,0,1,1,2500
SZ000001,20260105,B,2639670,pretrade_active_add,10429,10430,3000,3000,0,1,2,3000
SZ000001,20260105,B,2646569,pretrade_active_add,10435,10436,100,100,0,1,1,100
SZ000001,20260105,B,2646848,pretrade_active_add,10437,10438,100,100,0,1,1,100
SZ000001,20260105,B,2646874,pretrade_active_add,10439,10440,100,100,0,1,1,100
SZ000001,20260105,B,2654736,pretrade_active_add,10442,10443,100,100,0,1,1,100
SZ000001,20260105,B,2662816,pretrade_active_add,10450,10451,100,100,0,1,1,100
SZ000001,20260105,B,2662828,pretrade_active_add,10452,10453,400,100,0,1,1,400
SZ000001,20260105,B,2685287,pretrade_active_add,10490,10491,100,100,0,1,1,100
SZ000001,20260105,B,2686497,pretrade_active_add,10493,10494,6000,6000,0,1,2,6000
SZ000001,20260105,B,2696622,pretrade_active_add,10502,10503,600,600,0,1,2,600
SZ000001,20260105,B,2706248,pretrade_active_add,10509,10510,35600,24800,0,1,23,35600
SZ000001,20260105,B,2727928,pretrade_active_add,10547,10548,6800,6800,0,1,1,6800
SZ000001,20260105,B,2875408,pretrade_active_add,10639,10640,4800,4800,0,1,11,4800
SZ000001,20260105,B,2883417,pretrade_active_add,10671,10672,100,100,0,1,1,100
SZ000001,20260105,B,2883429,pretrade_active_add,10673,10674,100,100,0,1,1,100
SZ000001,20260105,B,2908625,pretrade_active_add,10690,10691,200,200,0,1,2,200
SZ000001,20260105,B,2924490,pretrade_active_add,10699,10700,10800,10800,0,1,4,10800
SZ000001,20260105,B,2938485,pretrade_active_add,10708,10709,1200,600,0,1,2,1200
SZ000001,20260105,B,2953363,pretrade_active_add,10729,10730,400,400,0,1,1,400
SZ000001,20260105,B,2964510,pretrade_active_add,10739,10740,200,200,0,1,1,200
SZ000001,20260105,B,2966222,pretrade_active_add,10741,10742,4800,4800,0,1,1,4800
SZ000001,20260105,B,3004384,pretrade_active_add,10773,10774,500,500,0,1,1,500
SZ000001,20260105,B,3004560,pretrade_active_add,10776,10777,4800,4800,0,1,1,4800
SZ000001,20260105,B,3004904,pretrade_active_add,10778,10779,100,100,0,1,1,100
SZ000001,20260105,B,3027143,pretrade_active_add,10801,10802,1000,1000,0,1,1,1000
SZ000001,20260105,B,3050120,pretrade_active_add,10815,10816,200,200,0,1,1,200
SZ000001,20260105,B,3105427,pretrade_active_add,10871,10872,6000,6000,0,1,1,6000
SZ000001,20260105,B,3139750,pretrade_active_add,10906,10907,400,400,0,1,1,400
SZ000001,20260105,B,3150978,pretrade_active_add,10919,10920,9600,9600,0,1,4,9600
SZ000001,20260105,B,3191486,pretrade_active_add,10947,10948,1000,1000,0,1,2,1000
SZ000001,20260105,B,3197536,pretrade_active_add,10951,10952,4800,4800,0,1,5,4800
SZ000001,20260105,B,3221639,pretrade_active_add,10967,10968,1700,1700,0,1,2,1700
SZ000001,20260105,B,3229394,pretrade_active_add,10980,10981,4300,4300,0,1,1,4300
SZ000001,20260105,B,3244928,pretrade_active_add,11004,11005,6000,6000,0,1,5,6000
SZ000001,20260105,B,3248174,pretrade_active_add,11016,11017,202100,160400,0,1,17,202100
SZ000001,20260105,B,3266911,pretrade_active_add,11050,11051,100,100,0,1,1,100
SZ000001,20260105,B,3289356,pretrade_active_add,11069,11070,15600,15600,0,1,6,15600
SZ000001,20260105,B,3359350,pretrade_active_add,11148,11149,5900,5900,0,1,1,5900
SZ000001,20260105,B,3360864,pretrade_active_add,11151,11152,1000,1000,0,1,1,1000
SZ000001,20260105,B,3369023,pretrade_active_add,11161,11162,100,100,0,1,1,100
SZ000001,20260105,B,3421051,pretrade_active_add,11197,11198,2000,2000,0,1,1,2000
SZ000001,20260105,B,3439062,pretrade_active_add,11209,11210,3200,3200,0,1,3,3200
SZ000001,20260105,B,3440209,pretrade_active_add,11214,11215,1100,1100,0,1,1,1100
SZ000001,20260105,B,3458011,pretrade_active_add,11227,11228,1700,1700,0,1,1,1700
SZ000001,20260105,B,3458017,pretrade_active_add,11229,11230,1700,1700,0,1,1,1700
SZ000001,20260105,B,3459031,pretrade_active_add,11231,11232,1400,1400,0,1,1,1400
SZ000001,20260105,B,3466247,pretrade_active_add,11238,11239,9600,9600,0,1,4,9600
SZ000001,20260105,B,3492618,pretrade_active_add,11258,11259,500,500,0,1,1,500
SZ000001,20260105,B,3507887,pretrade_active_add,11278,11279,10800,10800,0,1,4,10800
SZ000001,20260105,B,3526015,pretrade_active_add,11292,11293,100,100,0,1,1,100
SZ000001,20260105,B,3534675,pretrade_active_add,11298,11299,5000,5000,0,1,1,5000
SZ000001,20260105,B,3539246,pretrade_active_add,11301,11302,200,200,0,1,1,200
SZ000001,20260105,B,3561508,pretrade_active_add,11318,11319,9600,9600,0,1,5,9600
SZ000001,20260105,B,3570814,pretrade_active_add,11344,11345,100,100,0,1,1,100
SZ000001,20260105,B,3570932,pretrade_active_add,11346,11347,200,200,0,1,1,200
SZ000001,20260105,B,3571403,pretrade_active_add,11348,11349,100,100,0,1,1,100
SZ000001,20260105,B,3572480,pretrade_active_add,11350,11351,700,700,0,1,1,700
SZ000001,20260105,B,3579231,pretrade_active_add,11354,11355,300,300,0,1,1,300
SZ000001,20260105,B,3580082,pretrade_active_add,11356,11357,1000,1000,0,1,1,1000
SZ000001,20260105,B,3581837,pretrade_active_add,11360,11361,100,100,0,1,1,100
SZ000001,20260105,B,3582926,pretrade_active_add,11362,11363,100,100,0,1,1,100
SZ000001,20260105,B,3583085,pretrade_active_add,11364,11365,100,100,0,1,1,100
SZ000001,20260105,B,3583779,pretrade_active_add,11366,11367,100,100,0,1,1,100
SZ000001,20260105,B,3599980,pretrade_active_add,11373,11374,2000,2000,0,1,1,2000
SZ000001,20260105,B,3601575,pretrade_active_add,11376,11377,100,100,0,1,1,100
SZ000001,20260105,B,3612388,pretrade_active_add,11382,11383,3100,3100,0,1,1,3100
SZ000001,20260105,B,3612793,pretrade_active_add,11385,11386,100,100,0,1,1,100
SZ000001,20260105,B,3612863,pretrade_active_add,11387,11388,4800,4800,0,1,1,4800
SZ000001,20260105,B,3613125,pretrade_active_add,11389,11390,4600,4600,0,1,1,4600
SZ000001,20260105,B,3613127,pretrade_active_add,11391,11392,500,500,0,1,1,500
SZ000001,20260105,B,3613514,pretrade_active_add,11393,11394,15500,6800,0,1,4,15500
SZ000001,20260105,B,3614067,pretrade_active_add,11398,11399,6600,6600,0,1,4,6600
SZ000001,20260105,B,3639515,pretrade_active_add,11427,11428,200,200,0,1,1,200
SZ000001,20260105,B,3643226,pretrade_active_add,11434,11435,1300,1300,0,1,1,1300
SZ000001,20260105,B,3644819,pretrade_active_add,11437,11438,500,500,0,1,1,500
SZ000001,20260105,B,3649817,pretrade_active_add,11443,11444,1700,1700,0,1,1,1700
SZ000001,20260105,B,3657535,pretrade_active_add,11445,11446,600,600,0,1,1,600
SZ000001,20260105,B,3666713,pretrade_active_add,11450,11451,6000,6000,0,1,1,6000
SZ000001,20260105,B,3669776,pretrade_active_add,11455,11456,200,200,0,1,1,200
SZ000001,20260105,B,3670346,pretrade_active_add,11457,11458,900,900,0,1,1,900
SZ000001,20260105,B,3670352,pretrade_active_add,11459,11460,100,100,0,1,1,100
SZ000001,20260105,B,3686008,pretrade_active_add,11470,11471,100,100,0,1,1,100
SZ000001,20260105,B,3687327,pretrade_active_add,11479,11480,2600,2600,0,1,1,2600
SZ000001,20260105,B,3697844,pretrade_active_add,11484,11485,3500,3500,0,1,1,3500
SZ000001,20260105,B,3704056,pretrade_active_add,11488,11489,3000,3000,0,1,2,3000
SZ000001,20260105,B,3706929,pretrade_active_add,11496,11497,100,100,0,1,1,100
SZ000001,20260105,B,3712701,pretrade_active_add,11502,11503,200,200,0,1,1,200
SZ000001,20260105,B,3715324,pretrade_active_add,11504,11505,1900,1900,0,1,2,1900
SZ000001,20260105,B,3719175,pretrade_active_add,11513,11514,100,100,0,1,1,100
SZ000001,20260105,B,3726318,pretrade_active_add,11523,11524,1000,1000,0,1,1,1000
SZ000001,20260105,B,3734473,pretrade_active_add,11527,11528,400,400,0,1,1,400
SZ000001,20260105,B,3737696,pretrade_active_add,11532,11533,2000,2000,0,1,1,2000
SZ000001,20260105,B,3738156,pretrade_active_add,11534,11535,300,300,0,1,1,300
SZ000001,20260105,B,3744834,pretrade_active_add,11541,11542,600,600,0,1,2,600
SZ000001,20260105,B,3750410,pretrade_active_add,11545,11546,300,300,0,1,1,300
SZ000001,20260105,B,3763481,pretrade_active_add,11558,11559,5600,5600,0,1,1,5600
SZ000001,20260105,B,3767142,pretrade_active_add,11560,11561,4800,4800,0,1,4,4800
SZ000001,20260105,B,3769587,pretrade_active_add,11572,11573,600,600,0,1,1,600
SZ000001,20260105,B,3769594,pretrade_active_add,11574,11575,800,800,0,1,1,800
SZ000001,20260105,B,3771942,pretrade_active_add,11579,11580,600,600,0,1,1,600
SZ000001,20260105,B,3772342,pretrade_active_add,11581,11582,800,800,0,1,2,800
SZ000001,20260105,B,3772354,pretrade_active_add,11584,11585,800,800,0,1,1,800
SZ000001,20260105,B,3777918,pretrade_active_add,11588,11589,5000,5000,0,1,3,5000
SZ000001,20260105,B,3785309,pretrade_active_add,11597,11598,1800,1800,0,1,1,1800
SZ000001,20260105,B,3832963,pretrade_active_add,11630,11631,600,600,0,1,1,600
SZ000001,20260105,B,3834330,pretrade_active_add,11632,11633,300,300,0,1,1,300
SZ000001,20260105,B,3853052,pretrade_active_add,11646,11647,500,500,0,1,1,500
SZ000001,20260105,B,3853119,pretrade_active_add,11648,11649,10800,10800,0,1,5,10800
SZ000001,20260105,B,3861495,pretrade_active_add,11661,11662,6500,6500,0,1,1,6500
SZ000001,20260105,B,3870972,pretrade_active_add,11665,11666,200,200,0,1,1,200
SZ000001,20260105,B,3875132,pretrade_active_add,11668,11669,200,200,0,1,1,200
SZ000001,20260105,B,3878296,pretrade_active_add,11672,11673,15800,15800,0,1,1,15800
SZ000001,20260105,B,3886225,pretrade_active_add,11683,11684,2500,2500,0,1,1,2500
SZ000001,20260105,B,3888537,pretrade_active_add,11686,11687,1800,1800,0,1,1,1800
SZ000001,20260105,B,3894073,pretrade_active_add,11696,11697,9600,9600,0,1,1,9600
SZ000001,20260105,B,3894425,pretrade_active_add,11698,11699,2400,2400,0,1,1,2400
SZ000001,20260105,B,3898203,pretrade_active_add,11702,11703,300,300,0,1,1,300
SZ000001,20260105,B,3902220,pretrade_active_add,11705,11706,500,500,0,1,1,500
SZ000001,20260105,B,3914978,pretrade_active_add,11717,11718,3200,3200,0,1,1,3200
SZ000001,20260105,B,3933434,pretrade_active_add,11728,11729,10800,10800,0,1,6,10800
SZ000001,20260105,B,3934573,pretrade_active_add,11739,11740,2800,2800,0,1,1,2800
SZ000001,20260105,B,3936847,pretrade_active_add,11743,11744,1800,1800,0,1,2,1800
SZ000001,20260105,B,3961932,pretrade_active_add,11755,11756,100,100,0,1,1,100
SZ000001,20260105,B,3969920,pretrade_active_add,11762,11763,100100,50000,0,1,17,100100
SZ000001,20260105,B,4007858,pretrade_active_add,11820,11821,100,100,0,1,1,100
SZ000001,20260105,B,4016644,pretrade_active_add,11824,11825,3600,3600,0,1,3,3600
SZ000001,20260105,B,4080933,pretrade_active_add,11879,11880,300,300,0,1,2,300
SZ000001,20260105,B,4128876,pretrade_active_add,11910,11911,400,400,0,1,1,400
SZ000001,20260105,B,4163831,pretrade_active_add,11988,11989,500,500,0,1,1,500
SZ000001,20260105,B,4167902,pretrade_active_add,11992,11993,5000,5000,0,1,1,5000
SZ000001,20260105,B,4170478,pretrade_active_add,11995,11996,500,500,0,1,1,500
SZ000001,20260105,B,4171454,pretrade_active_add,11999,12000,200,200,0,1,1,200
SZ000001,20260105,B,4172263,pretrade_active_add,12004,12005,14200,14200,0,1,2,14200
SZ000001,20260105,B,4173174,pretrade_active_add,12007,12008,300,300,0,1,1,300
SZ000001,20260105,B,4176279,pretrade_active_add,12011,12012,500,500,0,1,1,500
SZ000001,20260105,B,4178251,pretrade_active_add,12013,12014,700,700,0,1,1,700
SZ000001,20260105,B,4196248,pretrade_active_add,12027,12028,9400,9400,0,1,1,9400
SZ000001,20260105,B,4204169,pretrade_active_add,12031,12032,200,200,0,1,1,200
SZ000001,20260105,B,4225975,pretrade_active_add,12050,12051,3700,3700,0,1,1,3700
SZ000001,20260105,B,4233572,pretrade_active_add,12056,12057,5000,5000,0,1,2,5000
SZ000001,20260105,B,4234905,pretrade_active_add,12061,12062,1000,1000,0,1,1,1000
SZ000001,20260105,B,4248581,pretrade_active_add,12079,12080,2400,2400,0,1,1,2400
SZ000001,20260105,B,4259984,pretrade_active_add,12090,12091,100,100,0,1,1,100
SZ000001,20260105,B,4270407,pretrade_active_add,12102,12103,1500,1500,0,1,1,1500
SZ000001,20260105,B,4275951,pretrade_active_add,12104,12105,10000,10000,0,1,2,10000
SZ000001,20260105,B,4278963,pretrade_active_add,12110,12111,3500,3500,0,1,1,3500
SZ000001,20260105,B,4279604,pretrade_active_add,12112,12113,500,500,0,1,1,500
SZ000001,20260105,B,4282521,pretrade_active_add,12114,12115,10000,10000,0,1,5,10000
SZ000001,20260105,B,4289084,pretrade_active_add,12128,12129,600,600,0,1,1,600
SZ000001,20260105,B,4306683,pretrade_active_add,12142,12143,100,100,0,1,1,100
SZ000001,20260105,B,4306924,pretrade_active_add,12144,12145,3000,3000,0,1,1,3000
SZ000001,20260105,B,4313083,pretrade_active_add,12150,12151,4000,4000,0,1,1,4000
SZ000001,20260105,B,4317736,pretrade_active_add,12157,12158,73800,58200,0,1,12,73800
SZ000001,20260105,B,5985798,trade_only_active,,15377,0,1000,0,0,4,1000
SZ000001,20260105,B,6026315,trade_only_active,,15551,0,8000,0,0,1,8000
SZ000001,20260105,B,6057119,trade_only_active,,15654,0,2700,0,0,1,2700
SZ000001,20260105,B,6196411,trade_only_active,,16017,0,10800,0,0,12,10800
SZ000001,20260105,B,6374714,trade_only_active,,16242,0,200,0,0,1,200
SZ000001,20260105,B,6418577,trade_only_active,,16513,0,10800,0,0,10,10800
SZ000001,20260105,B,6560725,trade_only_active,,16907,0,2700,0,0,1,2700
SZ000001,20260105,B,6955604,trade_only_active,,17333,0,4800,0,0,3,4800
SZ000001,20260105,B,7447871,trade_only_active,,18048,0,4800,0,0,1,4800
SZ000001,20260105,B,7905039,trade_only_active,,18628,0,1600,0,0,1,1600
SZ000001,20260105,B,8198183,trade_only_active,,19451,0,1600,0,0,1,1600
SZ000001,20260105,B,8700169,trade_only_active,,20240,0,3200,0,0,3,3200
SZ000001,20260105,B,8770300,trade_only_active,,20358,0,1600,0,0,3,1600
SZ000001,20260105,B,8982820,trade_only_active,,20583,0,2400,0,0,1,2400
SZ000001,20260105,B,9069015,trade_only_active,,20668,0,4800,0,0,1,4800
SZ000001,20260105,B,9221054,trade_only_active,,21395,0,1600,0,0,3,1600
SZ000001,20260105,B,9280519,trade_only_active,,21522,0,1600,0,0,1,1600
SZ000001,20260105,B,9488600,trade_only_active,,21994,0,1600,0,0,1,1600
SZ000001,20260105,B,9712686,trade_only_active,,22298,0,1600,0,0,1,1600
SZ000001,20260105,B,9792464,trade_only_active,,22406,0,3200,0,0,1,3200
SZ000001,20260105,B,9930738,trade_only_active,,22541,0,1600,0,0,1,1600
SZ000001,20260105,B,10115844,trade_only_active,,22880,0,1600,0,0,1,1600
SZ000001,20260105,B,10127583,trade_only_active,,22908,0,6400,0,0,6,6400
SZ000001,20260105,B,10173099,trade_only_active,,22977,0,1600,0,0,3,1600
SZ000001,20260105,B,10338626,trade_only_active,,23151,0,3200,0,0,1,3200
SZ000001,20260105,B,10375940,trade_only_active,,23239,0,1600,0,0,1,1600
SZ000001,20260105,B,10647310,trade_only_active,,23589,0,700,0,0,1,700
SZ000001,20260105,B,11184705,trade_only_active,,24596,0,1600,0,0,1,1600
SZ000001,20260105,B,11228367,trade_only_active,,24668,0,1600,0,0,3,1600
SZ000001,20260105,B,11244289,trade_only_active,,24704,0,1600,0,0,1,1600
SZ000001,20260105,B,11300296,trade_only_active,,24845,0,100,0,0,1,100
SZ000001,20260105,B,11351788,trade_only_active,,24908,0,2700,0,0,1,2700
SZ000001,20260105,B,11386506,trade_only_active,,24953,0,1600,0,0,1,1600
SZ000001,20260105,B,11398478,trade_only_active,,24985,0,3200,0,0,4,3200
SZ000001,20260105,B,11440520,trade_only_active,,25109,0,1600,0,0,2,1600
SZ000001,20260105,B,11461200,trade_only_active,,25148,0,1600,0,0,2,1600
SZ000001,20260105,B,11657942,trade_only_active,,25437,0,1600,0,0,1,1600
SZ000001,20260105,B,11680425,trade_only_active,,25463,0,1600,0,0,1,1600
SZ000001,20260105,B,11832326,trade_only_active,,26500,0,2700,0,0,1,2700
SZ000001,20260105,B,11832336,trade_only_active,,26502,0,1600,0,0,1,1600
SZ000001,20260105,B,11848924,trade_only_active,,26521,0,2700,0,0,1,2700
SZ000001,20260105,B,11957909,trade_only_active,,26694,0,6400,0,0,1,6400
SZ000001,20260105,B,12170874,trade_only_active,,27315,0,1600,0,0,1,1600
SZ000001,20260105,B,12237240,trade_only_active,,27460,0,1600,0,0,2,1600
SZ000001,20260105,B,12329251,trade_only_active,,27597,0,1600,0,0,1,1600
SZ000001,20260105,B,12397833,trade_only_active,,27698,0,2700,0,0,5,2700
SZ000001,20260105,B,12398016,trade_only_active,,27705,0,1600,0,0,1,1600
SZ000001,20260105,B,12408299,trade_only_active,,27717,0,1600,0,0,1,1600
SZ000001,20260105,B,12449332,trade_only_active,,28054,0,3200,0,0,4,3200
SZ000001,20260105,B,12487684,trade_only_active,,28164,0,3200,0,0,1,3200
SZ000001,20260105,B,12599739,trade_only_active,,28519,0,4800,0,0,3,4800
SZ000001,20260105,B,12614795,trade_only_active,,28553,0,1000,0,0,1,1000
SZ000001,20260105,B,12724340,trade_only_active,,28821,0,1600,0,0,1,1600
SZ000001,20260105,B,12730466,trade_only_active,,28833,0,1600,0,0,1,1600
SZ000001,20260105,B,12750072,trade_only_active,,28877,0,1600,0,0,2,1600
SZ000001,20260105,B,12750079,trade_only_active,,28880,0,2700,0,0,3,2700
SZ000001,20260105,B,12775589,trade_only_active,,28929,0,1600,0,0,1,1600
SZ000001,20260105,B,12775610,trade_only_active,,28931,0,2700,0,0,1,2700
SZ000001,20260105,B,12938982,trade_only_active,,29124,0,1600,0,0,1,1600
SZ000001,20260105,B,13011532,trade_only_active,,29231,0,2700,0,0,2,2700
SZ000001,20260105,B,13023390,trade_only_active,,29254,0,2700,0,0,1,2700
SZ000001,20260105,B,13098181,trade_only_active,,29352,0,2700,0,0,1,2700
SZ000001,20260105,B,13111870,trade_only_active,,29380,0,2700,0,0,1,2700
SZ000001,20260105,B,13183533,trade_only_active,,29679,0,5400,0,0,3,5400
SZ000001,20260105,B,13184952,trade_only_active,,29683,0,2000,0,0,2,2000
SZ000001,20260105,B,13191101,trade_only_active,,29702,0,2000,0,0,2,2000
SZ000001,20260105,B,13202550,trade_only_active,,29737,0,2000,0,0,1,2000
SZ000001,20260105,B,13208169,trade_only_active,,29749,0,18900,0,0,2,18900
SZ000001,20260105,B,13351247,trade_only_active,,29949,0,400,0,0,1,400
SZ000001,20260105,B,13427565,trade_only_active,,30064,0,1600,0,0,1,1600
SZ000001,20260105,B,13451620,trade_only_active,,30097,0,1600,0,0,1,1600
SZ000001,20260105,B,13465113,trade_only_active,,30124,0,1600,0,0,1,1600
SZ000001,20260105,B,13465765,trade_only_active,,30126,0,2700,0,0,1,2700
SZ000001,20260105,B,13479608,trade_only_active,,30190,0,1600,0,0,1,1600
SZ000001,20260105,B,13507047,trade_only_active,,30222,0,1600,0,0,1,1600
SZ000001,20260105,B,13524535,trade_only_active,,30253,0,1600,0,0,1,1600
SZ000001,20260105,B,13540731,trade_only_active,,30273,0,1000,0,0,1,1000
SZ000001,20260105,B,13619723,trade_only_active,,30375,0,2000,0,0,1,2000
SZ000001,20260105,B,13624620,trade_only_active,,30381,0,2000,0,0,1,2000
SZ000001,20260105,B,13629859,trade_only_active,,30388,0,2000,0,0,1,2000
SZ000001,20260105,B,13634629,trade_only_active,,30400,0,1600,0,0,1,1600
SZ000001,20260105,B,13635714,trade_only_active,,30404,0,2000,0,0,1,2000
SZ000001,20260105,B,13642176,trade_only_active,,30420,0,2000,0,0,1,2000
SZ000001,20260105,B,13647379,trade_only_active,,30428,0,2000,0,0,1,2000
SZ000001,20260105,B,13678550,trade_only_active,,30465,0,1600,0,0,1,1600
SZ000001,20260105,B,13767513,trade_only_active,,30571,0,1600,0,0,1,1600
SZ000001,20260105,B,13898949,trade_only_active,,30831,0,2000,0,0,1,2000
SZ000001,20260105,B,13931514,trade_only_active,,31204,0,1600,0,0,1,1600
SZ000001,20260105,B,13949427,trade_only_active,,31256,0,1600,0,0,1,1600
SZ000001,20260105,B,13989219,trade_only_active,,31336,0,1600,0,0,1,1600
SZ000001,20260105,B,14008034,trade_only_active,,31372,0,4800,0,0,1,4800
SZ000001,20260105,B,14118767,trade_only_active,,31569,0,3200,0,0,1,3200
SZ000001,20260105,B,14157355,trade_only_active,,31617,0,1600,0,0,1,1600
SZ000001,20260105,B,14250918,trade_only_active,,31755,0,1600,0,0,1,1600
SZ000001,20260105,B,14812327,trade_only_active,,33161,0,2700,0,0,1,2700
SZ000001,20260105,B,14862805,trade_only_active,,33239,0,2700,0,0,1,2700
SZ000001,20260105,B,15170757,trade_only_active,,34255,0,2700,0,0,1,2700
SZ000001,20260105,B,15186517,trade_only_active,,34299,0,13500,0,0,12,13500
SZ000001,20260105,B,15206979,trade_only_active,,34377,0,1600,0,0,6,1600
SZ000001,20260105,B,15303279,trade_only_active,,34655,0,4800,0,0,1,4800
SZ000001,20260105,B,15312983,trade_only_active,,34663,0,2700,0,0,1,2700
SZ000001,20260105,B,15383724,trade_only_active,,34785,0,1600,0,0,1,1600
SZ000001,20260105,B,15462076,trade_only_active,,34963,0,2700,0,0,3,2700
SZ000001,20260105,B,15628187,trade_only_active,,35241,0,2700,0,0,1,2700
SZ000001,20260105,B,15639155,trade_only_active,,35284,0,1600,0,0,6,1600
SZ000001,20260105,B,15793243,trade_only_active,,35762,0,1600,0,0,3,1600
SZ000001,20260105,B,15811481,trade_only_active,,36000,0,1600,0,0,1,1600
SZ000001,20260105,B,15838525,trade_only_active,,36071,0,3200,0,0,1,3200
SZ000001,20260105,B,16070227,trade_only_active,,36640,0,1600,0,0,1,1600
SZ000001,20260105,B,16267919,trade_only_active,,37399,0,1000,0,0,1,1000
SZ000001,20260105,B,16433800,trade_only_active,,37653,0,2000,0,0,5,2000
SZ000001,20260105,B,16442957,trade_only_active,,37673,0,2000,0,0,1,2000
SZ000001,20260105,B,16450634,trade_only_active,,37690,0,2000,0,0,3,2000
SZ000001,20260105,B,16464836,trade_only_active,,37776,0,2000,0,0,5,2000
SZ000001,20260105,B,16509238,trade_only_active,,38470,0,2700,0,0,1,2700
SZ000001,20260105,B,16545666,trade_only_active,,38525,0,2700,0,0,1,2700
SZ000001,20260105,B,16587246,trade_only_active,,38614,0,1600,0,0,6,1600
SZ000001,20260105,B,16726623,trade_only_active,,38914,0,2700,0,0,1,2700
SZ000001,20260105,B,16737343,trade_only_active,,38933,0,5400,0,0,1,5400
SZ000001,20260105,B,16748018,trade_only_active,,38954,0,2700,0,0,1,2700
SZ000001,20260105,B,16758512,trade_only_active,,38972,0,5400,0,0,1,5400
SZ000001,20260105,B,16804681,trade_only_active,,39051,0,2700,0,0,1,2700
SZ000001,20260105,B,16814197,trade_only_active,,39087,0,2700,0,0,1,2700
SZ000001,20260105,B,16829077,trade_only_active,,39114,0,2700,0,0,1,2700
SZ000001,20260105,B,16848644,trade_only_active,,39152,0,5400,0,0,1,5400
SZ000001,20260105,B,16877331,trade_only_active,,39214,0,1600,0,0,1,1600
SZ000001,20260105,B,16938777,trade_only_active,,39631,0,400,0,0,1,400
SZ000001,20260105,B,17010306,trade_only_active,,40051,0,1000,0,0,1,1000
SZ000001,20260105,B,17053865,trade_only_active,,40161,0,1000,0,0,1,1000
SZ000001,20260105,B,17062131,trade_only_active,,40186,0,1600,0,0,2,1600
SZ000001,20260105,B,17197540,trade_only_active,,40421,0,16200,0,0,11,16200
SZ000001,20260105,B,17270318,trade_only_active,,40631,0,2700,0,0,1,2700
SZ000001,20260105,B,17298122,trade_only_active,,40689,0,2700,0,0,1,2700
SZ000001,20260105,B,17320763,trade_only_active,,40716,0,2700,0,0,1,2700
SZ000001,20260105,B,17440439,trade_only_active,,40898,0,1600,0,0,1,1600
SZ000001,20260105,B,17483901,trade_only_active,,40975,0,2700,0,0,1,2700
SZ000001,20260105,B,17579874,trade_only_active,,41345,0,1600,0,0,1,1600
SZ000001,20260105,B,17593836,trade_only_active,,41365,0,1600,0,0,1,1600
SZ000001,20260105,B,18318808,trade_only_active,,42517,0,1000,0,0,1,1000
SZ000001,20260105,B,18445257,trade_only_active,,43113,0,1600,0,0,1,1600
SZ000001,20260105,B,18541840,trade_only_active,,43322,0,2700,0,0,1,2700
SZ000001,20260105,B,18920456,trade_only_active,,44029,0,8100,0,0,1,8100
SZ000001,20260105,B,18945675,trade_only_active,,44071,0,2700,0,0,5,2700
SZ000001,20260105,B,18968283,trade_only_active,,44093,0,1600,0,0,3,1600
SZ000001,20260105,B,18977119,trade_only_active,,44108,0,5400,0,0,9,5400
SZ000001,20260105,B,18988048,trade_only_active,,44129,0,2700,0,0,5,2700
SZ000001,20260105,B,19874281,trade_only_active,,45985,0,5400,0,0,7,5400
SZ000001,20260105,B,19902440,trade_only_active,,46047,0,13500,0,0,2,13500
SZ000001,20260105,B,20268246,trade_only_active,,46912,0,13500,0,0,1,13500
SZ000001,20260105,B,21007564,trade_only_active,,48166,0,1600,0,0,1,1600
SZ000001,20260105,B,21105261,trade_only_active,,48265,0,1600,0,0,1,1600
SZ000001,20260105,B,21115016,trade_only_active,,48287,0,3200,0,0,4,3200
SZ000001,20260105,B,21125522,trade_only_active,,48357,0,1600,0,0,5,1600
SZ000001,20260105,B,21241014,trade_only_active,,49137,0,1600,0,0,1,1600
SZ000001,20260105,B,21298026,trade_only_active,,49551,0,400,0,0,1,400
SZ000001,20260105,B,21677212,trade_only_active,,51113,0,2000,0,0,1,2000
SZ000001,20260105,B,21701818,trade_only_active,,51163,0,1600,0,0,1,1600
SZ000001,20260105,B,21720245,trade_only_active,,51199,0,3200,0,0,1,3200
SZ000001,20260105,B,21730036,trade_only_active,,51222,0,1600,0,0,1,1600
SZ000001,20260105,B,21755210,trade_only_active,,51290,0,3200,0,0,1,3200
SZ000001,20260105,B,21765144,trade_only_active,,51321,0,4800,0,0,1,4800
SZ000001,20260105,B,21782555,trade_only_active,,51386,0,1600,0,0,1,1600
SZ000001,20260105,B,21932026,trade_only_active,,51644,0,1600,0,0,1,1600
SZ000001,20260105,B,21968981,trade_only_active,,51750,0,1600,0,0,1,1600
SZ000001,20260105,B,21976528,trade_only_active,,51763,0,1600,0,0,1,1600
SZ000001,20260105,B,22078331,trade_only_active,,51958,0,1600,0,0,1,1600
SZ000001,20260105,B,22395656,trade_only_active,,53331,0,1600,0,0,3,1600
SZ000001,20260105,B,22518238,trade_only_active,,54208,0,1600,0,0,2,1600
SZ000001,20260105,B,22740681,trade_only_active,,54830,0,1600,0,0,1,1600
SZ000001,20260105,B,22796971,trade_only_active,,55148,0,1600,0,0,1,1600
SZ000001,20260105,B,22799449,trade_only_active,,55156,0,1000,0,0,1,1000
SZ000001,20260105,B,22803131,trade_only_active,,55171,0,3200,0,0,1,3200
SZ000001,20260105,B,22856956,trade_only_active,,55314,0,4800,0,0,1,4800
SZ000001,20260105,B,22878890,trade_only_active,,55407,0,3200,0,0,1,3200
SZ000001,20260105,B,22903198,trade_only_active,,55511,0,1600,0,0,1,1600
SZ000001,20260105,B,22936685,trade_only_active,,55582,0,4800,0,0,2,4800
SZ000001,20260105,B,22972609,trade_only_active,,55744,0,3200,0,0,2,3200
SZ000001,20260105,B,23224123,trade_only_active,,57124,0,1600,0,0,1,1600
SZ000001,20260105,B,23280755,trade_only_active,,57310,0,1600,0,0,1,1600
SZ000001,20260105,B,23433286,trade_only_active,,57559,0,1600,0,0,1,1600
SZ000001,20260105,B,23459868,trade_only_active,,57612,0,1600,0,0,1,1600
SZ000001,20260105,B,23520941,trade_only_active,,57715,0,1600,0,0,1,1600
SZ000001,20260105,B,23733189,trade_only_active,,58562,0,1600,0,0,1,1600
SZ000001,20260105,B,23900341,trade_only_active,,59077,0,1600,0,0,2,1600
SZ000001,20260105,B,23941461,trade_only_active,,59143,0,3200,0,0,2,3200
SZ000001,20260105,B,23980046,trade_only_active,,59269,0,2000,0,0,3,2000
SZ000001,20260105,B,23985139,trade_only_active,,59286,0,1600,0,0,3,1600
SZ000001,20260105,B,23994881,trade_only_active,,59323,0,3200,0,0,1,3200
SZ000001,20260105,B,24007647,trade_only_active,,59350,0,4800,0,0,3,4800
SZ000001,20260105,B,24019064,trade_only_active,,59383,0,1600,0,0,1,1600
SZ000001,20260105,B,24150002,trade_only_active,,59794,0,1000,0,0,1,1000
SZ000001,20260105,B,24181402,trade_only_active,,59837,0,1600,0,0,1,1600
SZ000001,20260105,B,24216363,trade_only_active,,59891,0,1600,0,0,1,1600
SZ000001,20260105,B,24223871,trade_only_active,,59930,0,1000,0,0,2,1000
SZ000001,20260105,B,24230559,trade_only_active,,59938,0,1600,0,0,3,1600
SZ000001,20260105,B,24252094,trade_only_active,,59982,0,1600,0,0,2,1600
SZ000001,20260105,B,24329737,trade_only_active,,60083,0,1600,0,0,5,1600
SZ000001,20260105,B,24357112,trade_only_active,,60136,0,1000,0,0,3,1000
SZ000001,20260105,B,24383421,trade_only_active,,60187,0,6400,0,0,2,6400
SZ000001,20260105,B,24395463,trade_only_active,,60215,0,1600,0,0,1,1600
SZ000001,20260105,B,24412427,trade_only_active,,60254,0,3200,0,0,1,3200
SZ000001,20260105,B,24428031,trade_only_active,,60294,0,1600,0,0,1,1600
SZ000001,20260105,B,24581517,trade_only_active,,60940,0,1600,0,0,1,1600
SZ000001,20260105,B,24603309,trade_only_active,,60978,0,1600,0,0,1,1600
SZ000001,20260105,B,24623033,trade_only_active,,61003,0,1600,0,0,1,1600
SZ000001,20260105,B,24631563,trade_only_active,,61020,0,1600,0,0,1,1600
SZ000001,20260105,B,24641342,trade_only_active,,61051,0,3200,0,0,3,3200
SZ000001,20260105,B,24654289,trade_only_active,,61087,0,1600,0,0,1,1600
SZ000001,20260105,B,24674390,trade_only_active,,61136,0,1600,0,0,1,1600
SZ000001,20260105,B,24700172,trade_only_active,,61226,0,3200,0,0,1,3200
SZ000001,20260105,B,24706281,trade_only_active,,61238,0,1600,0,0,1,1600
SZ000001,20260105,B,24819837,trade_only_active,,61438,0,2000,0,0,1,2000
SZ000001,20260105,B,24824747,trade_only_active,,61455,0,2000,0,0,1,2000
SZ000001,20260105,B,24829258,trade_only_active,,61468,0,2000,0,0,1,2000
SZ000001,20260105,B,24834212,trade_only_active,,61475,0,2000,0,0,5,2000
SZ000001,20260105,B,24966436,trade_only_active,,61772,0,1600,0,0,3,1600
SZ000001,20260105,B,24996641,trade_only_active,,61809,0,3200,0,0,1,3200
SZ000001,20260105,B,25009313,trade_only_active,,61838,0,3200,0,0,4,3200
SZ000001,20260105,B,25024548,trade_only_active,,61881,0,1600,0,0,3,1600
SZ000001,20260105,B,25045074,trade_only_active,,61933,0,1600,0,0,4,1600
SZ000001,20260105,B,25358517,trade_only_active,,62448,0,3200,0,0,1,3200
SZ000001,20260105,B,25372527,trade_only_active,,62494,0,4800,0,0,2,4800
SZ000001,20260105,B,25470824,trade_only_active,,62857,0,1600,0,0,2,1600
SZ000001,20260105,B,25544127,trade_only_active,,62993,0,1600,0,0,1,1600
SZ000001,20260105,B,25553514,trade_only_active,,63010,0,4800,0,0,1,4800
SZ000001,20260105,B,25610820,trade_only_active,,63122,0,1600,0,0,1,1600
SZ000001,20260105,B,25617786,trade_only_active,,63131,0,4800,0,0,2,4800
SZ000001,20260105,B,25747045,trade_only_active,,63373,0,1000,0,0,1,1000
SZ000001,20260105,B,25813201,trade_only_active,,63707,0,1600,0,0,1,1600
SZ000001,20260105,B,25967351,trade_only_active,,64035,0,1600,0,0,1,1600
SZ000001,20260105,B,25978098,trade_only_active,,64057,0,3200,0,0,1,3200
SZ000001,20260105,B,25991845,trade_only_active,,64081,0,1600,0,0,1,1600
SZ000001,20260105,B,26002352,trade_only_active,,64102,0,3200,0,0,1,3200
SZ000001,20260105,B,26017475,trade_only_active,,64128,0,1600,0,0,1,1600
SZ000001,20260105,B,26027542,trade_only_active,,64135,0,1600,0,0,1,1600
SZ000001,20260105,B,26191573,trade_only_active,,64745,0,5400,0,0,1,5400
SZ000001,20260105,B,26211164,trade_only_active,,64816,0,1600,0,0,5,1600
SZ000001,20260105,B,26336404,trade_only_active,,65109,0,1600,0,0,1,1600
SZ000001,20260105,B,26382829,trade_only_active,,65191,0,3000,0,0,1,3000
SZ000001,20260105,B,26602206,trade_only_active,,65534,0,1600,0,0,1,1600
SZ000001,20260105,B,26622027,trade_only_active,,65592,0,2700,0,0,1,2700
SZ000001,20260105,B,26622777,trade_only_active,,65595,0,1600,0,0,2,1600
SZ000001,20260105,B,26647960,trade_only_active,,65651,0,3200,0,0,5,3200
SZ000001,20260105,B,26724907,trade_only_active,,65846,0,1600,0,0,1,1600
SZ000001,20260105,B,26744494,trade_only_active,,65921,0,1600,0,0,6,1600
SZ000001,20260105,B,26946287,trade_only_active,,66565,0,1600,0,0,1,1600
SZ000001,20260105,B,26992720,trade_only_active,,66704,0,3200,0,0,1,3200
SZ000001,20260105,B,27094873,trade_only_active,,66983,0,1600,0,0,2,1600
SZ000001,20260105,B,27116102,trade_only_active,,67020,0,1600,0,0,2,1600
SZ000001,20260105,B,27297368,trade_only_active,,67288,0,1600,0,0,1,1600
SZ000001,20260105,B,27330730,trade_only_active,,67341,0,1600,0,0,1,1600
SZ000001,20260105,B,27343937,trade_only_active,,67388,0,3200,0,0,4,3200
SZ000001,20260105,B,27434564,trade_only_active,,68151,0,1600,0,0,1,1600
SZ000001,20260105,B,27441221,trade_only_active,,68180,0,1600,0,0,1,1600
SZ000001,20260105,B,27456359,trade_only_active,,68216,0,1600,0,0,1,1600
SZ000001,20260105,B,27468837,trade_only_active,,68248,0,1600,0,0,1,1600
SZ000001,20260105,B,27481320,trade_only_active,,68278,0,3200,0,0,2,3200
SZ000001,20260105,B,27487357,trade_only_active,,68296,0,3200,0,0,1,3200
SZ000001,20260105,B,28048805,trade_only_active,,69814,0,3200,0,0,2,3200
SZ000001,20260105,B,28185053,trade_only_active,,70106,0,1600,0,0,1,1600
SZ000001,20260105,B,28192269,trade_only_active,,70125,0,1600,0,0,2,1600
SZ000001,20260105,B,28201236,trade_only_active,,70177,0,1600,0,0,1,1600
SZ000001,20260105,B,28216511,trade_only_active,,70198,0,1600,0,0,1,1600
SZ000001,20260105,B,28286043,trade_only_active,,70323,0,5400,0,0,1,5400
SZ000001,20260105,B,28373285,trade_only_active,,70428,0,2000,0,0,1,2000
SZ000001,20260105,B,28437428,trade_only_active,,70540,0,1600,0,0,1,1600
SZ000001,20260105,B,28526869,trade_only_active,,70666,0,8100,0,0,6,8100
SZ000001,20260105,B,28583090,trade_only_active,,70770,0,1600,0,0,5,1600
SZ000001,20260105,B,28679590,trade_only_active,,70972,0,2700,0,0,4,2700
SZ000001,20260105,B,28685693,trade_only_active,,70987,0,8100,0,0,1,8100
SZ000001,20260105,B,28703117,trade_only_active,,71054,0,10800,0,0,12,10800
SZ000001,20260105,B,28795827,trade_only_active,,71406,0,2000,0,0,1,2000
SZ000001,20260105,B,28862942,trade_only_active,,71743,0,1600,0,0,1,1600
SZ000001,20260105,B,28897943,trade_only_active,,71834,0,8100,0,0,8,8100
SZ000001,20260105,B,28924494,trade_only_active,,71902,0,3000,0,0,3,3000
SZ000001,20260105,B,29012993,trade_only_active,,72216,0,8100,0,0,1,8100
SZ000001,20260105,B,29052477,trade_only_active,,72293,0,5400,0,0,1,5400
SZ000001,20260105,B,29056199,trade_only_active,,72300,0,2000,0,0,1,2000
SZ000001,20260105,B,29066184,trade_only_active,,72336,0,4000,0,0,2,4000
SZ000001,20260105,B,29075272,trade_only_active,,72362,0,2000,0,0,1,2000
SZ000001,20260105,B,29081356,trade_only_active,,72384,0,2000,0,0,3,2000
SZ000001,20260105,B,29095459,trade_only_active,,72402,0,5400,0,0,2,5400
SZ000001,20260105,B,29140845,trade_only_active,,72480,0,8100,0,0,1,8100
SZ000001,20260105,B,29344329,trade_only_active,,73181,0,8100,0,0,1,8100
SZ000001,20260105,B,29444423,trade_only_active,,73401,0,1000,0,0,1,1000
SZ000001,20260105,B,29460966,trade_only_active,,73436,0,2000,0,0,1,2000
SZ000001,20260105,B,29469814,trade_only_active,,73456,0,5000,0,0,3,5000
SZ000001,20260105,B,29476023,trade_only_active,,73498,0,4000,0,0,3,4000
SZ000001,20260105,B,29517962,trade_only_active,,73593,0,2000,0,0,2,2000
SZ000001,20260105,B,29525244,trade_only_active,,73619,0,1000,0,0,1,1000
SZ000001,20260105,B,29533181,trade_only_active,,73634,0,2000,0,0,1,2000
SZ000001,20260105,B,29551394,trade_only_active,,73676,0,8100,0,0,5,8100
SZ000001,20260105,B,29605939,trade_only_active,,73819,0,5400,0,0,12,5400
SZ000001,20260105,B,29610913,trade_only_active,,73847,0,8100,0,0,1,8100
SZ000001,20260105,B,29616927,trade_only_active,,73864,0,8100,0,0,7,8100
SZ000001,20260105,B,29617968,trade_only_active,,73874,0,2000,0,0,1,2000
