symbol,date,domain
SH600011,20260105,cap_ge_500yi/nonstar_lt_10
SH600011,20260106,cap_ge_500yi/nonstar_lt_10
SH600011,20260107,cap_ge_500yi/nonstar_lt_10
SH600011,20260108,cap_ge_500yi/nonstar_lt_10
SH600011,20260109,cap_ge_500yi/nonstar_lt_10
SH600011,20260112,cap_ge_500yi/nonstar_lt_10
SH600011,20260113,cap_ge_500yi/nonstar_lt_10
SH600011,20260114,cap_ge_500yi/nonstar_lt_10
SH600011,20260115,cap_ge_500yi/nonstar_lt_10
SH600011,20260116,cap_ge_500yi/nonstar_lt_10
SH600011,20260119,cap_ge_500yi/nonstar_lt_10
SH600011,20260120,cap_ge_500yi/nonstar_lt_10
SH600011,20260121,cap_ge_500yi/nonstar_lt_10
SH600011,20260122,cap_ge_500yi/nonstar_lt_10
SH600011,20260123,cap_ge_500yi/nonstar_lt_10
SH600011,20260126,cap_ge_500yi/nonstar_lt_10
SH600011,20260127,cap_ge_500yi/nonstar_lt_10
SH600011,20260128,cap_ge_500yi/nonstar_lt_10
SH600011,20260129,cap_ge_500yi/nonstar_lt_10
SH600011,20260130,cap_ge_500yi/nonstar_lt_10
SH600021,20260105,cap_ge_500yi/nonstar_ge_10
SH600021,20260106,cap_ge_500yi/nonstar_ge_10
SH600021,20260107,cap_ge_500yi/nonstar_ge_10
SH600021,20260108,cap_ge_500yi/nonstar_ge_10
SH600021,20260109,cap_ge_500yi/nonstar_ge_10
SH600021,20260112,cap_ge_500yi/nonstar_ge_10
SH600021,20260113,cap_ge_500yi/nonstar_ge_10
SH600021,20260114,cap_ge_500yi/nonstar_ge_10
SH600021,20260115,cap_ge_500yi/nonstar_ge_10
SH600021,20260116,cap_ge_500yi/nonstar_ge_10
SH600021,20260119,cap_ge_500yi/nonstar_ge_10
SH600021,20260120,cap_ge_500yi/nonstar_ge_10
SH600021,20260121,cap_ge_500yi/nonstar_ge_10
SH600021,20260122,cap_ge_500yi/nonstar_ge_10
SH600021,20260123,cap_ge_500yi/nonstar_ge_10
SH600021,20260126,cap_ge_500yi/nonstar_ge_10
SH600021,20260127,cap_ge_500yi/nonstar_ge_10
SH600021,20260128,cap_ge_500yi/nonstar_ge_10
SH600021,20260129,cap_ge_500yi/nonstar_ge_10
SH600021,20260130,cap_ge_500yi/nonstar_ge_10
SH600023,20260105,cap_ge_500yi/nonstar_lt_10
SH600023,20260106,cap_ge_500yi/nonstar_lt_10
SH600023,20260107,cap_ge_500yi/nonstar_lt_10
SH600023,20260108,cap_ge_500yi/nonstar_lt_10
SH600023,20260109,cap_ge_500yi/nonstar_lt_10
SH600023,20260112,cap_ge_500yi/nonstar_lt_10
SH600023,20260113,cap_ge_500yi/nonstar_lt_10
SH600023,20260114,cap_ge_500yi/nonstar_lt_10
SH600023,20260115,cap_ge_500yi/nonstar_lt_10
SH600023,20260116,cap_ge_500yi/nonstar_lt_10
SH600023,20260119,cap_ge_500yi/nonstar_lt_10
SH600023,20260120,cap_ge_500yi/nonstar_lt_10
SH600023,20260121,cap_ge_500yi/nonstar_lt_10
SH600023,20260122,cap_ge_500yi/nonstar_lt_10
SH600023,20260123,cap_ge_500yi/nonstar_lt_10
SH600023,20260126,cap_ge_500yi/nonstar_lt_10
SH600023,20260127,cap_ge_500yi/nonstar_lt_10
SH600023,20260128,cap_ge_500yi/nonstar_lt_10
SH600023,20260129,cap_ge_500yi/nonstar_lt_10
SH600023,20260130,cap_ge_500yi/nonstar_lt_10
SH600026,20260105,cap_ge_500yi/nonstar_ge_10
SH600026,20260106,cap_ge_500yi/nonstar_ge_10
SH600026,20260107,cap_ge_500yi/nonstar_ge_10
SH600026,20260108,cap_ge_500yi/nonstar_ge_10
SH600026,20260109,cap_ge_500yi/nonstar_ge_10
SH600026,20260112,cap_ge_500yi/nonstar_ge_10
SH600026,20260113,cap_ge_500yi/nonstar_ge_10
SH600026,20260114,cap_ge_500yi/nonstar_ge_10
SH600026,20260115,cap_ge_500yi/nonstar_ge_10
SH600026,20260116,cap_ge_500yi/nonstar_ge_10
SH600026,20260119,cap_ge_500yi/nonstar_ge_10
SH600026,20260120,cap_ge_500yi/nonstar_ge_10
SH600026,20260121,cap_ge_500yi/nonstar_ge_10
SH600026,20260122,cap_ge_500yi/nonstar_ge_10
SH600026,20260123,cap_ge_500yi/nonstar_ge_10
SH600026,20260126,cap_ge_500yi/nonstar_ge_10
SH600026,20260127,cap_ge_500yi/nonstar_ge_10
SH600026,20260128,cap_ge_500yi/nonstar_ge_10
SH600026,20260129,cap_ge_500yi/nonstar_ge_10
SH600026,20260130,cap_ge_500yi/nonstar_ge_10
SH600027,20260105,cap_ge_500yi/nonstar_lt_10
SH600027,20260106,cap_ge_500yi/nonstar_lt_10
SH600027,20260107,cap_ge_500yi/nonstar_lt_10
SH600027,20260108,cap_ge_500yi/nonstar_lt_10
SH600027,20260109,cap_ge_500yi/nonstar_lt_10
SH600027,20260112,cap_ge_500yi/nonstar_lt_10
SH600027,20260113,cap_ge_500yi/nonstar_lt_10
SH600027,20260114,cap_ge_500yi/nonstar_lt_10
SH600027,20260115,cap_ge_500yi/nonstar_lt_10
SH600027,20260116,cap_ge_500yi/nonstar_lt_10
SH600027,20260119,cap_ge_500yi/nonstar_lt_10
SH600027,20260120,cap_ge_500yi/nonstar_lt_10
SH600027,20260121,cap_ge_500yi/nonstar_lt_10
SH600027,20260122,cap_ge_500yi/nonstar_lt_10
SH600027,20260123,cap_ge_500yi/nonstar_lt_10
SH600027,20260126,cap_ge_500yi/nonstar_lt_10
SH600027,20260127,cap_ge_500yi/nonstar_lt_10
SH600027,20260128,cap_ge_500yi/nonstar_lt_10
SH600027,20260129,cap_ge_500yi/nonstar_lt_10
SH600027,20260130,cap_ge_500yi/nonstar_lt_10
SH600039,20260105,cap_ge_500yi/nonstar_lt_10
SH600039,20260106,cap_ge_500yi/nonstar_lt_10
SH600039,20260107,cap_ge_500yi/nonstar_ge_10
SH600039,20260108,cap_ge_500yi/nonstar_lt_10
SH600039,20260109,cap_ge_500yi/nonstar_ge_10
SH600039,20260112,cap_ge_500yi/nonstar_ge_10
SH600039,20260113,cap_ge_500yi/nonstar_ge_10
SH600039,20260114,cap_ge_500yi/nonstar_ge_10
SH600039,20260115,cap_ge_500yi/nonstar_ge_10
SH600039,20260116,cap_ge_500yi/nonstar_ge_10
SH600039,20260119,cap_ge_500yi/nonstar_ge_10
SH600039,20260120,cap_ge_500yi/nonstar_ge_10
SH600039,20260121,cap_ge_500yi/nonstar_ge_10
SH600039,20260122,cap_ge_500yi/nonstar_ge_10
SH600039,20260123,cap_ge_500yi/nonstar_ge_10
SH600039,20260126,cap_ge_500yi/nonstar_lt_10
SH600039,20260127,cap_ge_500yi/nonstar_lt_10
SH600039,20260128,cap_ge_500yi/nonstar_lt_10
SH600039,20260129,cap_ge_500yi/nonstar_lt_10
SH600039,20260130,cap_ge_500yi/nonstar_lt_10
SH600048,20260105,cap_ge_500yi/nonstar_lt_10
SH600048,20260106,cap_ge_500yi/nonstar_lt_10
SH600048,20260107,cap_ge_500yi/nonstar_lt_10
SH600048,20260108,cap_ge_500yi/nonstar_lt_10
SH600048,20260109,cap_ge_500yi/nonstar_lt_10
SH600048,20260112,cap_ge_500yi/nonstar_lt_10
SH600048,20260113,cap_ge_500yi/nonstar_lt_10
SH600048,20260114,cap_ge_500yi/nonstar_lt_10
SH600048,20260115,cap_ge_500yi/nonstar_lt_10
SH600048,20260116,cap_ge_500yi/nonstar_lt_10
SH600048,20260119,cap_ge_500yi/nonstar_lt_10
SH600048,20260120,cap_ge_500yi/nonstar_lt_10
SH600048,20260121,cap_ge_500yi/nonstar_lt_10
SH600048,20260122,cap_ge_500yi/nonstar_lt_10
SH600048,20260123,cap_ge_500yi/nonstar_lt_10
SH600048,20260126,cap_ge_500yi/nonstar_lt_10
SH600048,20260127,cap_ge_500yi/nonstar_lt_10
SH600048,20260128,cap_ge_500yi/nonstar_lt_10
SH600048,20260129,cap_ge_500yi/nonstar_lt_10
SH600048,20260130,cap_ge_500yi/nonstar_lt_10
SH600050,20260105,cap_ge_500yi/nonstar_lt_10
SH600050,20260106,cap_ge_500yi/nonstar_lt_10
SH600050,20260107,cap_ge_500yi/nonstar_lt_10
SH600050,20260108,cap_ge_500yi/nonstar_lt_10
SH600050,20260109,cap_ge_500yi/nonstar_lt_10
SH600050,20260112,cap_ge_500yi/nonstar_lt_10
SH600050,20260113,cap_ge_500yi/nonstar_lt_10
SH600050,20260114,cap_ge_500yi/nonstar_lt_10
SH600050,20260115,cap_ge_500yi/nonstar_lt_10
SH600050,20260116,cap_ge_500yi/nonstar_lt_10
SH600050,20260119,cap_ge_500yi/nonstar_lt_10
SH600050,20260120,cap_ge_500yi/nonstar_lt_10
SH600050,20260121,cap_ge_500yi/nonstar_lt_10
SH600050,20260122,cap_ge_500yi/nonstar_lt_10
SH600050,20260123,cap_ge_500yi/nonstar_lt_10
SH600050,20260126,cap_ge_500yi/nonstar_lt_10
SH600050,20260127,cap_ge_500yi/nonstar_lt_10
SH600050,20260128,cap_ge_500yi/nonstar_lt_10
SH600050,20260129,cap_ge_500yi/nonstar_lt_10
SH600050,20260130,cap_ge_500yi/nonstar_lt_10
SH600055,20260105,cap_50_500yi/nonstar_ge_10
SH600055,20260106,cap_50_500yi/nonstar_ge_10
SH600055,20260107,cap_50_500yi/nonstar_ge_10
SH600055,20260108,cap_50_500yi/nonstar_ge_10
SH600055,20260109,cap_50_500yi/nonstar_ge_10
SH600055,20260112,cap_50_500yi/nonstar_ge_10
SH600055,20260113,cap_50_500yi/nonstar_ge_10
SH600055,20260114,cap_50_500yi/nonstar_ge_10
SH600055,20260115,cap_50_500yi/nonstar_ge_10
SH600055,20260116,cap_50_500yi/nonstar_ge_10
SH600055,20260119,cap_50_500yi/nonstar_ge_10
SH600055,20260120,cap_50_500yi/nonstar_ge_10
SH600055,20260121,cap_50_500yi/nonstar_ge_10
SH600055,20260122,cap_50_500yi/nonstar_ge_10
SH600055,20260123,cap_50_500yi/nonstar_ge_10
SH600055,20260126,cap_50_500yi/nonstar_ge_10
SH600055,20260127,cap_50_500yi/nonstar_ge_10
SH600055,20260128,cap_50_500yi/nonstar_ge_10
SH600055,20260129,cap_50_500yi/nonstar_ge_10
SH600055,20260130,cap_50_500yi/nonstar_ge_10
SH600067,20260105,cap_50_500yi/nonstar_lt_10
SH600067,20260106,cap_50_500yi/nonstar_lt_10
SH600067,20260107,cap_50_500yi/nonstar_lt_10
SH600067,20260108,cap_50_500yi/nonstar_lt_10
SH600067,20260109,cap_50_500yi/nonstar_lt_10
SH600067,20260112,cap_50_500yi/nonstar_lt_10
SH600067,20260113,cap_50_500yi/nonstar_lt_10
SH600067,20260114,cap_50_500yi/nonstar_lt_10
SH600067,20260115,cap_50_500yi/nonstar_lt_10
SH600067,20260116,cap_50_500yi/nonstar_lt_10
SH600067,20260119,cap_50_500yi/nonstar_lt_10
SH600067,20260120,cap_50_500yi/nonstar_lt_10
SH600067,20260121,cap_50_500yi/nonstar_lt_10
SH600067,20260122,cap_50_500yi/nonstar_lt_10
SH600067,20260123,cap_50_500yi/nonstar_lt_10
SH600067,20260126,cap_50_500yi/nonstar_lt_10
SH600067,20260127,cap_50_500yi/nonstar_lt_10
SH600067,20260128,cap_50_500yi/nonstar_lt_10
SH600067,20260129,cap_50_500yi/nonstar_lt_10
SH600067,20260130,cap_50_500yi/nonstar_lt_10
SH600155,20260105,cap_50_500yi/nonstar_lt_10
SH600155,20260106,cap_50_500yi/nonstar_lt_10
SH600155,20260107,cap_50_500yi/nonstar_lt_10
SH600155,20260108,cap_50_500yi/nonstar_lt_10
SH600155,20260109,cap_50_500yi/nonstar_lt_10
SH600155,20260112,cap_50_500yi/nonstar_lt_10
SH600155,20260113,cap_50_500yi/nonstar_lt_10
SH600155,20260114,cap_50_500yi/nonstar_lt_10
SH600155,20260115,cap_50_500yi/nonstar_lt_10
SH600155,20260116,cap_50_500yi/nonstar_lt_10
SH600155,20260119,cap_50_500yi/nonstar_lt_10
SH600155,20260120,cap_50_500yi/nonstar_lt_10
SH600155,20260121,cap_50_500yi/nonstar_lt_10
SH600155,20260122,cap_50_500yi/nonstar_lt_10
SH600155,20260123,cap_50_500yi/nonstar_lt_10
SH600155,20260126,cap_50_500yi/nonstar_lt_10
SH600155,20260127,cap_50_500yi/nonstar_lt_10
SH600155,20260128,cap_50_500yi/nonstar_lt_10
SH600155,20260129,cap_50_500yi/nonstar_lt_10
SH600155,20260130,cap_50_500yi/nonstar_lt_10
SH600165,20260105,cap_50_500yi/nonstar_lt_10
SH600165,20260106,cap_50_500yi/nonstar_lt_10
SH600165,20260107,cap_50_500yi/nonstar_lt_10
SH600165,20260108,cap_50_500yi/nonstar_lt_10
SH600165,20260109,cap_50_500yi/nonstar_lt_10
SH600165,20260112,cap_50_500yi/nonstar_lt_10
SH600165,20260113,cap_50_500yi/nonstar_lt_10
SH600165,20260114,cap_50_500yi/nonstar_lt_10
SH600165,20260115,cap_50_500yi/nonstar_lt_10
SH600165,20260116,cap_50_500yi/nonstar_lt_10
SH600165,20260119,cap_50_500yi/nonstar_lt_10
SH600165,20260120,cap_50_500yi/nonstar_lt_10
SH600165,20260121,cap_50_500yi/nonstar_lt_10
SH600165,20260122,cap_50_500yi/nonstar_lt_10
SH600165,20260123,cap_50_500yi/nonstar_lt_10
SH600165,20260126,cap_50_500yi/nonstar_lt_10
SH600165,20260127,cap_50_500yi/nonstar_lt_10
SH600165,20260128,cap_50_500yi/nonstar_lt_10
SH600165,20260129,cap_50_500yi/nonstar_lt_10
SH600165,20260130,cap_50_500yi/nonstar_lt_10
SH600167,20260105,cap_50_500yi/nonstar_lt_10
SH600167,20260106,cap_50_500yi/nonstar_lt_10
SH600167,20260107,cap_50_500yi/nonstar_lt_10
SH600167,20260108,cap_50_500yi/nonstar_lt_10
SH600167,20260109,cap_50_500yi/nonstar_lt_10
SH600167,20260112,cap_50_500yi/nonstar_lt_10
SH600167,20260113,cap_50_500yi/nonstar_lt_10
SH600167,20260114,cap_50_500yi/nonstar_lt_10
SH600167,20260115,cap_50_500yi/nonstar_lt_10
SH600167,20260116,cap_50_500yi/nonstar_lt_10
SH600167,20260119,cap_50_500yi/nonstar_lt_10
SH600167,20260120,cap_50_500yi/nonstar_lt_10
SH600167,20260121,cap_50_500yi/nonstar_lt_10
SH600167,20260122,cap_50_500yi/nonstar_lt_10
SH600167,20260123,cap_50_500yi/nonstar_lt_10
SH600167,20260126,cap_50_500yi/nonstar_lt_10
SH600167,20260127,cap_50_500yi/nonstar_lt_10
SH600167,20260128,cap_50_500yi/nonstar_lt_10
SH600167,20260129,cap_50_500yi/nonstar_lt_10
SH600167,20260130,cap_50_500yi/nonstar_lt_10
SH600173,20260105,cap_lt_50yi/nonstar_lt_10
SH600173,20260106,cap_50_500yi/nonstar_lt_10
SH600173,20260107,cap_50_500yi/nonstar_lt_10
SH600173,20260108,cap_50_500yi/nonstar_lt_10
SH600173,20260109,cap_50_500yi/nonstar_lt_10
SH600173,20260112,cap_50_500yi/nonstar_lt_10
SH600173,20260113,cap_50_500yi/nonstar_lt_10
SH600173,20260114,cap_50_500yi/nonstar_lt_10
SH600173,20260115,cap_50_500yi/nonstar_lt_10
SH600173,20260116,cap_50_500yi/nonstar_lt_10
SH600173,20260119,cap_50_500yi/nonstar_lt_10
SH600173,20260120,cap_50_500yi/nonstar_lt_10
SH600173,20260121,cap_50_500yi/nonstar_lt_10
SH600173,20260122,cap_50_500yi/nonstar_lt_10
SH600173,20260123,cap_50_500yi/nonstar_lt_10
SH600173,20260126,cap_50_500yi/nonstar_lt_10
SH600173,20260127,cap_50_500yi/nonstar_lt_10
SH600173,20260128,cap_50_500yi/nonstar_lt_10
SH600173,20260129,cap_50_500yi/nonstar_lt_10
SH600173,20260130,cap_50_500yi/nonstar_lt_10
SH600183,20260105,cap_ge_500yi/nonstar_ge_10
SH600183,20260106,cap_ge_500yi/nonstar_ge_10
SH600183,20260107,cap_ge_500yi/nonstar_ge_10
SH600183,20260108,cap_ge_500yi/nonstar_ge_10
SH600183,20260109,cap_ge_500yi/nonstar_ge_10
SH600183,20260112,cap_ge_500yi/nonstar_ge_10
SH600183,20260113,cap_ge_500yi/nonstar_ge_10
SH600183,20260114,cap_ge_500yi/nonstar_ge_10
SH600183,20260115,cap_ge_500yi/nonstar_ge_10
SH600183,20260116,cap_ge_500yi/nonstar_ge_10
SH600183,20260119,cap_ge_500yi/nonstar_ge_10
SH600183,20260120,cap_ge_500yi/nonstar_ge_10
SH600183,20260121,cap_ge_500yi/nonstar_ge_10
SH600183,20260122,cap_ge_500yi/nonstar_ge_10
SH600183,20260123,cap_ge_500yi/nonstar_ge_10
SH600183,20260126,cap_ge_500yi/nonstar_ge_10
SH600183,20260127,cap_ge_500yi/nonstar_ge_10
SH600183,20260128,cap_ge_500yi/nonstar_ge_10
SH600183,20260129,cap_ge_500yi/nonstar_ge_10
SH600183,20260130,cap_ge_500yi/nonstar_ge_10
SH600202,20260105,cap_lt_50yi/nonstar_lt_10
SH600202,20260106,cap_lt_50yi/nonstar_lt_10
SH600202,20260107,cap_lt_50yi/nonstar_lt_10
SH600202,20260108,cap_lt_50yi/nonstar_lt_10
SH600202,20260109,cap_lt_50yi/nonstar_lt_10
SH600202,20260112,cap_lt_50yi/nonstar_lt_10
SH600202,20260113,cap_lt_50yi/nonstar_lt_10
SH600202,20260114,cap_lt_50yi/nonstar_lt_10
SH600202,20260115,cap_lt_50yi/nonstar_lt_10
SH600202,20260116,cap_lt_50yi/nonstar_lt_10
SH600202,20260119,cap_lt_50yi/nonstar_lt_10
SH600202,20260120,cap_lt_50yi/nonstar_lt_10
SH600202,20260121,cap_lt_50yi/nonstar_lt_10
SH600202,20260122,cap_lt_50yi/nonstar_lt_10
SH600202,20260123,cap_lt_50yi/nonstar_lt_10
SH600202,20260126,cap_lt_50yi/nonstar_lt_10
SH600202,20260127,cap_lt_50yi/nonstar_lt_10
SH600202,20260128,cap_lt_50yi/nonstar_lt_10
SH600202,20260129,cap_lt_50yi/nonstar_lt_10
SH600202,20260130,cap_lt_50yi/nonstar_lt_10
SH600208,20260105,cap_50_500yi/nonstar_lt_10
SH600208,20260106,cap_50_500yi/nonstar_lt_10
SH600208,20260107,cap_50_500yi/nonstar_lt_10
SH600208,20260108,cap_50_500yi/nonstar_lt_10
SH600208,20260109,cap_50_500yi/nonstar_lt_10
SH600208,20260112,cap_50_500yi/nonstar_lt_10
SH600208,20260113,cap_50_500yi/nonstar_lt_10
SH600208,20260114,cap_50_500yi/nonstar_lt_10
SH600208,20260115,cap_50_500yi/nonstar_lt_10
SH600208,20260116,cap_50_500yi/nonstar_lt_10
SH600208,20260119,cap_50_500yi/nonstar_lt_10
SH600208,20260120,cap_50_500yi/nonstar_lt_10
SH600208,20260121,cap_50_500yi/nonstar_lt_10
SH600208,20260122,cap_50_500yi/nonstar_lt_10
SH600208,20260123,cap_50_500yi/nonstar_lt_10
SH600208,20260126,cap_50_500yi/nonstar_lt_10
SH600208,20260127,cap_50_500yi/nonstar_lt_10
SH600208,20260128,cap_50_500yi/nonstar_lt_10
SH600208,20260129,cap_50_500yi/nonstar_lt_10
SH600208,20260130,cap_50_500yi/nonstar_lt_10
SH600215,20260105,cap_lt_50yi/nonstar_lt_10
SH600215,20260106,cap_lt_50yi/nonstar_lt_10
SH600215,20260107,cap_lt_50yi/nonstar_lt_10
SH600215,20260108,cap_lt_50yi/nonstar_lt_10
SH600215,20260109,cap_lt_50yi/nonstar_lt_10
SH600215,20260112,cap_lt_50yi/nonstar_lt_10
SH600215,20260113,cap_lt_50yi/nonstar_lt_10
SH600215,20260114,cap_lt_50yi/nonstar_lt_10
SH600215,20260115,cap_lt_50yi/nonstar_lt_10
SH600215,20260116,cap_lt_50yi/nonstar_lt_10
SH600215,20260119,cap_lt_50yi/nonstar_lt_10
SH600215,20260120,cap_lt_50yi/nonstar_lt_10
SH600215,20260121,cap_lt_50yi/nonstar_lt_10
SH600215,20260122,cap_lt_50yi/nonstar_lt_10
SH600215,20260123,cap_lt_50yi/nonstar_lt_10
SH600215,20260126,cap_lt_50yi/nonstar_lt_10
SH600215,20260127,cap_lt_50yi/nonstar_lt_10
SH600215,20260128,cap_lt_50yi/nonstar_lt_10
SH600215,20260129,cap_lt_50yi/nonstar_lt_10
SH600215,20260130,cap_lt_50yi/nonstar_lt_10
SH600219,20260105,cap_ge_500yi/nonstar_lt_10
SH600219,20260106,cap_ge_500yi/nonstar_lt_10
SH600219,20260107,cap_ge_500yi/nonstar_lt_10
SH600219,20260108,cap_ge_500yi/nonstar_lt_10
SH600219,20260109,cap_ge_500yi/nonstar_lt_10
SH600219,20260112,cap_ge_500yi/nonstar_lt_10
SH600219,20260113,cap_ge_500yi/nonstar_lt_10
SH600219,20260114,cap_ge_500yi/nonstar_lt_10
SH600219,20260115,cap_ge_500yi/nonstar_lt_10
SH600219,20260116,cap_ge_500yi/nonstar_lt_10
SH600219,20260119,cap_ge_500yi/nonstar_lt_10
SH600219,20260120,cap_ge_500yi/nonstar_lt_10
SH600219,20260121,cap_ge_500yi/nonstar_lt_10
SH600219,20260122,cap_ge_500yi/nonstar_lt_10
SH600219,20260123,cap_ge_500yi/nonstar_lt_10
SH600219,20260126,cap_ge_500yi/nonstar_lt_10
SH600219,20260127,cap_ge_500yi/nonstar_lt_10
SH600219,20260128,cap_ge_500yi/nonstar_lt_10
SH600219,20260129,cap_ge_500yi/nonstar_lt_10
SH600219,20260130,cap_ge_500yi/nonstar_lt_10
SH600221,20260105,cap_ge_500yi/nonstar_lt_10
SH600221,20260106,cap_ge_500yi/nonstar_lt_10
SH600221,20260107,cap_ge_500yi/nonstar_lt_10
SH600221,20260108,cap_ge_500yi/nonstar_lt_10
SH600221,20260109,cap_ge_500yi/nonstar_lt_10
SH600221,20260112,cap_ge_500yi/nonstar_lt_10
SH600221,20260113,cap_ge_500yi/nonstar_lt_10
SH600221,20260114,cap_ge_500yi/nonstar_lt_10
SH600221,20260115,cap_ge_500yi/nonstar_lt_10
SH600221,20260116,cap_ge_500yi/nonstar_lt_10
SH600221,20260119,cap_ge_500yi/nonstar_lt_10
SH600221,20260120,cap_ge_500yi/nonstar_lt_10
SH600221,20260121,cap_ge_500yi/nonstar_lt_10
SH600221,20260122,cap_ge_500yi/nonstar_lt_10
SH600221,20260123,cap_ge_500yi/nonstar_lt_10
SH600221,20260126,cap_ge_500yi/nonstar_lt_10
SH600221,20260127,cap_ge_500yi/nonstar_lt_10
SH600221,20260128,cap_ge_500yi/nonstar_lt_10
SH600221,20260129,cap_ge_500yi/nonstar_lt_10
SH600221,20260130,cap_ge_500yi/nonstar_lt_10
SH600232,20260105,cap_lt_50yi/nonstar_lt_10
SH600232,20260106,cap_lt_50yi/nonstar_lt_10
SH600232,20260107,cap_lt_50yi/nonstar_lt_10
SH600232,20260108,cap_lt_50yi/nonstar_lt_10
SH600232,20260109,cap_lt_50yi/nonstar_lt_10
SH600232,20260112,cap_lt_50yi/nonstar_lt_10
SH600232,20260113,cap_lt_50yi/nonstar_lt_10
SH600232,20260114,cap_lt_50yi/nonstar_lt_10
SH600232,20260115,cap_lt_50yi/nonstar_lt_10
SH600232,20260116,cap_lt_50yi/nonstar_lt_10
SH600232,20260119,cap_lt_50yi/nonstar_lt_10
SH600232,20260120,cap_lt_50yi/nonstar_lt_10
SH600232,20260121,cap_lt_50yi/nonstar_lt_10
SH600232,20260122,cap_lt_50yi/nonstar_lt_10
SH600232,20260123,cap_lt_50yi/nonstar_lt_10
SH600232,20260126,cap_lt_50yi/nonstar_lt_10
SH600232,20260127,cap_lt_50yi/nonstar_lt_10
SH600232,20260128,cap_lt_50yi/nonstar_lt_10
SH600232,20260129,cap_lt_50yi/nonstar_lt_10
SH600232,20260130,cap_lt_50yi/nonstar_lt_10
SH600233,20260105,cap_ge_500yi/nonstar_ge_10
SH600233,20260106,cap_ge_500yi/nonstar_ge_10
SH600233,20260107,cap_ge_500yi/nonstar_ge_10
SH600233,20260108,cap_ge_500yi/nonstar_ge_10
SH600233,20260109,cap_ge_500yi/nonstar_ge_10
SH600233,20260112,cap_ge_500yi/nonstar_ge_10
SH600233,20260113,cap_ge_500yi/nonstar_ge_10
SH600233,20260114,cap_ge_500yi/nonstar_ge_10
SH600233,20260115,cap_ge_500yi/nonstar_ge_10
SH600233,20260116,cap_ge_500yi/nonstar_ge_10
SH600233,20260119,cap_ge_500yi/nonstar_ge_10
SH600233,20260120,cap_ge_500yi/nonstar_ge_10
SH600233,20260121,cap_ge_500yi/nonstar_ge_10
SH600233,20260122,cap_ge_500yi/nonstar_ge_10
SH600233,20260123,cap_ge_500yi/nonstar_ge_10
SH600233,20260126,cap_ge_500yi/nonstar_ge_10
SH600233,20260127,cap_ge_500yi/nonstar_ge_10
SH600233,20260128,cap_ge_500yi/nonstar_ge_10
SH600233,20260129,cap_ge_500yi/nonstar_ge_10
SH600233,20260130,cap_ge_500yi/nonstar_ge_10
SH600234,20260105,cap_lt_50yi/nonstar_ge_10
SH600234,20260106,cap_lt_50yi/nonstar_ge_10
SH600234,20260107,cap_lt_50yi/nonstar_ge_10
SH600234,20260108,cap_lt_50yi/nonstar_ge_10
SH600234,20260109,cap_lt_50yi/nonstar_ge_10
SH600234,20260112,cap_lt_50yi/nonstar_ge_10
SH600234,20260113,cap_lt_50yi/nonstar_ge_10
SH600234,20260114,cap_lt_50yi/nonstar_ge_10
SH600234,20260115,cap_lt_50yi/nonstar_ge_10
SH600234,20260116,cap_lt_50yi/nonstar_ge_10
SH600234,20260119,cap_lt_50yi/nonstar_ge_10
SH600234,20260120,cap_lt_50yi/nonstar_ge_10
SH600234,20260121,cap_lt_50yi/nonstar_ge_10
SH600234,20260122,cap_lt_50yi/nonstar_ge_10
SH600234,20260123,cap_lt_50yi/nonstar_ge_10
SH600234,20260126,cap_lt_50yi/nonstar_ge_10
SH600234,20260127,cap_lt_50yi/nonstar_ge_10
SH600234,20260128,cap_lt_50yi/nonstar_ge_10
SH600234,20260129,cap_lt_50yi/nonstar_ge_10
SH600234,20260130,cap_lt_50yi/nonstar_ge_10
SH600281,20260105,cap_lt_50yi/nonstar_lt_10
SH600281,20260106,cap_lt_50yi/nonstar_lt_10
SH600281,20260107,cap_lt_50yi/nonstar_lt_10
SH600281,20260108,cap_lt_50yi/nonstar_lt_10
SH600281,20260109,cap_lt_50yi/nonstar_lt_10
SH600281,20260112,cap_lt_50yi/nonstar_lt_10
SH600281,20260113,cap_lt_50yi/nonstar_lt_10
SH600281,20260114,cap_lt_50yi/nonstar_lt_10
SH600281,20260115,cap_lt_50yi/nonstar_lt_10
SH600281,20260116,cap_lt_50yi/nonstar_lt_10
SH600281,20260119,cap_lt_50yi/nonstar_lt_10
SH600281,20260120,cap_lt_50yi/nonstar_lt_10
SH600281,20260121,cap_lt_50yi/nonstar_lt_10
SH600281,20260122,cap_lt_50yi/nonstar_lt_10
SH600281,20260123,cap_lt_50yi/nonstar_lt_10
SH600281,20260126,cap_lt_50yi/nonstar_lt_10
SH600281,20260127,cap_lt_50yi/nonstar_lt_10
SH600281,20260128,cap_lt_50yi/nonstar_lt_10
SH600281,20260129,cap_lt_50yi/nonstar_lt_10
SH600281,20260130,cap_lt_50yi/nonstar_lt_10
SH600299,20260105,cap_50_500yi/nonstar_lt_10
SH600299,20260106,cap_50_500yi/nonstar_lt_10
SH600299,20260107,cap_50_500yi/nonstar_lt_10
SH600299,20260108,cap_50_500yi/nonstar_lt_10
SH600299,20260109,cap_50_500yi/nonstar_lt_10
SH600299,20260112,cap_50_500yi/nonstar_lt_10
SH600299,20260113,cap_50_500yi/nonstar_lt_10
SH600299,20260114,cap_50_500yi/nonstar_lt_10
SH600299,20260115,cap_50_500yi/nonstar_lt_10
SH600299,20260116,cap_50_500yi/nonstar_lt_10
SH600299,20260119,cap_50_500yi/nonstar_lt_10
SH600299,20260120,cap_50_500yi/nonstar_lt_10
SH600299,20260121,cap_50_500yi/nonstar_lt_10
SH600299,20260122,cap_50_500yi/nonstar_lt_10
SH600299,20260123,cap_50_500yi/nonstar_lt_10
SH600299,20260126,cap_50_500yi/nonstar_lt_10
SH600299,20260127,cap_50_500yi/nonstar_lt_10
SH600299,20260128,cap_50_500yi/nonstar_lt_10
SH600299,20260129,cap_50_500yi/nonstar_lt_10
SH600299,20260130,cap_50_500yi/nonstar_lt_10
SH600309,20260105,cap_ge_500yi/nonstar_ge_10
SH600309,20260106,cap_ge_500yi/nonstar_ge_10
SH600309,20260107,cap_ge_500yi/nonstar_ge_10
SH600309,20260108,cap_ge_500yi/nonstar_ge_10
SH600309,20260109,cap_ge_500yi/nonstar_ge_10
SH600309,20260112,cap_ge_500yi/nonstar_ge_10
SH600309,20260113,cap_ge_500yi/nonstar_ge_10
SH600309,20260114,cap_ge_500yi/nonstar_ge_10
SH600309,20260115,cap_ge_500yi/nonstar_ge_10
SH600309,20260116,cap_ge_500yi/nonstar_ge_10
SH600309,20260119,cap_ge_500yi/nonstar_ge_10
SH600309,20260120,cap_ge_500yi/nonstar_ge_10
SH600309,20260121,cap_ge_500yi/nonstar_ge_10
SH600309,20260122,cap_ge_500yi/nonstar_ge_10
SH600309,20260123,cap_ge_500yi/nonstar_ge_10
SH600309,20260126,cap_ge_500yi/nonstar_ge_10
SH600309,20260127,cap_ge_500yi/nonstar_ge_10
SH600309,20260128,cap_ge_500yi/nonstar_ge_10
SH600309,20260129,cap_ge_500yi/nonstar_ge_10
SH600309,20260130,cap_ge_500yi/nonstar_ge_10
SH600322,20260105,cap_lt_50yi/nonstar_lt_10
SH600322,20260106,cap_lt_50yi/nonstar_lt_10
SH600322,20260107,cap_lt_50yi/nonstar_lt_10
SH600322,20260108,cap_lt_50yi/nonstar_lt_10
SH600322,20260109,cap_lt_50yi/nonstar_lt_10
SH600322,20260112,cap_lt_50yi/nonstar_lt_10
SH600322,20260113,cap_lt_50yi/nonstar_lt_10
SH600322,20260114,cap_lt_50yi/nonstar_lt_10
SH600322,20260115,cap_lt_50yi/nonstar_lt_10
SH600322,20260116,cap_lt_50yi/nonstar_lt_10
SH600322,20260119,cap_lt_50yi/nonstar_lt_10
SH600322,20260120,cap_lt_50yi/nonstar_lt_10
SH600322,20260121,cap_lt_50yi/nonstar_lt_10
SH600322,20260122,cap_lt_50yi/nonstar_lt_10
SH600322,20260123,cap_lt_50yi/nonstar_lt_10
SH600322,20260126,cap_lt_50yi/nonstar_lt_10
SH600322,20260127,cap_lt_50yi/nonstar_lt_10
SH600322,20260128,cap_lt_50yi/nonstar_lt_10
SH600322,20260129,cap_lt_50yi/nonstar_lt_10
SH600322,20260130,cap_lt_50yi/nonstar_lt_10
SH600372,20260105,cap_ge_500yi/nonstar_ge_10
SH600372,20260106,cap_ge_500yi/nonstar_ge_10
SH600372,20260107,cap_ge_500yi/nonstar_ge_10
SH600372,20260108,cap_ge_500yi/nonstar_ge_10
SH600372,20260109,cap_ge_500yi/nonstar_ge_10
SH600372,20260112,cap_ge_500yi/nonstar_ge_10
SH600372,20260113,cap_ge_500yi/nonstar_ge_10
SH600372,20260114,cap_ge_500yi/nonstar_ge_10
SH600372,20260115,cap_ge_500yi/nonstar_ge_10
SH600372,20260116,cap_ge_500yi/nonstar_ge_10
SH600372,20260119,cap_ge_500yi/nonstar_ge_10
SH600372,20260120,cap_ge_500yi/nonstar_ge_10
SH600372,20260121,cap_ge_500yi/nonstar_ge_10
SH600372,20260122,cap_ge_500yi/nonstar_ge_10
SH600372,20260123,cap_ge_500yi/nonstar_ge_10
SH600372,20260126,cap_ge_500yi/nonstar_ge_10
SH600372,20260127,cap_ge_500yi/nonstar_ge_10
SH600372,20260128,cap_ge_500yi/nonstar_ge_10
SH600372,20260129,cap_ge_500yi/nonstar_ge_10
SH600372,20260130,cap_ge_500yi/nonstar_ge_10
SH600378,20260105,cap_50_500yi/nonstar_ge_10
SH600378,20260106,cap_50_500yi/nonstar_ge_10
SH600378,20260107,cap_50_500yi/nonstar_ge_10
SH600378,20260108,cap_50_500yi/nonstar_ge_10
SH600378,20260109,cap_50_500yi/nonstar_ge_10
SH600378,20260112,cap_50_500yi/nonstar_ge_10
SH600378,20260113,cap_50_500yi/nonstar_ge_10
SH600378,20260114,cap_50_500yi/nonstar_ge_10
SH600378,20260115,cap_50_500yi/nonstar_ge_10
SH600378,20260116,cap_50_500yi/nonstar_ge_10
SH600378,20260119,cap_50_500yi/nonstar_ge_10
SH600378,20260120,cap_50_500yi/nonstar_ge_10
SH600378,20260121,cap_50_500yi/nonstar_ge_10
SH600378,20260122,cap_50_500yi/nonstar_ge_10
SH600378,20260123,cap_50_500yi/nonstar_ge_10
SH600378,20260126,cap_ge_500yi/nonstar_ge_10
SH600378,20260127,cap_50_500yi/nonstar_ge_10
SH600378,20260128,cap_ge_500yi/nonstar_ge_10
SH600378,20260129,cap_ge_500yi/nonstar_ge_10
SH600378,20260130,cap_ge_500yi/nonstar_ge_10
SH600388,20260105,cap_50_500yi/nonstar_ge_10
SH600388,20260106,cap_50_500yi/nonstar_ge_10
SH600388,20260107,cap_50_500yi/nonstar_ge_10
SH600388,20260108,cap_50_500yi/nonstar_ge_10
SH600388,20260109,cap_50_500yi/nonstar_ge_10
SH600388,20260112,cap_50_500yi/nonstar_ge_10
SH600388,20260113,cap_50_500yi/nonstar_ge_10
SH600388,20260114,cap_50_500yi/nonstar_ge_10
SH600388,20260115,cap_50_500yi/nonstar_ge_10
SH600388,20260116,cap_50_500yi/nonstar_ge_10
SH600388,20260119,cap_50_500yi/nonstar_ge_10
SH600388,20260120,cap_50_500yi/nonstar_ge_10
SH600388,20260121,cap_50_500yi/nonstar_ge_10
SH600388,20260122,cap_50_500yi/nonstar_ge_10
SH600388,20260123,cap_50_500yi/nonstar_ge_10
SH600388,20260126,cap_50_500yi/nonstar_ge_10
SH600388,20260127,cap_50_500yi/nonstar_ge_10
SH600388,20260128,cap_50_500yi/nonstar_ge_10
SH600388,20260129,cap_50_500yi/nonstar_ge_10
SH600388,20260130,cap_50_500yi/nonstar_ge_10
SH600403,20260105,cap_50_500yi/nonstar_lt_10
SH600403,20260106,cap_50_500yi/nonstar_lt_10
SH600403,20260107,cap_50_500yi/nonstar_lt_10
SH600403,20260108,cap_50_500yi/nonstar_lt_10
SH600403,20260109,cap_50_500yi/nonstar_lt_10
SH600403,20260112,cap_50_500yi/nonstar_lt_10
SH600403,20260113,cap_50_500yi/nonstar_lt_10
SH600403,20260114,cap_50_500yi/nonstar_lt_10
SH600403,20260115,cap_50_500yi/nonstar_lt_10
SH600403,20260116,cap_50_500yi/nonstar_lt_10
SH600403,20260119,cap_50_500yi/nonstar_lt_10
SH600403,20260120,cap_50_500yi/nonstar_lt_10
SH600403,20260121,cap_50_500yi/nonstar_lt_10
SH600403,20260122,cap_50_500yi/nonstar_lt_10
SH600403,20260123,cap_50_500yi/nonstar_lt_10
SH600403,20260126,cap_50_500yi/nonstar_lt_10
SH600403,20260127,cap_50_500yi/nonstar_lt_10
SH600403,20260128,cap_50_500yi/nonstar_lt_10
SH600403,20260129,cap_50_500yi/nonstar_lt_10
SH600403,20260130,cap_50_500yi/nonstar_lt_10
SH600425,20260105,cap_50_500yi/nonstar_lt_10
SH600425,20260106,cap_50_500yi/nonstar_lt_10
SH600425,20260107,cap_50_500yi/nonstar_lt_10
SH600425,20260108,cap_50_500yi/nonstar_lt_10
SH600425,20260109,cap_50_500yi/nonstar_lt_10
SH600425,20260112,cap_50_500yi/nonstar_lt_10
SH600425,20260113,cap_50_500yi/nonstar_lt_10
SH600425,20260114,cap_50_500yi/nonstar_lt_10
SH600425,20260115,cap_50_500yi/nonstar_lt_10
SH600425,20260116,cap_50_500yi/nonstar_lt_10
SH600425,20260119,cap_50_500yi/nonstar_lt_10
SH600425,20260120,cap_50_500yi/nonstar_lt_10
SH600425,20260121,cap_50_500yi/nonstar_lt_10
SH600425,20260122,cap_50_500yi/nonstar_lt_10
SH600425,20260123,cap_50_500yi/nonstar_lt_10
SH600425,20260126,cap_50_500yi/nonstar_lt_10
SH600425,20260127,cap_50_500yi/nonstar_lt_10
SH600425,20260128,cap_50_500yi/nonstar_lt_10
SH600425,20260129,cap_50_500yi/nonstar_lt_10
SH600425,20260130,cap_50_500yi/nonstar_lt_10
SH600436,20260105,cap_ge_500yi/nonstar_ge_10
SH600436,20260106,cap_ge_500yi/nonstar_ge_10
SH600436,20260107,cap_ge_500yi/nonstar_ge_10
SH600436,20260108,cap_ge_500yi/nonstar_ge_10
SH600436,20260109,cap_ge_500yi/nonstar_ge_10
SH600436,20260112,cap_ge_500yi/nonstar_ge_10
SH600436,20260113,cap_ge_500yi/nonstar_ge_10
SH600436,20260114,cap_ge_500yi/nonstar_ge_10
SH600436,20260115,cap_ge_500yi/nonstar_ge_10
SH600436,20260116,cap_ge_500yi/nonstar_ge_10
SH600436,20260119,cap_ge_500yi/nonstar_ge_10
SH600436,20260120,cap_ge_500yi/nonstar_ge_10
SH600436,20260121,cap_ge_500yi/nonstar_ge_10
SH600436,20260122,cap_ge_500yi/nonstar_ge_10
SH600436,20260123,cap_ge_500yi/nonstar_ge_10
SH600436,20260126,cap_ge_500yi/nonstar_ge_10
SH600436,20260127,cap_ge_500yi/nonstar_ge_10
SH600436,20260128,cap_ge_500yi/nonstar_ge_10
SH600436,20260129,cap_ge_500yi/nonstar_ge_10
SH600436,20260130,cap_ge_500yi/nonstar_ge_10
SH600449,20260105,cap_50_500yi/nonstar_ge_10
SH600449,20260106,cap_50_500yi/nonstar_ge_10
SH600449,20260107,cap_50_500yi/nonstar_ge_10
SH600449,20260108,cap_50_500yi/nonstar_ge_10
SH600449,20260109,cap_50_500yi/nonstar_ge_10
SH600449,20260112,cap_50_500yi/nonstar_ge_10
SH600449,20260113,cap_50_500yi/nonstar_ge_10
SH600449,20260114,cap_50_500yi/nonstar_ge_10
SH600449,20260115,cap_50_500yi/nonstar_ge_10
SH600449,20260116,cap_50_500yi/nonstar_ge_10
SH600449,20260119,cap_50_500yi/nonstar_ge_10
SH600449,20260120,cap_50_500yi/nonstar_ge_10
SH600449,20260121,cap_50_500yi/nonstar_ge_10
SH600449,20260122,cap_50_500yi/nonstar_ge_10
SH600449,20260123,cap_50_500yi/nonstar_ge_10
SH600449,20260126,cap_50_500yi/nonstar_ge_10
SH600449,20260127,cap_50_500yi/nonstar_ge_10
SH600449,20260128,cap_50_500yi/nonstar_ge_10
SH600449,20260129,cap_50_500yi/nonstar_ge_10
SH600449,20260130,cap_50_500yi/nonstar_ge_10
SH600507,20260105,cap_50_500yi/nonstar_lt_10
SH600507,20260106,cap_50_500yi/nonstar_lt_10
SH600507,20260107,cap_50_500yi/nonstar_lt_10
SH600507,20260108,cap_50_500yi/nonstar_lt_10
SH600507,20260109,cap_50_500yi/nonstar_lt_10
SH600507,20260112,cap_50_500yi/nonstar_lt_10
SH600507,20260113,cap_50_500yi/nonstar_lt_10
SH600507,20260114,cap_50_500yi/nonstar_lt_10
SH600507,20260115,cap_50_500yi/nonstar_lt_10
SH600507,20260116,cap_50_500yi/nonstar_lt_10
SH600507,20260119,cap_50_500yi/nonstar_lt_10
SH600507,20260120,cap_50_500yi/nonstar_lt_10
SH600507,20260121,cap_50_500yi/nonstar_lt_10
SH600507,20260122,cap_50_500yi/nonstar_lt_10
SH600507,20260123,cap_50_500yi/nonstar_lt_10
SH600507,20260126,cap_50_500yi/nonstar_lt_10
SH600507,20260127,cap_50_500yi/nonstar_lt_10
SH600507,20260128,cap_50_500yi/nonstar_lt_10
SH600507,20260129,cap_50_500yi/nonstar_lt_10
SH600507,20260130,cap_50_500yi/nonstar_lt_10
SH600508,20260105,cap_50_500yi/nonstar_ge_10
SH600508,20260106,cap_50_500yi/nonstar_ge_10
SH600508,20260107,cap_50_500yi/nonstar_ge_10
SH600508,20260108,cap_50_500yi/nonstar_ge_10
SH600508,20260109,cap_50_500yi/nonstar_ge_10
SH600508,20260112,cap_50_500yi/nonstar_ge_10
SH600508,20260113,cap_50_500yi/nonstar_ge_10
SH600508,20260114,cap_50_500yi/nonstar_ge_10
SH600508,20260115,cap_50_500yi/nonstar_ge_10
SH600508,20260116,cap_50_500yi/nonstar_ge_10
SH600508,20260119,cap_50_500yi/nonstar_ge_10
SH600508,20260120,cap_50_500yi/nonstar_ge_10
SH600508,20260121,cap_50_500yi/nonstar_ge_10
SH600508,20260122,cap_50_500yi/nonstar_ge_10
SH600508,20260123,cap_50_500yi/nonstar_ge_10
SH600508,20260126,cap_50_500yi/nonstar_ge_10
SH600508,20260127,cap_50_500yi/nonstar_ge_10
SH600508,20260128,cap_50_500yi/nonstar_ge_10
SH600508,20260129,cap_50_500yi/nonstar_ge_10
SH600508,20260130,cap_50_500yi/nonstar_ge_10
SH600515,20260105,cap_ge_500yi/nonstar_lt_10
SH600515,20260106,cap_ge_500yi/nonstar_lt_10
SH600515,20260107,cap_ge_500yi/nonstar_lt_10
SH600515,20260108,cap_ge_500yi/nonstar_lt_10
SH600515,20260109,cap_ge_500yi/nonstar_lt_10
SH600515,20260112,cap_ge_500yi/nonstar_lt_10
SH600515,20260113,cap_ge_500yi/nonstar_lt_10
SH600515,20260114,cap_ge_500yi/nonstar_lt_10
SH600515,20260115,cap_ge_500yi/nonstar_lt_10
SH600515,20260116,cap_ge_500yi/nonstar_lt_10
SH600515,20260119,cap_ge_500yi/nonstar_lt_10
SH600515,20260120,cap_ge_500yi/nonstar_lt_10
SH600515,20260121,cap_ge_500yi/nonstar_lt_10
SH600515,20260122,cap_ge_500yi/nonstar_lt_10
SH600515,20260123,cap_ge_500yi/nonstar_lt_10
SH600515,20260126,cap_ge_500yi/nonstar_lt_10
SH600515,20260127,cap_ge_500yi/nonstar_lt_10
SH600515,20260128,cap_ge_500yi/nonstar_lt_10
SH600515,20260129,cap_ge_500yi/nonstar_lt_10
SH600515,20260130,cap_ge_500yi/nonstar_lt_10
SH600540,20260105,cap_lt_50yi/nonstar_lt_10
SH600540,20260106,cap_lt_50yi/nonstar_lt_10
SH600540,20260107,cap_lt_50yi/nonstar_lt_10
SH600540,20260108,cap_lt_50yi/nonstar_lt_10
SH600540,20260109,cap_lt_50yi/nonstar_lt_10
SH600540,20260112,cap_lt_50yi/nonstar_lt_10
SH600540,20260113,cap_lt_50yi/nonstar_lt_10
SH600540,20260114,cap_lt_50yi/nonstar_lt_10
SH600540,20260115,cap_lt_50yi/nonstar_lt_10
SH600540,20260116,cap_lt_50yi/nonstar_lt_10
SH600540,20260119,cap_lt_50yi/nonstar_lt_10
SH600540,20260120,cap_lt_50yi/nonstar_lt_10
SH600540,20260121,cap_lt_50yi/nonstar_lt_10
SH600540,20260122,cap_lt_50yi/nonstar_lt_10
SH600540,20260123,cap_lt_50yi/nonstar_lt_10
SH600540,20260126,cap_lt_50yi/nonstar_lt_10
SH600540,20260127,cap_lt_50yi/nonstar_lt_10
SH600540,20260128,cap_lt_50yi/nonstar_lt_10
SH600540,20260129,cap_lt_50yi/nonstar_lt_10
SH600540,20260130,cap_lt_50yi/nonstar_lt_10
SH600580,20260105,cap_ge_500yi/nonstar_ge_10
SH600580,20260106,cap_ge_500yi/nonstar_ge_10
SH600580,20260107,cap_ge_500yi/nonstar_ge_10
SH600580,20260108,cap_ge_500yi/nonstar_ge_10
SH600580,20260109,cap_ge_500yi/nonstar_ge_10
SH600580,20260112,cap_ge_500yi/nonstar_ge_10
SH600580,20260113,cap_ge_500yi/nonstar_ge_10
SH600580,20260114,cap_ge_500yi/nonstar_ge_10
SH600580,20260115,cap_ge_500yi/nonstar_ge_10
SH600580,20260116,cap_ge_500yi/nonstar_ge_10
SH600580,20260119,cap_ge_500yi/nonstar_ge_10
SH600580,20260120,cap_ge_500yi/nonstar_ge_10
SH600580,20260121,cap_ge_500yi/nonstar_ge_10
SH600580,20260122,cap_ge_500yi/nonstar_ge_10
SH600580,20260123,cap_ge_500yi/nonstar_ge_10
SH600580,20260126,cap_ge_500yi/nonstar_ge_10
SH600580,20260127,cap_ge_500yi/nonstar_ge_10
SH600580,20260128,cap_ge_500yi/nonstar_ge_10
SH600580,20260129,cap_ge_500yi/nonstar_ge_10
SH600580,20260130,cap_ge_500yi/nonstar_ge_10
SH600586,20260105,cap_50_500yi/nonstar_lt_10
SH600586,20260106,cap_50_500yi/nonstar_lt_10
SH600586,20260107,cap_50_500yi/nonstar_lt_10
SH600586,20260108,cap_50_500yi/nonstar_lt_10
SH600586,20260109,cap_50_500yi/nonstar_lt_10
SH600586,20260112,cap_50_500yi/nonstar_lt_10
SH600586,20260113,cap_50_500yi/nonstar_lt_10
SH600586,20260114,cap_50_500yi/nonstar_lt_10
SH600586,20260115,cap_50_500yi/nonstar_lt_10
SH600586,20260116,cap_50_500yi/nonstar_lt_10
SH600586,20260119,cap_50_500yi/nonstar_lt_10
SH600586,20260120,cap_50_500yi/nonstar_lt_10
SH600586,20260121,cap_50_500yi/nonstar_lt_10
SH600586,20260122,cap_50_500yi/nonstar_lt_10
SH600586,20260123,cap_50_500yi/nonstar_lt_10
SH600586,20260126,cap_50_500yi/nonstar_lt_10
SH600586,20260127,cap_50_500yi/nonstar_lt_10
SH600586,20260128,cap_50_500yi/nonstar_lt_10
SH600586,20260129,cap_50_500yi/nonstar_lt_10
SH600586,20260130,cap_50_500yi/nonstar_lt_10
SH600601,20260105,cap_ge_500yi/nonstar_ge_10
SH600601,20260106,cap_ge_500yi/nonstar_ge_10
SH600601,20260107,cap_ge_500yi/nonstar_ge_10
SH600601,20260108,cap_ge_500yi/nonstar_ge_10
SH600601,20260109,cap_ge_500yi/nonstar_ge_10
SH600601,20260112,cap_ge_500yi/nonstar_ge_10
SH600601,20260113,cap_ge_500yi/nonstar_ge_10
SH600601,20260114,cap_ge_500yi/nonstar_ge_10
SH600601,20260115,cap_ge_500yi/nonstar_ge_10
SH600601,20260116,cap_ge_500yi/nonstar_ge_10
SH600601,20260119,cap_ge_500yi/nonstar_ge_10
SH600601,20260120,cap_ge_500yi/nonstar_ge_10
SH600601,20260121,cap_ge_500yi/nonstar_ge_10
SH600601,20260122,cap_ge_500yi/nonstar_ge_10
SH600601,20260123,cap_ge_500yi/nonstar_ge_10
SH600601,20260126,cap_ge_500yi/nonstar_ge_10
SH600601,20260127,cap_ge_500yi/nonstar_ge_10
SH600601,20260128,cap_ge_500yi/nonstar_ge_10
SH600601,20260129,cap_50_500yi/nonstar_ge_10
SH600601,20260130,cap_50_500yi/nonstar_ge_10
SH600650,20260105,cap_50_500yi/nonstar_ge_10
SH600650,20260106,cap_50_500yi/nonstar_ge_10
SH600650,20260107,cap_50_500yi/nonstar_ge_10
SH600650,20260108,cap_50_500yi/nonstar_ge_10
SH600650,20260109,cap_50_500yi/nonstar_ge_10
SH600650,20260112,cap_50_500yi/nonstar_ge_10
SH600650,20260113,cap_50_500yi/nonstar_ge_10
SH600650,20260114,cap_50_500yi/nonstar_ge_10
SH600650,20260115,cap_50_500yi/nonstar_ge_10
SH600650,20260116,cap_50_500yi/nonstar_ge_10
SH600650,20260119,cap_50_500yi/nonstar_ge_10
SH600650,20260120,cap_50_500yi/nonstar_ge_10
SH600650,20260121,cap_50_500yi/nonstar_ge_10
SH600650,20260122,cap_50_500yi/nonstar_ge_10
SH600650,20260123,cap_50_500yi/nonstar_ge_10
SH600650,20260126,cap_50_500yi/nonstar_ge_10
SH600650,20260127,cap_50_500yi/nonstar_ge_10
SH600650,20260128,cap_50_500yi/nonstar_ge_10
SH600650,20260129,cap_50_500yi/nonstar_ge_10
SH600650,20260130,cap_50_500yi/nonstar_ge_10
SH600689,20260105,cap_lt_50yi/nonstar_ge_10
SH600689,20260106,cap_lt_50yi/nonstar_ge_10
SH600689,20260107,cap_lt_50yi/nonstar_ge_10
SH600689,20260108,cap_lt_50yi/nonstar_ge_10
SH600689,20260109,cap_lt_50yi/nonstar_ge_10
SH600689,20260112,cap_lt_50yi/nonstar_ge_10
SH600689,20260113,cap_lt_50yi/nonstar_ge_10
SH600689,20260114,cap_lt_50yi/nonstar_ge_10
SH600689,20260115,cap_lt_50yi/nonstar_ge_10
SH600689,20260116,cap_lt_50yi/nonstar_ge_10
SH600689,20260119,cap_lt_50yi/nonstar_ge_10
SH600689,20260120,cap_lt_50yi/nonstar_ge_10
SH600689,20260121,cap_lt_50yi/nonstar_ge_10
SH600689,20260122,cap_lt_50yi/nonstar_ge_10
SH600689,20260123,cap_lt_50yi/nonstar_ge_10
SH600689,20260126,cap_lt_50yi/nonstar_ge_10
SH600689,20260127,cap_lt_50yi/nonstar_ge_10
SH600689,20260128,cap_lt_50yi/nonstar_ge_10
SH600689,20260129,cap_lt_50yi/nonstar_ge_10
SH600689,20260130,cap_lt_50yi/nonstar_ge_10
SH600708,20260105,cap_50_500yi/nonstar_lt_10
SH600708,20260106,cap_50_500yi/nonstar_lt_10
SH600708,20260107,cap_50_500yi/nonstar_lt_10
SH600708,20260108,cap_50_500yi/nonstar_lt_10
SH600708,20260109,cap_50_500yi/nonstar_lt_10
SH600708,20260112,cap_50_500yi/nonstar_lt_10
SH600708,20260113,cap_50_500yi/nonstar_lt_10
SH600708,20260114,cap_50_500yi/nonstar_lt_10
SH600708,20260115,cap_50_500yi/nonstar_lt_10
SH600708,20260116,cap_50_500yi/nonstar_lt_10
SH600708,20260119,cap_50_500yi/nonstar_lt_10
SH600708,20260120,cap_50_500yi/nonstar_lt_10
SH600708,20260121,cap_50_500yi/nonstar_lt_10
SH600708,20260122,cap_50_500yi/nonstar_lt_10
SH600708,20260123,cap_50_500yi/nonstar_lt_10
SH600708,20260126,cap_50_500yi/nonstar_lt_10
SH600708,20260127,cap_50_500yi/nonstar_lt_10
SH600708,20260128,cap_50_500yi/nonstar_lt_10
SH600708,20260129,cap_50_500yi/nonstar_lt_10
SH600708,20260130,cap_50_500yi/nonstar_lt_10
SH600743,20260105,cap_lt_50yi/nonstar_lt_10
SH600743,20260106,cap_lt_50yi/nonstar_lt_10
SH600743,20260107,cap_lt_50yi/nonstar_lt_10
SH600743,20260108,cap_lt_50yi/nonstar_lt_10
SH600743,20260109,cap_lt_50yi/nonstar_lt_10
SH600743,20260112,cap_lt_50yi/nonstar_lt_10
SH600743,20260113,cap_lt_50yi/nonstar_lt_10
SH600743,20260114,cap_lt_50yi/nonstar_lt_10
SH600743,20260115,cap_lt_50yi/nonstar_lt_10
SH600743,20260116,cap_lt_50yi/nonstar_lt_10
SH600743,20260119,cap_lt_50yi/nonstar_lt_10
SH600743,20260120,cap_lt_50yi/nonstar_lt_10
SH600743,20260121,cap_lt_50yi/nonstar_lt_10
SH600743,20260122,cap_lt_50yi/nonstar_lt_10
SH600743,20260123,cap_lt_50yi/nonstar_lt_10
SH600743,20260126,cap_lt_50yi/nonstar_lt_10
SH600743,20260127,cap_lt_50yi/nonstar_lt_10
SH600743,20260128,cap_lt_50yi/nonstar_lt_10
SH600743,20260129,cap_lt_50yi/nonstar_lt_10
SH600743,20260130,cap_lt_50yi/nonstar_lt_10
SH600792,20260105,cap_lt_50yi/nonstar_lt_10
SH600792,20260106,cap_lt_50yi/nonstar_lt_10
SH600792,20260107,cap_lt_50yi/nonstar_lt_10
SH600792,20260108,cap_lt_50yi/nonstar_lt_10
SH600792,20260109,cap_lt_50yi/nonstar_lt_10
SH600792,20260112,cap_lt_50yi/nonstar_lt_10
SH600792,20260113,cap_lt_50yi/nonstar_lt_10
SH600792,20260114,cap_lt_50yi/nonstar_lt_10
SH600792,20260115,cap_lt_50yi/nonstar_lt_10
SH600792,20260116,cap_lt_50yi/nonstar_lt_10
SH600792,20260119,cap_lt_50yi/nonstar_lt_10
SH600792,20260120,cap_lt_50yi/nonstar_lt_10
SH600792,20260121,cap_lt_50yi/nonstar_lt_10
SH600792,20260122,cap_lt_50yi/nonstar_lt_10
SH600792,20260123,cap_lt_50yi/nonstar_lt_10
SH600792,20260126,cap_lt_50yi/nonstar_lt_10
SH600792,20260127,cap_lt_50yi/nonstar_lt_10
SH600792,20260128,cap_lt_50yi/nonstar_lt_10
SH600792,20260129,cap_lt_50yi/nonstar_lt_10
SH600792,20260130,cap_lt_50yi/nonstar_lt_10
SH600794,20260105,cap_lt_50yi/nonstar_lt_10
SH600794,20260106,cap_lt_50yi/nonstar_lt_10
SH600794,20260107,cap_lt_50yi/nonstar_lt_10
SH600794,20260108,cap_lt_50yi/nonstar_lt_10
SH600794,20260109,cap_lt_50yi/nonstar_lt_10
SH600794,20260112,cap_lt_50yi/nonstar_lt_10
SH600794,20260113,cap_lt_50yi/nonstar_lt_10
SH600794,20260114,cap_lt_50yi/nonstar_lt_10
SH600794,20260115,cap_lt_50yi/nonstar_lt_10
SH600794,20260116,cap_lt_50yi/nonstar_lt_10
SH600794,20260119,cap_lt_50yi/nonstar_lt_10
SH600794,20260120,cap_lt_50yi/nonstar_lt_10
SH600794,20260121,cap_lt_50yi/nonstar_lt_10
SH600794,20260122,cap_lt_50yi/nonstar_lt_10
SH600794,20260123,cap_lt_50yi/nonstar_lt_10
SH600794,20260126,cap_lt_50yi/nonstar_lt_10
SH600794,20260127,cap_lt_50yi/nonstar_lt_10
SH600794,20260128,cap_lt_50yi/nonstar_lt_10
SH600794,20260129,cap_lt_50yi/nonstar_lt_10
SH600794,20260130,cap_lt_50yi/nonstar_lt_10
SH600795,20260105,cap_ge_500yi/nonstar_lt_10
SH600795,20260106,cap_ge_500yi/nonstar_lt_10
SH600795,20260107,cap_ge_500yi/nonstar_lt_10
SH600795,20260108,cap_ge_500yi/nonstar_lt_10
SH600795,20260109,cap_ge_500yi/nonstar_lt_10
SH600795,20260112,cap_ge_500yi/nonstar_lt_10
SH600795,20260113,cap_ge_500yi/nonstar_lt_10
SH600795,20260114,cap_ge_500yi/nonstar_lt_10
SH600795,20260115,cap_ge_500yi/nonstar_lt_10
SH600795,20260116,cap_ge_500yi/nonstar_lt_10
SH600795,20260119,cap_ge_500yi/nonstar_lt_10
SH600795,20260120,cap_ge_500yi/nonstar_lt_10
SH600795,20260121,cap_ge_500yi/nonstar_lt_10
SH600795,20260122,cap_ge_500yi/nonstar_lt_10
SH600795,20260123,cap_ge_500yi/nonstar_lt_10
SH600795,20260126,cap_ge_500yi/nonstar_lt_10
SH600795,20260127,cap_ge_500yi/nonstar_lt_10
SH600795,20260128,cap_ge_500yi/nonstar_lt_10
SH600795,20260129,cap_ge_500yi/nonstar_lt_10
SH600795,20260130,cap_ge_500yi/nonstar_lt_10
SH600803,20260105,cap_ge_500yi/nonstar_ge_10
SH600803,20260106,cap_ge_500yi/nonstar_ge_10
SH600803,20260107,cap_ge_500yi/nonstar_ge_10
SH600803,20260108,cap_ge_500yi/nonstar_ge_10
SH600803,20260109,cap_ge_500yi/nonstar_ge_10
SH600803,20260112,cap_ge_500yi/nonstar_ge_10
SH600803,20260113,cap_ge_500yi/nonstar_ge_10
SH600803,20260114,cap_ge_500yi/nonstar_ge_10
SH600803,20260115,cap_ge_500yi/nonstar_ge_10
SH600803,20260116,cap_ge_500yi/nonstar_ge_10
SH600803,20260119,cap_ge_500yi/nonstar_ge_10
SH600803,20260120,cap_ge_500yi/nonstar_ge_10
SH600803,20260121,cap_ge_500yi/nonstar_ge_10
SH600803,20260122,cap_ge_500yi/nonstar_ge_10
SH600803,20260123,cap_ge_500yi/nonstar_ge_10
SH600803,20260126,cap_ge_500yi/nonstar_ge_10
SH600803,20260127,cap_ge_500yi/nonstar_ge_10
SH600803,20260128,cap_ge_500yi/nonstar_ge_10
SH600803,20260129,cap_ge_500yi/nonstar_ge_10
SH600803,20260130,cap_ge_500yi/nonstar_ge_10
SH600834,20260105,cap_lt_50yi/nonstar_lt_10
SH600834,20260106,cap_lt_50yi/nonstar_lt_10
SH600834,20260107,cap_lt_50yi/nonstar_lt_10
SH600834,20260108,cap_lt_50yi/nonstar_lt_10
SH600834,20260109,cap_lt_50yi/nonstar_lt_10
SH600834,20260112,cap_lt_50yi/nonstar_lt_10
SH600834,20260113,cap_lt_50yi/nonstar_lt_10
SH600834,20260114,cap_lt_50yi/nonstar_lt_10
SH600834,20260115,cap_lt_50yi/nonstar_lt_10
SH600834,20260116,cap_lt_50yi/nonstar_lt_10
SH600834,20260119,cap_lt_50yi/nonstar_lt_10
SH600834,20260120,cap_lt_50yi/nonstar_lt_10
SH600834,20260121,cap_lt_50yi/nonstar_lt_10
SH600834,20260122,cap_lt_50yi/nonstar_lt_10
SH600834,20260123,cap_lt_50yi/nonstar_lt_10
SH600834,20260126,cap_lt_50yi/nonstar_lt_10
SH600834,20260127,cap_lt_50yi/nonstar_lt_10
SH600834,20260128,cap_lt_50yi/nonstar_lt_10
SH600834,20260129,cap_lt_50yi/nonstar_lt_10
SH600834,20260130,cap_lt_50yi/nonstar_lt_10
SH600941,20260105,cap_ge_500yi/nonstar_ge_10
SH600941,20260106,cap_ge_500yi/nonstar_ge_10
SH600941,20260107,cap_ge_500yi/nonstar_ge_10
SH600941,20260108,cap_ge_500yi/nonstar_ge_10
SH600941,20260109,cap_ge_500yi/nonstar_ge_10
SH600941,20260112,cap_ge_500yi/nonstar_ge_10
SH600941,20260113,cap_ge_500yi/nonstar_ge_10
SH600941,20260114,cap_ge_500yi/nonstar_ge_10
SH600941,20260115,cap_ge_500yi/nonstar_ge_10
SH600941,20260116,cap_ge_500yi/nonstar_ge_10
SH600941,20260119,cap_ge_500yi/nonstar_ge_10
SH600941,20260120,cap_ge_500yi/nonstar_ge_10
SH600941,20260121,cap_ge_500yi/nonstar_ge_10
SH600941,20260122,cap_ge_500yi/nonstar_ge_10
SH600941,20260123,cap_ge_500yi/nonstar_ge_10
SH600941,20260126,cap_ge_500yi/nonstar_ge_10
SH600941,20260127,cap_ge_500yi/nonstar_ge_10
SH600941,20260128,cap_ge_500yi/nonstar_ge_10
SH600941,20260129,cap_ge_500yi/nonstar_ge_10
SH600941,20260130,cap_ge_500yi/nonstar_ge_10
SH600956,20260105,cap_50_500yi/nonstar_lt_10
SH600956,20260106,cap_50_500yi/nonstar_lt_10
SH600956,20260107,cap_50_500yi/nonstar_lt_10
SH600956,20260108,cap_50_500yi/nonstar_lt_10
SH600956,20260109,cap_50_500yi/nonstar_lt_10
SH600956,20260112,cap_50_500yi/nonstar_lt_10
SH600956,20260113,cap_50_500yi/nonstar_lt_10
SH600956,20260114,cap_50_500yi/nonstar_lt_10
SH600956,20260115,cap_50_500yi/nonstar_lt_10
SH600956,20260116,cap_50_500yi/nonstar_lt_10
SH600956,20260119,cap_50_500yi/nonstar_lt_10
SH600956,20260120,cap_50_500yi/nonstar_lt_10
SH600956,20260121,cap_50_500yi/nonstar_lt_10
SH600956,20260122,cap_50_500yi/nonstar_lt_10
SH600956,20260123,cap_50_500yi/nonstar_lt_10
SH600956,20260126,cap_50_500yi/nonstar_lt_10
SH600956,20260127,cap_50_500yi/nonstar_lt_10
SH600956,20260128,cap_50_500yi/nonstar_lt_10
SH600956,20260129,cap_50_500yi/nonstar_lt_10
SH600956,20260130,cap_50_500yi/nonstar_lt_10
SH601008,20260105,cap_50_500yi/nonstar_lt_10
SH601008,20260106,cap_50_500yi/nonstar_lt_10
SH601008,20260107,cap_50_500yi/nonstar_lt_10
SH601008,20260108,cap_50_500yi/nonstar_lt_10
SH601008,20260109,cap_50_500yi/nonstar_lt_10
SH601008,20260112,cap_50_500yi/nonstar_lt_10
SH601008,20260113,cap_50_500yi/nonstar_lt_10
SH601008,20260114,cap_50_500yi/nonstar_lt_10
SH601008,20260115,cap_50_500yi/nonstar_lt_10
SH601008,20260116,cap_50_500yi/nonstar_lt_10
SH601008,20260119,cap_50_500yi/nonstar_lt_10
SH601008,20260120,cap_50_500yi/nonstar_lt_10
SH601008,20260121,cap_50_500yi/nonstar_lt_10
SH601008,20260122,cap_50_500yi/nonstar_lt_10
SH601008,20260123,cap_50_500yi/nonstar_lt_10
SH601008,20260126,cap_50_500yi/nonstar_lt_10
SH601008,20260127,cap_50_500yi/nonstar_lt_10
SH601008,20260128,cap_50_500yi/nonstar_lt_10
SH601008,20260129,cap_50_500yi/nonstar_lt_10
SH601008,20260130,cap_50_500yi/nonstar_lt_10
SH601169,20260105,cap_ge_500yi/nonstar_lt_10
SH601169,20260106,cap_ge_500yi/nonstar_lt_10
SH601169,20260107,cap_ge_500yi/nonstar_lt_10
SH601169,20260108,cap_ge_500yi/nonstar_lt_10
SH601169,20260109,cap_ge_500yi/nonstar_lt_10
SH601169,20260112,cap_ge_500yi/nonstar_lt_10
SH601169,20260113,cap_ge_500yi/nonstar_lt_10
SH601169,20260114,cap_ge_500yi/nonstar_lt_10
SH601169,20260115,cap_ge_500yi/nonstar_lt_10
SH601169,20260116,cap_ge_500yi/nonstar_lt_10
SH601169,20260119,cap_ge_500yi/nonstar_lt_10
SH601169,20260120,cap_ge_500yi/nonstar_lt_10
SH601169,20260121,cap_ge_500yi/nonstar_lt_10
SH601169,20260122,cap_ge_500yi/nonstar_lt_10
SH601169,20260123,cap_ge_500yi/nonstar_lt_10
SH601169,20260126,cap_ge_500yi/nonstar_lt_10
SH601169,20260127,cap_ge_500yi/nonstar_lt_10
SH601169,20260128,cap_ge_500yi/nonstar_lt_10
SH601169,20260129,cap_ge_500yi/nonstar_lt_10
SH601169,20260130,cap_ge_500yi/nonstar_lt_10
SH601319,20260105,cap_ge_500yi/nonstar_lt_10
SH601319,20260106,cap_ge_500yi/nonstar_lt_10
SH601319,20260107,cap_ge_500yi/nonstar_lt_10
SH601319,20260108,cap_ge_500yi/nonstar_lt_10
SH601319,20260109,cap_ge_500yi/nonstar_lt_10
SH601319,20260112,cap_ge_500yi/nonstar_lt_10
SH601319,20260113,cap_ge_500yi/nonstar_lt_10
SH601319,20260114,cap_ge_500yi/nonstar_lt_10
SH601319,20260115,cap_ge_500yi/nonstar_lt_10
SH601319,20260116,cap_ge_500yi/nonstar_lt_10
SH601319,20260119,cap_ge_500yi/nonstar_lt_10
SH601319,20260120,cap_ge_500yi/nonstar_lt_10
SH601319,20260121,cap_ge_500yi/nonstar_lt_10
SH601319,20260122,cap_ge_500yi/nonstar_lt_10
SH601319,20260123,cap_ge_500yi/nonstar_lt_10
SH601319,20260126,cap_ge_500yi/nonstar_lt_10
SH601319,20260127,cap_ge_500yi/nonstar_lt_10
SH601319,20260128,cap_ge_500yi/nonstar_lt_10
SH601319,20260129,cap_ge_500yi/nonstar_lt_10
SH601319,20260130,cap_ge_500yi/nonstar_lt_10
SH601328,20260105,cap_ge_500yi/nonstar_lt_10
SH601328,20260106,cap_ge_500yi/nonstar_lt_10
SH601328,20260107,cap_ge_500yi/nonstar_lt_10
SH601328,20260108,cap_ge_500yi/nonstar_lt_10
SH601328,20260109,cap_ge_500yi/nonstar_lt_10
SH601328,20260112,cap_ge_500yi/nonstar_lt_10
SH601328,20260113,cap_ge_500yi/nonstar_lt_10
SH601328,20260114,cap_ge_500yi/nonstar_lt_10
SH601328,20260115,cap_ge_500yi/nonstar_lt_10
SH601328,20260116,cap_ge_500yi/nonstar_lt_10
SH601328,20260119,cap_ge_500yi/nonstar_lt_10
SH601328,20260120,cap_ge_500yi/nonstar_lt_10
SH601328,20260121,cap_ge_500yi/nonstar_lt_10
SH601328,20260122,cap_ge_500yi/nonstar_lt_10
SH601328,20260123,cap_ge_500yi/nonstar_lt_10
SH601328,20260126,cap_ge_500yi/nonstar_lt_10
SH601328,20260127,cap_ge_500yi/nonstar_lt_10
SH601328,20260128,cap_ge_500yi/nonstar_lt_10
SH601328,20260129,cap_ge_500yi/nonstar_lt_10
SH601328,20260130,cap_ge_500yi/nonstar_lt_10
SH601388,20260105,cap_50_500yi/nonstar_lt_10
SH601388,20260106,cap_50_500yi/nonstar_lt_10
SH601388,20260107,cap_50_500yi/nonstar_lt_10
SH601388,20260108,cap_50_500yi/nonstar_lt_10
SH601388,20260109,cap_50_500yi/nonstar_lt_10
SH601388,20260112,cap_50_500yi/nonstar_lt_10
SH601388,20260113,cap_50_500yi/nonstar_lt_10
SH601388,20260114,cap_50_500yi/nonstar_lt_10
SH601388,20260115,cap_50_500yi/nonstar_lt_10
SH601388,20260116,cap_50_500yi/nonstar_lt_10
SH601388,20260119,cap_50_500yi/nonstar_lt_10
SH601388,20260120,cap_50_500yi/nonstar_lt_10
SH601388,20260121,cap_50_500yi/nonstar_lt_10
SH601388,20260122,cap_50_500yi/nonstar_lt_10
SH601388,20260123,cap_50_500yi/nonstar_lt_10
SH601388,20260126,cap_50_500yi/nonstar_lt_10
SH601388,20260127,cap_50_500yi/nonstar_lt_10
SH601388,20260128,cap_50_500yi/nonstar_lt_10
SH601388,20260129,cap_50_500yi/nonstar_lt_10
SH601388,20260130,cap_50_500yi/nonstar_lt_10
SH601390,20260105,cap_ge_500yi/nonstar_lt_10
SH601390,20260106,cap_ge_500yi/nonstar_lt_10
SH601390,20260107,cap_ge_500yi/nonstar_lt_10
SH601390,20260108,cap_ge_500yi/nonstar_lt_10
SH601390,20260109,cap_ge_500yi/nonstar_lt_10
SH601390,20260112,cap_ge_500yi/nonstar_lt_10
SH601390,20260113,cap_ge_500yi/nonstar_lt_10
SH601390,20260114,cap_ge_500yi/nonstar_lt_10
SH601390,20260115,cap_ge_500yi/nonstar_lt_10
SH601390,20260116,cap_ge_500yi/nonstar_lt_10
SH601390,20260119,cap_ge_500yi/nonstar_lt_10
SH601390,20260120,cap_ge_500yi/nonstar_lt_10
SH601390,20260121,cap_ge_500yi/nonstar_lt_10
SH601390,20260122,cap_ge_500yi/nonstar_lt_10
SH601390,20260123,cap_ge_500yi/nonstar_lt_10
SH601390,20260126,cap_ge_500yi/nonstar_lt_10
SH601390,20260127,cap_ge_500yi/nonstar_lt_10
SH601390,20260128,cap_ge_500yi/nonstar_lt_10
SH601390,20260129,cap_ge_500yi/nonstar_lt_10
SH601390,20260130,cap_ge_500yi/nonstar_lt_10
SH601398,20260105,cap_ge_500yi/nonstar_lt_10
SH601398,20260106,cap_ge_500yi/nonstar_lt_10
SH601398,20260107,cap_ge_500yi/nonstar_lt_10
SH601398,20260108,cap_ge_500yi/nonstar_lt_10
SH601398,20260109,cap_ge_500yi/nonstar_lt_10
SH601398,20260112,cap_ge_500yi/nonstar_lt_10
SH601398,20260113,cap_ge_500yi/nonstar_lt_10
SH601398,20260114,cap_ge_500yi/nonstar_lt_10
SH601398,20260115,cap_ge_500yi/nonstar_lt_10
SH601398,20260116,cap_ge_500yi/nonstar_lt_10
SH601398,20260119,cap_ge_500yi/nonstar_lt_10
SH601398,20260120,cap_ge_500yi/nonstar_lt_10
SH601398,20260121,cap_ge_500yi/nonstar_lt_10
SH601398,20260122,cap_ge_500yi/nonstar_lt_10
SH601398,20260123,cap_ge_500yi/nonstar_lt_10
SH601398,20260126,cap_ge_500yi/nonstar_lt_10
SH601398,20260127,cap_ge_500yi/nonstar_lt_10
SH601398,20260128,cap_ge_500yi/nonstar_lt_10
SH601398,20260129,cap_ge_500yi/nonstar_lt_10
SH601398,20260130,cap_ge_500yi/nonstar_lt_10
SH601567,20260105,cap_50_500yi/nonstar_ge_10
SH601567,20260106,cap_50_500yi/nonstar_ge_10
SH601567,20260107,cap_50_500yi/nonstar_ge_10
SH601567,20260108,cap_50_500yi/nonstar_ge_10
SH601567,20260109,cap_50_500yi/nonstar_ge_10
SH601567,20260112,cap_50_500yi/nonstar_ge_10
SH601567,20260113,cap_50_500yi/nonstar_ge_10
SH601567,20260114,cap_50_500yi/nonstar_ge_10
SH601567,20260115,cap_50_500yi/nonstar_ge_10
SH601567,20260116,cap_50_500yi/nonstar_ge_10
SH601567,20260119,cap_50_500yi/nonstar_ge_10
SH601567,20260120,cap_50_500yi/nonstar_ge_10
SH601567,20260121,cap_50_500yi/nonstar_ge_10
SH601567,20260122,cap_50_500yi/nonstar_ge_10
SH601567,20260123,cap_50_500yi/nonstar_ge_10
SH601567,20260126,cap_50_500yi/nonstar_ge_10
SH601567,20260127,cap_50_500yi/nonstar_ge_10
SH601567,20260128,cap_50_500yi/nonstar_ge_10
SH601567,20260129,cap_50_500yi/nonstar_ge_10
SH601567,20260130,cap_50_500yi/nonstar_ge_10
SH601601,20260105,cap_ge_500yi/nonstar_ge_10
SH601601,20260106,cap_ge_500yi/nonstar_ge_10
SH601601,20260107,cap_ge_500yi/nonstar_ge_10
SH601601,20260108,cap_ge_500yi/nonstar_ge_10
SH601601,20260109,cap_ge_500yi/nonstar_ge_10
SH601601,20260112,cap_ge_500yi/nonstar_ge_10
SH601601,20260113,cap_ge_500yi/nonstar_ge_10
SH601601,20260114,cap_ge_500yi/nonstar_ge_10
SH601601,20260115,cap_ge_500yi/nonstar_ge_10
SH601601,20260116,cap_ge_500yi/nonstar_ge_10
SH601601,20260119,cap_ge_500yi/nonstar_ge_10
SH601601,20260120,cap_ge_500yi/nonstar_ge_10
SH601601,20260121,cap_ge_500yi/nonstar_ge_10
SH601601,20260122,cap_ge_500yi/nonstar_ge_10
SH601601,20260123,cap_ge_500yi/nonstar_ge_10
SH601601,20260126,cap_ge_500yi/nonstar_ge_10
SH601601,20260127,cap_ge_500yi/nonstar_ge_10
SH601601,20260128,cap_ge_500yi/nonstar_ge_10
SH601601,20260129,cap_ge_500yi/nonstar_ge_10
SH601601,20260130,cap_ge_500yi/nonstar_ge_10
SH601615,20260105,cap_50_500yi/nonstar_ge_10
SH601615,20260106,cap_50_500yi/nonstar_ge_10
SH601615,20260107,cap_50_500yi/nonstar_ge_10
SH601615,20260108,cap_50_500yi/nonstar_ge_10
SH601615,20260109,cap_50_500yi/nonstar_ge_10
SH601615,20260112,cap_50_500yi/nonstar_ge_10
SH601615,20260113,cap_50_500yi/nonstar_ge_10
SH601615,20260114,cap_50_500yi/nonstar_ge_10
SH601615,20260115,cap_50_500yi/nonstar_ge_10
SH601615,20260116,cap_50_500yi/nonstar_ge_10
SH601615,20260119,cap_50_500yi/nonstar_ge_10
SH601615,20260120,cap_50_500yi/nonstar_ge_10
SH601615,20260121,cap_50_500yi/nonstar_ge_10
SH601615,20260122,cap_50_500yi/nonstar_ge_10
SH601615,20260123,cap_50_500yi/nonstar_ge_10
SH601615,20260126,cap_50_500yi/nonstar_ge_10
SH601615,20260127,cap_ge_500yi/nonstar_ge_10
SH601615,20260128,cap_ge_500yi/nonstar_ge_10
SH601615,20260129,cap_ge_500yi/nonstar_ge_10
SH601615,20260130,cap_ge_500yi/nonstar_ge_10
SH601628,20260105,cap_ge_500yi/nonstar_ge_10
SH601628,20260106,cap_ge_500yi/nonstar_ge_10
SH601628,20260107,cap_ge_500yi/nonstar_ge_10
SH601628,20260108,cap_ge_500yi/nonstar_ge_10
SH601628,20260109,cap_ge_500yi/nonstar_ge_10
SH601628,20260112,cap_ge_500yi/nonstar_ge_10
SH601628,20260113,cap_ge_500yi/nonstar_ge_10
SH601628,20260114,cap_ge_500yi/nonstar_ge_10
SH601628,20260115,cap_ge_500yi/nonstar_ge_10
SH601628,20260116,cap_ge_500yi/nonstar_ge_10
SH601628,20260119,cap_ge_500yi/nonstar_ge_10
SH601628,20260120,cap_ge_500yi/nonstar_ge_10
SH601628,20260121,cap_ge_500yi/nonstar_ge_10
SH601628,20260122,cap_ge_500yi/nonstar_ge_10
SH601628,20260123,cap_ge_500yi/nonstar_ge_10
SH601628,20260126,cap_ge_500yi/nonstar_ge_10
SH601628,20260127,cap_ge_500yi/nonstar_ge_10
SH601628,20260128,cap_ge_500yi/nonstar_ge_10
SH601628,20260129,cap_ge_500yi/nonstar_ge_10
SH601628,20260130,cap_ge_500yi/nonstar_ge_10
SH601633,20260105,cap_ge_500yi/nonstar_ge_10
SH601633,20260106,cap_ge_500yi/nonstar_ge_10
SH601633,20260107,cap_ge_500yi/nonstar_ge_10
SH601633,20260108,cap_ge_500yi/nonstar_ge_10
SH601633,20260109,cap_ge_500yi/nonstar_ge_10
SH601633,20260112,cap_ge_500yi/nonstar_ge_10
SH601633,20260113,cap_ge_500yi/nonstar_ge_10
SH601633,20260114,cap_ge_500yi/nonstar_ge_10
SH601633,20260115,cap_ge_500yi/nonstar_ge_10
SH601633,20260116,cap_ge_500yi/nonstar_ge_10
SH601633,20260119,cap_ge_500yi/nonstar_ge_10
SH601633,20260120,cap_ge_500yi/nonstar_ge_10
SH601633,20260121,cap_ge_500yi/nonstar_ge_10
SH601633,20260122,cap_ge_500yi/nonstar_ge_10
SH601633,20260123,cap_ge_500yi/nonstar_ge_10
SH601633,20260126,cap_ge_500yi/nonstar_ge_10
SH601633,20260127,cap_ge_500yi/nonstar_ge_10
SH601633,20260128,cap_ge_500yi/nonstar_ge_10
SH601633,20260129,cap_ge_500yi/nonstar_ge_10
SH601633,20260130,cap_ge_500yi/nonstar_ge_10
SH601658,20260105,cap_ge_500yi/nonstar_lt_10
SH601658,20260106,cap_ge_500yi/nonstar_lt_10
SH601658,20260107,cap_ge_500yi/nonstar_lt_10
SH601658,20260108,cap_ge_500yi/nonstar_lt_10
SH601658,20260109,cap_ge_500yi/nonstar_lt_10
SH601658,20260112,cap_ge_500yi/nonstar_lt_10
SH601658,20260113,cap_ge_500yi/nonstar_lt_10
SH601658,20260114,cap_ge_500yi/nonstar_lt_10
SH601658,20260115,cap_ge_500yi/nonstar_lt_10
SH601658,20260116,cap_ge_500yi/nonstar_lt_10
SH601658,20260119,cap_ge_500yi/nonstar_lt_10
SH601658,20260120,cap_ge_500yi/nonstar_lt_10
SH601658,20260121,cap_ge_500yi/nonstar_lt_10
SH601658,20260122,cap_ge_500yi/nonstar_lt_10
SH601658,20260123,cap_ge_500yi/nonstar_lt_10
SH601658,20260126,cap_ge_500yi/nonstar_lt_10
SH601658,20260127,cap_ge_500yi/nonstar_lt_10
SH601658,20260128,cap_ge_500yi/nonstar_lt_10
SH601658,20260129,cap_ge_500yi/nonstar_lt_10
SH601658,20260130,cap_ge_500yi/nonstar_lt_10
SH601668,20260105,cap_ge_500yi/nonstar_lt_10
SH601668,20260106,cap_ge_500yi/nonstar_lt_10
SH601668,20260107,cap_ge_500yi/nonstar_lt_10
SH601668,20260108,cap_ge_500yi/nonstar_lt_10
SH601668,20260109,cap_ge_500yi/nonstar_lt_10
SH601668,20260112,cap_ge_500yi/nonstar_lt_10
SH601668,20260113,cap_ge_500yi/nonstar_lt_10
SH601668,20260114,cap_ge_500yi/nonstar_lt_10
SH601668,20260115,cap_ge_500yi/nonstar_lt_10
SH601668,20260116,cap_ge_500yi/nonstar_lt_10
SH601668,20260119,cap_ge_500yi/nonstar_lt_10
SH601668,20260120,cap_ge_500yi/nonstar_lt_10
SH601668,20260121,cap_ge_500yi/nonstar_lt_10
SH601668,20260122,cap_ge_500yi/nonstar_lt_10
SH601668,20260123,cap_ge_500yi/nonstar_lt_10
SH601668,20260126,cap_ge_500yi/nonstar_lt_10
SH601668,20260127,cap_ge_500yi/nonstar_lt_10
SH601668,20260128,cap_ge_500yi/nonstar_lt_10
SH601668,20260129,cap_ge_500yi/nonstar_lt_10
SH601668,20260130,cap_ge_500yi/nonstar_lt_10
SH601727,20260105,cap_ge_500yi/nonstar_lt_10
SH601727,20260106,cap_ge_500yi/nonstar_lt_10
SH601727,20260107,cap_ge_500yi/nonstar_lt_10
SH601727,20260108,cap_ge_500yi/nonstar_lt_10
SH601727,20260109,cap_ge_500yi/nonstar_lt_10
SH601727,20260112,cap_ge_500yi/nonstar_lt_10
SH601727,20260113,cap_ge_500yi/nonstar_lt_10
SH601727,20260114,cap_ge_500yi/nonstar_lt_10
SH601727,20260115,cap_ge_500yi/nonstar_lt_10
SH601727,20260116,cap_ge_500yi/nonstar_lt_10
SH601727,20260119,cap_ge_500yi/nonstar_lt_10
SH601727,20260120,cap_ge_500yi/nonstar_lt_10
SH601727,20260121,cap_ge_500yi/nonstar_lt_10
SH601727,20260122,cap_ge_500yi/nonstar_lt_10
SH601727,20260123,cap_ge_500yi/nonstar_lt_10
SH601727,20260126,cap_ge_500yi/nonstar_lt_10
SH601727,20260127,cap_ge_500yi/nonstar_lt_10
SH601727,20260128,cap_ge_500yi/nonstar_lt_10
SH601727,20260129,cap_ge_500yi/nonstar_lt_10
SH601727,20260130,cap_ge_500yi/nonstar_lt_10
SH601766,20260105,cap_ge_500yi/nonstar_lt_10
SH601766,20260106,cap_ge_500yi/nonstar_lt_10
SH601766,20260107,cap_ge_500yi/nonstar_lt_10
SH601766,20260108,cap_ge_500yi/nonstar_lt_10
SH601766,20260109,cap_ge_500yi/nonstar_lt_10
SH601766,20260112,cap_ge_500yi/nonstar_lt_10
SH601766,20260113,cap_ge_500yi/nonstar_lt_10
SH601766,20260114,cap_ge_500yi/nonstar_lt_10
SH601766,20260115,cap_ge_500yi/nonstar_lt_10
SH601766,20260116,cap_ge_500yi/nonstar_lt_10
SH601766,20260119,cap_ge_500yi/nonstar_lt_10
SH601766,20260120,cap_ge_500yi/nonstar_lt_10
SH601766,20260121,cap_ge_500yi/nonstar_lt_10
SH601766,20260122,cap_ge_500yi/nonstar_lt_10
SH601766,20260123,cap_ge_500yi/nonstar_lt_10
SH601766,20260126,cap_ge_500yi/nonstar_lt_10
SH601766,20260127,cap_ge_500yi/nonstar_lt_10
SH601766,20260128,cap_ge_500yi/nonstar_lt_10
SH601766,20260129,cap_ge_500yi/nonstar_lt_10
SH601766,20260130,cap_ge_500yi/nonstar_lt_10
SH601789,20260105,cap_50_500yi/nonstar_lt_10
SH601789,20260106,cap_50_500yi/nonstar_lt_10
SH601789,20260107,cap_50_500yi/nonstar_lt_10
SH601789,20260108,cap_50_500yi/nonstar_lt_10
SH601789,20260109,cap_50_500yi/nonstar_lt_10
SH601789,20260112,cap_50_500yi/nonstar_lt_10
SH601789,20260113,cap_50_500yi/nonstar_lt_10
SH601789,20260114,cap_50_500yi/nonstar_lt_10
SH601789,20260115,cap_50_500yi/nonstar_lt_10
SH601789,20260116,cap_50_500yi/nonstar_lt_10
SH601789,20260119,cap_50_500yi/nonstar_lt_10
SH601789,20260120,cap_50_500yi/nonstar_lt_10
SH601789,20260121,cap_50_500yi/nonstar_lt_10
SH601789,20260122,cap_50_500yi/nonstar_lt_10
SH601789,20260123,cap_50_500yi/nonstar_lt_10
SH601789,20260126,cap_50_500yi/nonstar_lt_10
SH601789,20260127,cap_50_500yi/nonstar_lt_10
SH601789,20260128,cap_50_500yi/nonstar_lt_10
SH601789,20260129,cap_50_500yi/nonstar_lt_10
SH601789,20260130,cap_50_500yi/nonstar_lt_10
SH601808,20260105,cap_ge_500yi/nonstar_ge_10
SH601808,20260106,cap_ge_500yi/nonstar_ge_10
SH601808,20260107,cap_ge_500yi/nonstar_ge_10
SH601808,20260108,cap_ge_500yi/nonstar_ge_10
SH601808,20260109,cap_ge_500yi/nonstar_ge_10
SH601808,20260112,cap_ge_500yi/nonstar_ge_10
SH601808,20260113,cap_ge_500yi/nonstar_ge_10
SH601808,20260114,cap_ge_500yi/nonstar_ge_10
SH601808,20260115,cap_ge_500yi/nonstar_ge_10
SH601808,20260116,cap_ge_500yi/nonstar_ge_10
SH601808,20260119,cap_ge_500yi/nonstar_ge_10
SH601808,20260120,cap_ge_500yi/nonstar_ge_10
SH601808,20260121,cap_ge_500yi/nonstar_ge_10
SH601808,20260122,cap_ge_500yi/nonstar_ge_10
SH601808,20260123,cap_ge_500yi/nonstar_ge_10
SH601808,20260126,cap_ge_500yi/nonstar_ge_10
SH601808,20260127,cap_ge_500yi/nonstar_ge_10
SH601808,20260128,cap_ge_500yi/nonstar_ge_10
SH601808,20260129,cap_ge_500yi/nonstar_ge_10
SH601808,20260130,cap_ge_500yi/nonstar_ge_10
SH601916,20260105,cap_ge_500yi/nonstar_lt_10
SH601916,20260106,cap_ge_500yi/nonstar_lt_10
SH601916,20260107,cap_ge_500yi/nonstar_lt_10
SH601916,20260108,cap_ge_500yi/nonstar_lt_10
SH601916,20260109,cap_ge_500yi/nonstar_lt_10
SH601916,20260112,cap_ge_500yi/nonstar_lt_10
SH601916,20260113,cap_ge_500yi/nonstar_lt_10
SH601916,20260114,cap_ge_500yi/nonstar_lt_10
SH601916,20260115,cap_ge_500yi/nonstar_lt_10
SH601916,20260116,cap_ge_500yi/nonstar_lt_10
SH601916,20260119,cap_ge_500yi/nonstar_lt_10
SH601916,20260120,cap_ge_500yi/nonstar_lt_10
SH601916,20260121,cap_ge_500yi/nonstar_lt_10
SH601916,20260122,cap_ge_500yi/nonstar_lt_10
SH601916,20260123,cap_ge_500yi/nonstar_lt_10
SH601916,20260126,cap_ge_500yi/nonstar_lt_10
SH601916,20260127,cap_ge_500yi/nonstar_lt_10
SH601916,20260128,cap_ge_500yi/nonstar_lt_10
SH601916,20260129,cap_ge_500yi/nonstar_lt_10
SH601916,20260130,cap_ge_500yi/nonstar_lt_10
SH601919,20260105,cap_ge_500yi/nonstar_ge_10
SH601919,20260106,cap_ge_500yi/nonstar_ge_10
SH601919,20260107,cap_ge_500yi/nonstar_ge_10
SH601919,20260108,cap_ge_500yi/nonstar_ge_10
SH601919,20260109,cap_ge_500yi/nonstar_ge_10
SH601919,20260112,cap_ge_500yi/nonstar_ge_10
SH601919,20260113,cap_ge_500yi/nonstar_ge_10
SH601919,20260114,cap_ge_500yi/nonstar_ge_10
SH601919,20260115,cap_ge_500yi/nonstar_ge_10
SH601919,20260116,cap_ge_500yi/nonstar_ge_10
SH601919,20260119,cap_ge_500yi/nonstar_ge_10
SH601919,20260120,cap_ge_500yi/nonstar_ge_10
SH601919,20260121,cap_ge_500yi/nonstar_ge_10
SH601919,20260122,cap_ge_500yi/nonstar_ge_10
SH601919,20260123,cap_ge_500yi/nonstar_ge_10
SH601919,20260126,cap_ge_500yi/nonstar_ge_10
SH601919,20260127,cap_ge_500yi/nonstar_ge_10
SH601919,20260128,cap_ge_500yi/nonstar_ge_10
SH601919,20260129,cap_ge_500yi/nonstar_ge_10
SH601919,20260130,cap_ge_500yi/nonstar_ge_10
SH601939,20260105,cap_ge_500yi/nonstar_lt_10
SH601939,20260106,cap_ge_500yi/nonstar_lt_10
SH601939,20260107,cap_ge_500yi/nonstar_lt_10
SH601939,20260108,cap_ge_500yi/nonstar_lt_10
SH601939,20260109,cap_ge_500yi/nonstar_lt_10
SH601939,20260112,cap_ge_500yi/nonstar_lt_10
SH601939,20260113,cap_ge_500yi/nonstar_lt_10
SH601939,20260114,cap_ge_500yi/nonstar_lt_10
SH601939,20260115,cap_ge_500yi/nonstar_lt_10
SH601939,20260116,cap_ge_500yi/nonstar_lt_10
SH601939,20260119,cap_ge_500yi/nonstar_lt_10
SH601939,20260120,cap_ge_500yi/nonstar_lt_10
SH601939,20260121,cap_ge_500yi/nonstar_lt_10
SH601939,20260122,cap_ge_500yi/nonstar_lt_10
SH601939,20260123,cap_ge_500yi/nonstar_lt_10
SH601939,20260126,cap_ge_500yi/nonstar_lt_10
SH601939,20260127,cap_ge_500yi/nonstar_lt_10
SH601939,20260128,cap_ge_500yi/nonstar_lt_10
SH601939,20260129,cap_ge_500yi/nonstar_lt_10
SH601939,20260130,cap_ge_500yi/nonstar_lt_10
SH601988,20260105,cap_ge_500yi/nonstar_lt_10
SH601988,20260106,cap_ge_500yi/nonstar_lt_10
SH601988,20260107,cap_ge_500yi/nonstar_lt_10
SH601988,20260108,cap_ge_500yi/nonstar_lt_10
SH601988,20260109,cap_ge_500yi/nonstar_lt_10
SH601988,20260112,cap_ge_500yi/nonstar_lt_10
SH601988,20260113,cap_ge_500yi/nonstar_lt_10
SH601988,20260114,cap_ge_500yi/nonstar_lt_10
SH601988,20260115,cap_ge_500yi/nonstar_lt_10
SH601988,20260116,cap_ge_500yi/nonstar_lt_10
SH601988,20260119,cap_ge_500yi/nonstar_lt_10
SH601988,20260120,cap_ge_500yi/nonstar_lt_10
SH601988,20260121,cap_ge_500yi/nonstar_lt_10
SH601988,20260122,cap_ge_500yi/nonstar_lt_10
SH601988,20260123,cap_ge_500yi/nonstar_lt_10
SH601988,20260126,cap_ge_500yi/nonstar_lt_10
SH601988,20260127,cap_ge_500yi/nonstar_lt_10
SH601988,20260128,cap_ge_500yi/nonstar_lt_10
SH601988,20260129,cap_ge_500yi/nonstar_lt_10
SH601988,20260130,cap_ge_500yi/nonstar_lt_10
SH603000,20260105,cap_50_500yi/nonstar_ge_10
SH603000,20260106,cap_50_500yi/nonstar_ge_10
SH603000,20260107,cap_50_500yi/nonstar_ge_10
SH603000,20260108,cap_50_500yi/nonstar_ge_10
SH603000,20260109,cap_50_500yi/nonstar_ge_10
SH603000,20260112,cap_50_500yi/nonstar_ge_10
SH603000,20260113,cap_50_500yi/nonstar_ge_10
SH603000,20260114,cap_50_500yi/nonstar_ge_10
SH603000,20260115,cap_50_500yi/nonstar_ge_10
SH603000,20260116,cap_50_500yi/nonstar_ge_10
SH603000,20260119,cap_50_500yi/nonstar_ge_10
SH603000,20260120,cap_50_500yi/nonstar_ge_10
SH603000,20260121,cap_50_500yi/nonstar_ge_10
SH603000,20260122,cap_50_500yi/nonstar_ge_10
SH603000,20260123,cap_50_500yi/nonstar_ge_10
SH603000,20260126,cap_50_500yi/nonstar_ge_10
SH603000,20260127,cap_50_500yi/nonstar_ge_10
SH603000,20260128,cap_50_500yi/nonstar_ge_10
SH603000,20260129,cap_50_500yi/nonstar_ge_10
SH603000,20260130,cap_50_500yi/nonstar_ge_10
SH603012,20260105,cap_lt_50yi/nonstar_lt_10
SH603012,20260106,cap_lt_50yi/nonstar_lt_10
SH603012,20260107,cap_lt_50yi/nonstar_lt_10
SH603012,20260108,cap_lt_50yi/nonstar_lt_10
SH603012,20260109,cap_lt_50yi/nonstar_lt_10
SH603012,20260112,cap_lt_50yi/nonstar_lt_10
SH603012,20260113,cap_lt_50yi/nonstar_lt_10
SH603012,20260114,cap_lt_50yi/nonstar_lt_10
SH603012,20260115,cap_lt_50yi/nonstar_lt_10
SH603012,20260116,cap_lt_50yi/nonstar_lt_10
SH603012,20260119,cap_lt_50yi/nonstar_lt_10
SH603012,20260120,cap_lt_50yi/nonstar_lt_10
SH603012,20260121,cap_lt_50yi/nonstar_lt_10
SH603012,20260122,cap_50_500yi/nonstar_lt_10
SH603012,20260123,cap_lt_50yi/nonstar_lt_10
SH603012,20260126,cap_lt_50yi/nonstar_lt_10
SH603012,20260127,cap_50_500yi/nonstar_lt_10
SH603012,20260128,cap_50_500yi/nonstar_lt_10
SH603012,20260129,cap_50_500yi/nonstar_lt_10
SH603012,20260130,cap_50_500yi/nonstar_lt_10
SH603019,20260105,cap_ge_500yi/nonstar_ge_10
SH603019,20260106,cap_ge_500yi/nonstar_ge_10
SH603019,20260107,cap_ge_500yi/nonstar_ge_10
SH603019,20260108,cap_ge_500yi/nonstar_ge_10
SH603019,20260109,cap_ge_500yi/nonstar_ge_10
SH603019,20260112,cap_ge_500yi/nonstar_ge_10
SH603019,20260113,cap_ge_500yi/nonstar_ge_10
SH603019,20260114,cap_ge_500yi/nonstar_ge_10
SH603019,20260115,cap_ge_500yi/nonstar_ge_10
SH603019,20260116,cap_ge_500yi/nonstar_ge_10
SH603019,20260119,cap_ge_500yi/nonstar_ge_10
SH603019,20260120,cap_ge_500yi/nonstar_ge_10
SH603019,20260121,cap_ge_500yi/nonstar_ge_10
SH603019,20260122,cap_ge_500yi/nonstar_ge_10
SH603019,20260123,cap_ge_500yi/nonstar_ge_10
SH603019,20260126,cap_ge_500yi/nonstar_ge_10
SH603019,20260127,cap_ge_500yi/nonstar_ge_10
SH603019,20260128,cap_ge_500yi/nonstar_ge_10
SH603019,20260129,cap_ge_500yi/nonstar_ge_10
SH603019,20260130,cap_ge_500yi/nonstar_ge_10
SH603053,20260105,cap_50_500yi/nonstar_lt_10
SH603053,20260106,cap_50_500yi/nonstar_lt_10
SH603053,20260107,cap_50_500yi/nonstar_lt_10
SH603053,20260108,cap_50_500yi/nonstar_lt_10
SH603053,20260109,cap_50_500yi/nonstar_lt_10
SH603053,20260112,cap_50_500yi/nonstar_lt_10
SH603053,20260113,cap_50_500yi/nonstar_lt_10
SH603053,20260114,cap_50_500yi/nonstar_lt_10
SH603053,20260115,cap_50_500yi/nonstar_lt_10
SH603053,20260116,cap_50_500yi/nonstar_lt_10
SH603053,20260119,cap_50_500yi/nonstar_lt_10
SH603053,20260120,cap_50_500yi/nonstar_ge_10
SH603053,20260121,cap_50_500yi/nonstar_ge_10
SH603053,20260122,cap_50_500yi/nonstar_ge_10
SH603053,20260123,cap_50_500yi/nonstar_ge_10
SH603053,20260126,cap_50_500yi/nonstar_ge_10
SH603053,20260127,cap_50_500yi/nonstar_ge_10
SH603053,20260128,cap_50_500yi/nonstar_ge_10
SH603053,20260129,cap_50_500yi/nonstar_ge_10
SH603053,20260130,cap_50_500yi/nonstar_ge_10
SH603102,20260105,cap_lt_50yi/nonstar_ge_10
SH603102,20260106,cap_lt_50yi/nonstar_ge_10
SH603102,20260107,cap_lt_50yi/nonstar_ge_10
SH603102,20260108,cap_lt_50yi/nonstar_ge_10
SH603102,20260109,cap_lt_50yi/nonstar_ge_10
SH603102,20260112,cap_lt_50yi/nonstar_ge_10
SH603102,20260113,cap_lt_50yi/nonstar_ge_10
SH603102,20260114,cap_lt_50yi/nonstar_ge_10
SH603102,20260115,cap_lt_50yi/nonstar_ge_10
SH603102,20260116,cap_lt_50yi/nonstar_ge_10
SH603102,20260119,cap_lt_50yi/nonstar_ge_10
SH603102,20260120,cap_lt_50yi/nonstar_ge_10
SH603102,20260121,cap_lt_50yi/nonstar_ge_10
SH603102,20260122,cap_lt_50yi/nonstar_ge_10
SH603102,20260123,cap_lt_50yi/nonstar_ge_10
SH603102,20260126,cap_lt_50yi/nonstar_ge_10
SH603102,20260127,cap_lt_50yi/nonstar_ge_10
SH603102,20260128,cap_lt_50yi/nonstar_ge_10
SH603102,20260129,cap_lt_50yi/nonstar_ge_10
SH603102,20260130,cap_lt_50yi/nonstar_ge_10
SH603110,20260105,cap_lt_50yi/nonstar_ge_10
SH603110,20260106,cap_lt_50yi/nonstar_ge_10
SH603110,20260107,cap_lt_50yi/nonstar_ge_10
SH603110,20260108,cap_lt_50yi/nonstar_ge_10
SH603110,20260109,cap_lt_50yi/nonstar_ge_10
SH603110,20260112,cap_lt_50yi/nonstar_ge_10
SH603110,20260113,cap_lt_50yi/nonstar_ge_10
SH603110,20260114,cap_lt_50yi/nonstar_ge_10
SH603110,20260115,cap_lt_50yi/nonstar_ge_10
SH603110,20260116,cap_lt_50yi/nonstar_ge_10
SH603110,20260119,cap_lt_50yi/nonstar_ge_10
SH603110,20260120,cap_lt_50yi/nonstar_ge_10
SH603110,20260121,cap_lt_50yi/nonstar_ge_10
SH603110,20260122,cap_lt_50yi/nonstar_ge_10
SH603110,20260123,cap_lt_50yi/nonstar_ge_10
SH603110,20260126,cap_lt_50yi/nonstar_ge_10
SH603110,20260127,cap_lt_50yi/nonstar_ge_10
SH603110,20260128,cap_lt_50yi/nonstar_ge_10
SH603110,20260129,cap_lt_50yi/nonstar_ge_10
SH603110,20260130,cap_lt_50yi/nonstar_ge_10
SH603219,20260105,cap_50_500yi/nonstar_ge_10
SH603219,20260106,cap_50_500yi/nonstar_ge_10
SH603219,20260107,cap_50_500yi/nonstar_ge_10
SH603219,20260108,cap_50_500yi/nonstar_ge_10
SH603219,20260109,cap_50_500yi/nonstar_ge_10
SH603219,20260112,cap_50_500yi/nonstar_ge_10
SH603219,20260113,cap_50_500yi/nonstar_ge_10
SH603219,20260114,cap_50_500yi/nonstar_ge_10
SH603219,20260115,cap_50_500yi/nonstar_ge_10
SH603219,20260116,cap_50_500yi/nonstar_ge_10
SH603219,20260119,cap_50_500yi/nonstar_ge_10
SH603219,20260120,cap_50_500yi/nonstar_ge_10
SH603219,20260121,cap_50_500yi/nonstar_ge_10
SH603219,20260122,cap_50_500yi/nonstar_ge_10
SH603219,20260123,cap_50_500yi/nonstar_ge_10
SH603219,20260126,cap_50_500yi/nonstar_ge_10
SH603219,20260127,cap_50_500yi/nonstar_ge_10
SH603219,20260128,cap_50_500yi/nonstar_ge_10
SH603219,20260129,cap_50_500yi/nonstar_ge_10
SH603219,20260130,cap_50_500yi/nonstar_ge_10
SH603272,20260105,cap_lt_50yi/nonstar_ge_10
SH603272,20260106,cap_lt_50yi/nonstar_ge_10
SH603272,20260107,cap_lt_50yi/nonstar_ge_10
SH603272,20260108,cap_lt_50yi/nonstar_ge_10
SH603272,20260109,cap_lt_50yi/nonstar_ge_10
SH603272,20260112,cap_lt_50yi/nonstar_ge_10
SH603272,20260113,cap_lt_50yi/nonstar_ge_10
SH603272,20260114,cap_lt_50yi/nonstar_ge_10
SH603272,20260115,cap_lt_50yi/nonstar_ge_10
SH603272,20260116,cap_lt_50yi/nonstar_ge_10
SH603272,20260119,cap_lt_50yi/nonstar_ge_10
SH603272,20260120,cap_lt_50yi/nonstar_ge_10
SH603272,20260121,cap_lt_50yi/nonstar_ge_10
SH603272,20260122,cap_lt_50yi/nonstar_ge_10
SH603272,20260123,cap_lt_50yi/nonstar_ge_10
SH603272,20260126,cap_lt_50yi/nonstar_ge_10
SH603272,20260127,cap_lt_50yi/nonstar_ge_10
SH603272,20260128,cap_lt_50yi/nonstar_ge_10
SH603272,20260129,cap_lt_50yi/nonstar_ge_10
SH603272,20260130,cap_lt_50yi/nonstar_ge_10
SH603276,20260105,cap_lt_50yi/nonstar_ge_10
SH603276,20260106,cap_lt_50yi/nonstar_ge_10
SH603276,20260107,cap_lt_50yi/nonstar_ge_10
SH603276,20260108,cap_lt_50yi/nonstar_ge_10
SH603276,20260109,cap_lt_50yi/nonstar_ge_10
SH603276,20260112,cap_lt_50yi/nonstar_ge_10
SH603276,20260113,cap_lt_50yi/nonstar_ge_10
SH603276,20260114,cap_lt_50yi/nonstar_ge_10
SH603276,20260115,cap_lt_50yi/nonstar_ge_10
SH603276,20260116,cap_lt_50yi/nonstar_ge_10
SH603276,20260119,cap_lt_50yi/nonstar_ge_10
SH603276,20260120,cap_lt_50yi/nonstar_ge_10
SH603276,20260121,cap_lt_50yi/nonstar_ge_10
SH603276,20260122,cap_lt_50yi/nonstar_ge_10
SH603276,20260123,cap_lt_50yi/nonstar_ge_10
SH603276,20260126,cap_lt_50yi/nonstar_ge_10
SH603276,20260127,cap_lt_50yi/nonstar_ge_10
SH603276,20260128,cap_lt_50yi/nonstar_ge_10
SH603276,20260129,cap_lt_50yi/nonstar_ge_10
SH603276,20260130,cap_lt_50yi/nonstar_ge_10
SH603278,20260105,cap_50_500yi/nonstar_ge_10
SH603278,20260106,cap_50_500yi/nonstar_ge_10
SH603278,20260107,cap_50_500yi/nonstar_ge_10
SH603278,20260108,cap_50_500yi/nonstar_ge_10
SH603278,20260109,cap_50_500yi/nonstar_ge_10
SH603278,20260112,cap_50_500yi/nonstar_ge_10
SH603278,20260113,cap_50_500yi/nonstar_ge_10
SH603278,20260114,cap_50_500yi/nonstar_ge_10
SH603278,20260115,cap_lt_50yi/nonstar_ge_10
SH603278,20260116,cap_lt_50yi/nonstar_ge_10
SH603278,20260119,cap_lt_50yi/nonstar_ge_10
SH603278,20260120,cap_lt_50yi/nonstar_ge_10
SH603278,20260121,cap_lt_50yi/nonstar_ge_10
SH603278,20260122,cap_lt_50yi/nonstar_ge_10
SH603278,20260123,cap_lt_50yi/nonstar_ge_10
SH603278,20260126,cap_lt_50yi/nonstar_ge_10
SH603278,20260127,cap_lt_50yi/nonstar_ge_10
SH603278,20260128,cap_lt_50yi/nonstar_ge_10
SH603278,20260129,cap_lt_50yi/nonstar_ge_10
SH603278,20260130,cap_lt_50yi/nonstar_ge_10
SH603296,20260105,cap_ge_500yi/nonstar_ge_10
SH603296,20260106,cap_ge_500yi/nonstar_ge_10
SH603296,20260107,cap_ge_500yi/nonstar_ge_10
SH603296,20260108,cap_ge_500yi/nonstar_ge_10
SH603296,20260109,cap_ge_500yi/nonstar_ge_10
SH603296,20260112,cap_ge_500yi/nonstar_ge_10
SH603296,20260113,cap_ge_500yi/nonstar_ge_10
SH603296,20260114,cap_ge_500yi/nonstar_ge_10
SH603296,20260115,cap_ge_500yi/nonstar_ge_10
SH603296,20260116,cap_ge_500yi/nonstar_ge_10
SH603296,20260119,cap_ge_500yi/nonstar_ge_10
SH603296,20260120,cap_ge_500yi/nonstar_ge_10
SH603296,20260121,cap_ge_500yi/nonstar_ge_10
SH603296,20260122,cap_ge_500yi/nonstar_ge_10
SH603296,20260123,cap_ge_500yi/nonstar_ge_10
SH603296,20260126,cap_ge_500yi/nonstar_ge_10
SH603296,20260127,cap_ge_500yi/nonstar_ge_10
SH603296,20260128,cap_ge_500yi/nonstar_ge_10
SH603296,20260129,cap_ge_500yi/nonstar_ge_10
SH603296,20260130,cap_ge_500yi/nonstar_ge_10
SH603303,20260105,cap_50_500yi/nonstar_ge_10
SH603303,20260106,cap_50_500yi/nonstar_ge_10
SH603303,20260107,cap_50_500yi/nonstar_ge_10
SH603303,20260108,cap_50_500yi/nonstar_ge_10
SH603303,20260109,cap_50_500yi/nonstar_ge_10
SH603303,20260112,cap_50_500yi/nonstar_ge_10
SH603303,20260113,cap_50_500yi/nonstar_ge_10
SH603303,20260114,cap_50_500yi/nonstar_ge_10
SH603303,20260115,cap_50_500yi/nonstar_ge_10
SH603303,20260116,cap_50_500yi/nonstar_ge_10
SH603303,20260119,cap_50_500yi/nonstar_ge_10
SH603303,20260120,cap_50_500yi/nonstar_ge_10
SH603303,20260121,cap_50_500yi/nonstar_ge_10
SH603303,20260122,cap_50_500yi/nonstar_ge_10
SH603303,20260123,cap_50_500yi/nonstar_ge_10
SH603303,20260126,cap_50_500yi/nonstar_ge_10
SH603303,20260127,cap_50_500yi/nonstar_ge_10
SH603303,20260128,cap_50_500yi/nonstar_ge_10
SH603303,20260129,cap_50_500yi/nonstar_ge_10
SH603303,20260130,cap_50_500yi/nonstar_ge_10
SH603345,20260105,cap_50_500yi/nonstar_ge_10
SH603345,20260106,cap_50_500yi/nonstar_ge_10
SH603345,20260107,cap_50_500yi/nonstar_ge_10
SH603345,20260108,cap_50_500yi/nonstar_ge_10
SH603345,20260109,cap_50_500yi/nonstar_ge_10
SH603345,20260112,cap_50_500yi/nonstar_ge_10
SH603345,20260113,cap_50_500yi/nonstar_ge_10
SH603345,20260114,cap_50_500yi/nonstar_ge_10
SH603345,20260115,cap_50_500yi/nonstar_ge_10
SH603345,20260116,cap_50_500yi/nonstar_ge_10
SH603345,20260119,cap_50_500yi/nonstar_ge_10
SH603345,20260120,cap_50_500yi/nonstar_ge_10
SH603345,20260121,cap_50_500yi/nonstar_ge_10
SH603345,20260122,cap_50_500yi/nonstar_ge_10
SH603345,20260123,cap_50_500yi/nonstar_ge_10
SH603345,20260126,cap_50_500yi/nonstar_ge_10
SH603345,20260127,cap_50_500yi/nonstar_ge_10
SH603345,20260128,cap_50_500yi/nonstar_ge_10
SH603345,20260129,cap_50_500yi/nonstar_ge_10
SH603345,20260130,cap_50_500yi/nonstar_ge_10
SH603359,20260105,cap_lt_50yi/nonstar_lt_10
SH603359,20260106,cap_lt_50yi/nonstar_lt_10
SH603359,20260107,cap_lt_50yi/nonstar_lt_10
SH603359,20260108,cap_lt_50yi/nonstar_lt_10
SH603359,20260109,cap_lt_50yi/nonstar_lt_10
SH603359,20260112,cap_lt_50yi/nonstar_lt_10
SH603359,20260113,cap_lt_50yi/nonstar_lt_10
SH603359,20260114,cap_lt_50yi/nonstar_lt_10
SH603359,20260115,cap_lt_50yi/nonstar_lt_10
SH603359,20260116,cap_lt_50yi/nonstar_lt_10
SH603359,20260119,cap_lt_50yi/nonstar_lt_10
SH603359,20260120,cap_lt_50yi/nonstar_lt_10
SH603359,20260121,cap_lt_50yi/nonstar_lt_10
SH603359,20260122,cap_lt_50yi/nonstar_lt_10
SH603359,20260123,cap_lt_50yi/nonstar_lt_10
SH603359,20260126,cap_lt_50yi/nonstar_lt_10
SH603359,20260127,cap_lt_50yi/nonstar_lt_10
SH603359,20260128,cap_lt_50yi/nonstar_lt_10
SH603359,20260129,cap_lt_50yi/nonstar_lt_10
SH603359,20260130,cap_lt_50yi/nonstar_lt_10
SH603458,20260105,cap_lt_50yi/nonstar_ge_10
SH603458,20260106,cap_lt_50yi/nonstar_ge_10
SH603458,20260107,cap_lt_50yi/nonstar_ge_10
SH603458,20260108,cap_lt_50yi/nonstar_ge_10
SH603458,20260109,cap_lt_50yi/nonstar_ge_10
SH603458,20260112,cap_lt_50yi/nonstar_ge_10
SH603458,20260113,cap_lt_50yi/nonstar_ge_10
SH603458,20260114,cap_lt_50yi/nonstar_ge_10
SH603458,20260115,cap_lt_50yi/nonstar_ge_10
SH603458,20260116,cap_lt_50yi/nonstar_ge_10
SH603458,20260119,cap_lt_50yi/nonstar_ge_10
SH603458,20260120,cap_lt_50yi/nonstar_ge_10
SH603458,20260121,cap_lt_50yi/nonstar_ge_10
SH603458,20260122,cap_lt_50yi/nonstar_ge_10
SH603458,20260123,cap_lt_50yi/nonstar_ge_10
SH603458,20260126,cap_lt_50yi/nonstar_ge_10
SH603458,20260127,cap_lt_50yi/nonstar_ge_10
SH603458,20260128,cap_lt_50yi/nonstar_ge_10
SH603458,20260129,cap_lt_50yi/nonstar_ge_10
SH603458,20260130,cap_lt_50yi/nonstar_ge_10
SH603689,20260105,cap_lt_50yi/nonstar_lt_10
SH603689,20260106,cap_lt_50yi/nonstar_lt_10
SH603689,20260107,cap_lt_50yi/nonstar_lt_10
SH603689,20260108,cap_lt_50yi/nonstar_lt_10
SH603689,20260109,cap_lt_50yi/nonstar_lt_10
SH603689,20260112,cap_lt_50yi/nonstar_lt_10
SH603689,20260113,cap_lt_50yi/nonstar_lt_10
SH603689,20260114,cap_lt_50yi/nonstar_lt_10
SH603689,20260115,cap_lt_50yi/nonstar_lt_10
SH603689,20260116,cap_lt_50yi/nonstar_lt_10
SH603689,20260119,cap_lt_50yi/nonstar_lt_10
SH603689,20260120,cap_lt_50yi/nonstar_lt_10
SH603689,20260121,cap_lt_50yi/nonstar_lt_10
SH603689,20260122,cap_lt_50yi/nonstar_lt_10
SH603689,20260123,cap_lt_50yi/nonstar_lt_10
SH603689,20260126,cap_lt_50yi/nonstar_lt_10
SH603689,20260127,cap_lt_50yi/nonstar_lt_10
SH603689,20260128,cap_lt_50yi/nonstar_lt_10
SH603689,20260129,cap_lt_50yi/nonstar_lt_10
SH603689,20260130,cap_lt_50yi/nonstar_lt_10
SH603803,20260105,cap_lt_50yi/nonstar_ge_10
SH603803,20260106,cap_lt_50yi/nonstar_ge_10
SH603803,20260107,cap_lt_50yi/nonstar_ge_10
SH603803,20260108,cap_lt_50yi/nonstar_ge_10
SH603803,20260109,cap_50_500yi/nonstar_ge_10
SH603803,20260112,cap_50_500yi/nonstar_ge_10
SH603803,20260113,cap_lt_50yi/nonstar_ge_10
SH603803,20260114,cap_lt_50yi/nonstar_ge_10
SH603803,20260115,cap_lt_50yi/nonstar_ge_10
SH603803,20260116,cap_lt_50yi/nonstar_ge_10
SH603803,20260119,cap_lt_50yi/nonstar_ge_10
SH603803,20260120,cap_lt_50yi/nonstar_ge_10
SH603803,20260121,cap_lt_50yi/nonstar_ge_10
SH603803,20260122,cap_lt_50yi/nonstar_ge_10
SH603803,20260123,cap_lt_50yi/nonstar_ge_10
SH603803,20260126,cap_lt_50yi/nonstar_ge_10
SH603803,20260127,cap_lt_50yi/nonstar_ge_10
SH603803,20260128,cap_lt_50yi/nonstar_ge_10
SH603803,20260129,cap_lt_50yi/nonstar_lt_10
SH603803,20260130,cap_lt_50yi/nonstar_lt_10
SH603815,20260105,cap_lt_50yi/nonstar_lt_10
SH603815,20260106,cap_lt_50yi/nonstar_lt_10
SH603815,20260107,cap_lt_50yi/nonstar_lt_10
SH603815,20260108,cap_lt_50yi/nonstar_lt_10
SH603815,20260109,cap_lt_50yi/nonstar_lt_10
SH603815,20260112,cap_lt_50yi/nonstar_lt_10
SH603815,20260113,cap_lt_50yi/nonstar_lt_10
SH603815,20260114,cap_lt_50yi/nonstar_lt_10
SH603815,20260115,cap_lt_50yi/nonstar_lt_10
SH603815,20260116,cap_lt_50yi/nonstar_lt_10
SH603815,20260119,cap_lt_50yi/nonstar_lt_10
SH603815,20260120,cap_lt_50yi/nonstar_lt_10
SH603815,20260121,cap_lt_50yi/nonstar_lt_10
SH603815,20260122,cap_50_500yi/nonstar_lt_10
SH603815,20260123,cap_50_500yi/nonstar_lt_10
SH603815,20260126,cap_50_500yi/nonstar_lt_10
SH603815,20260127,cap_lt_50yi/nonstar_lt_10
SH603815,20260128,cap_lt_50yi/nonstar_lt_10
SH603815,20260129,cap_lt_50yi/nonstar_lt_10
SH603815,20260130,cap_lt_50yi/nonstar_lt_10
SH603866,20260105,cap_50_500yi/nonstar_lt_10
SH603866,20260106,cap_50_500yi/nonstar_lt_10
SH603866,20260107,cap_50_500yi/nonstar_lt_10
SH603866,20260108,cap_50_500yi/nonstar_lt_10
SH603866,20260109,cap_50_500yi/nonstar_lt_10
SH603866,20260112,cap_50_500yi/nonstar_lt_10
SH603866,20260113,cap_50_500yi/nonstar_lt_10
SH603866,20260114,cap_50_500yi/nonstar_lt_10
SH603866,20260115,cap_50_500yi/nonstar_lt_10
SH603866,20260116,cap_50_500yi/nonstar_lt_10
SH603866,20260119,cap_50_500yi/nonstar_lt_10
SH603866,20260120,cap_50_500yi/nonstar_lt_10
SH603866,20260121,cap_50_500yi/nonstar_lt_10
SH603866,20260122,cap_50_500yi/nonstar_lt_10
SH603866,20260123,cap_50_500yi/nonstar_lt_10
SH603866,20260126,cap_50_500yi/nonstar_lt_10
SH603866,20260127,cap_50_500yi/nonstar_lt_10
SH603866,20260128,cap_50_500yi/nonstar_lt_10
SH603866,20260129,cap_50_500yi/nonstar_lt_10
SH603866,20260130,cap_50_500yi/nonstar_lt_10
SH603880,20260105,cap_lt_50yi/nonstar_lt_10
SH603880,20260106,cap_lt_50yi/nonstar_lt_10
SH603880,20260107,cap_lt_50yi/nonstar_lt_10
SH603880,20260108,cap_lt_50yi/nonstar_lt_10
SH603880,20260109,cap_lt_50yi/nonstar_lt_10
SH603880,20260112,cap_lt_50yi/nonstar_lt_10
SH603880,20260113,cap_lt_50yi/nonstar_lt_10
SH603880,20260114,cap_lt_50yi/nonstar_lt_10
SH603880,20260115,cap_lt_50yi/nonstar_lt_10
SH603880,20260116,cap_lt_50yi/nonstar_lt_10
SH603880,20260119,cap_lt_50yi/nonstar_lt_10
SH603880,20260120,cap_lt_50yi/nonstar_lt_10
SH603880,20260121,cap_lt_50yi/nonstar_lt_10
SH603880,20260122,cap_lt_50yi/nonstar_lt_10
SH603880,20260123,cap_lt_50yi/nonstar_lt_10
SH603880,20260126,cap_lt_50yi/nonstar_lt_10
SH603880,20260127,cap_lt_50yi/nonstar_lt_10
SH603880,20260128,cap_lt_50yi/nonstar_lt_10
SH603880,20260129,cap_lt_50yi/nonstar_lt_10
SH603880,20260130,cap_lt_50yi/nonstar_lt_10
SH603898,20260105,cap_lt_50yi/nonstar_ge_10
SH603898,20260106,cap_lt_50yi/nonstar_ge_10
SH603898,20260107,cap_lt_50yi/nonstar_ge_10
SH603898,20260108,cap_lt_50yi/nonstar_ge_10
SH603898,20260109,cap_lt_50yi/nonstar_ge_10
SH603898,20260112,cap_lt_50yi/nonstar_ge_10
SH603898,20260113,cap_lt_50yi/nonstar_ge_10
SH603898,20260114,cap_lt_50yi/nonstar_ge_10
SH603898,20260115,cap_lt_50yi/nonstar_ge_10
SH603898,20260116,cap_lt_50yi/nonstar_ge_10
SH603898,20260119,cap_lt_50yi/nonstar_ge_10
SH603898,20260120,cap_lt_50yi/nonstar_ge_10
SH603898,20260121,cap_lt_50yi/nonstar_ge_10
SH603898,20260122,cap_lt_50yi/nonstar_ge_10
SH603898,20260123,cap_lt_50yi/nonstar_ge_10
SH603898,20260126,cap_lt_50yi/nonstar_ge_10
SH603898,20260127,cap_50_500yi/nonstar_ge_10
SH603898,20260128,cap_50_500yi/nonstar_ge_10
SH603898,20260129,cap_50_500yi/nonstar_ge_10
SH603898,20260130,cap_50_500yi/nonstar_ge_10
SH603928,20260105,cap_lt_50yi/nonstar_ge_10
SH603928,20260106,cap_lt_50yi/nonstar_ge_10
SH603928,20260107,cap_lt_50yi/nonstar_ge_10
SH603928,20260108,cap_lt_50yi/nonstar_ge_10
SH603928,20260109,cap_lt_50yi/nonstar_ge_10
SH603928,20260112,cap_lt_50yi/nonstar_ge_10
SH603928,20260113,cap_lt_50yi/nonstar_ge_10
SH603928,20260114,cap_lt_50yi/nonstar_ge_10
SH603928,20260115,cap_lt_50yi/nonstar_ge_10
SH603928,20260116,cap_lt_50yi/nonstar_ge_10
SH603928,20260119,cap_lt_50yi/nonstar_ge_10
SH603928,20260120,cap_lt_50yi/nonstar_ge_10
SH603928,20260121,cap_lt_50yi/nonstar_ge_10
SH603928,20260122,cap_lt_50yi/nonstar_ge_10
SH603928,20260123,cap_lt_50yi/nonstar_ge_10
SH603928,20260126,cap_lt_50yi/nonstar_ge_10
SH603928,20260127,cap_lt_50yi/nonstar_ge_10
SH603928,20260128,cap_lt_50yi/nonstar_ge_10
SH603928,20260129,cap_lt_50yi/nonstar_ge_10
SH603928,20260130,cap_lt_50yi/nonstar_ge_10
SH603992,20260105,cap_50_500yi/nonstar_ge_10
SH603992,20260106,cap_50_500yi/nonstar_ge_10
SH603992,20260107,cap_50_500yi/nonstar_ge_10
SH603992,20260108,cap_50_500yi/nonstar_ge_10
SH603992,20260109,cap_50_500yi/nonstar_ge_10
SH603992,20260112,cap_50_500yi/nonstar_ge_10
SH603992,20260113,cap_50_500yi/nonstar_ge_10
SH603992,20260114,cap_50_500yi/nonstar_ge_10
SH603992,20260115,cap_50_500yi/nonstar_ge_10
SH603992,20260116,cap_50_500yi/nonstar_ge_10
SH603992,20260119,cap_50_500yi/nonstar_ge_10
SH603992,20260120,cap_50_500yi/nonstar_ge_10
SH603992,20260121,cap_50_500yi/nonstar_ge_10
SH603992,20260122,cap_50_500yi/nonstar_ge_10
SH603992,20260123,cap_50_500yi/nonstar_ge_10
SH603992,20260126,cap_50_500yi/nonstar_ge_10
SH603992,20260127,cap_50_500yi/nonstar_ge_10
SH603992,20260128,cap_50_500yi/nonstar_ge_10
SH603992,20260129,cap_50_500yi/nonstar_ge_10
SH603992,20260130,cap_50_500yi/nonstar_ge_10
SH605138,20260105,cap_lt_50yi/nonstar_lt_10
SH605138,20260106,cap_lt_50yi/nonstar_lt_10
SH605138,20260107,cap_lt_50yi/nonstar_lt_10
SH605138,20260108,cap_lt_50yi/nonstar_lt_10
SH605138,20260109,cap_lt_50yi/nonstar_lt_10
SH605138,20260112,cap_lt_50yi/nonstar_lt_10
SH605138,20260113,cap_lt_50yi/nonstar_lt_10
SH605138,20260114,cap_lt_50yi/nonstar_lt_10
SH605138,20260115,cap_lt_50yi/nonstar_lt_10
SH605138,20260116,cap_lt_50yi/nonstar_lt_10
SH605138,20260119,cap_lt_50yi/nonstar_lt_10
SH605138,20260120,cap_lt_50yi/nonstar_lt_10
SH605138,20260121,cap_lt_50yi/nonstar_lt_10
SH605138,20260122,cap_lt_50yi/nonstar_lt_10
SH605138,20260123,cap_lt_50yi/nonstar_lt_10
SH605138,20260126,cap_lt_50yi/nonstar_lt_10
SH605138,20260127,cap_lt_50yi/nonstar_lt_10
SH605138,20260128,cap_lt_50yi/nonstar_lt_10
SH605138,20260129,cap_lt_50yi/nonstar_lt_10
SH605138,20260130,cap_lt_50yi/nonstar_lt_10
SH688002,20260105,cap_50_500yi/star_ge_10
SH688002,20260106,cap_50_500yi/star_ge_10
SH688002,20260107,cap_50_500yi/star_ge_10
SH688002,20260108,cap_50_500yi/star_ge_10
SH688002,20260109,cap_50_500yi/star_ge_10
SH688002,20260112,cap_50_500yi/star_ge_10
SH688002,20260113,cap_ge_500yi/star_ge_10
SH688002,20260114,cap_50_500yi/star_ge_10
SH688002,20260115,cap_50_500yi/star_ge_10
SH688002,20260116,cap_50_500yi/star_ge_10
SH688002,20260119,cap_50_500yi/star_ge_10
SH688002,20260120,cap_50_500yi/star_ge_10
SH688002,20260121,cap_50_500yi/star_ge_10
SH688002,20260122,cap_50_500yi/star_ge_10
SH688002,20260123,cap_50_500yi/star_ge_10
SH688002,20260126,cap_ge_500yi/star_ge_10
SH688002,20260127,cap_ge_500yi/star_ge_10
SH688002,20260128,cap_ge_500yi/star_ge_10
SH688002,20260129,cap_ge_500yi/star_ge_10
SH688002,20260130,cap_ge_500yi/star_ge_10
SH688003,20260105,cap_50_500yi/star_ge_10
SH688003,20260106,cap_50_500yi/star_ge_10
SH688003,20260107,cap_50_500yi/star_ge_10
SH688003,20260108,cap_50_500yi/star_ge_10
SH688003,20260109,cap_50_500yi/star_ge_10
SH688003,20260112,cap_50_500yi/star_ge_10
SH688003,20260113,cap_50_500yi/star_ge_10
SH688003,20260114,cap_50_500yi/star_ge_10
SH688003,20260115,cap_50_500yi/star_ge_10
SH688003,20260116,cap_50_500yi/star_ge_10
SH688003,20260119,cap_50_500yi/star_ge_10
SH688003,20260120,cap_50_500yi/star_ge_10
SH688003,20260121,cap_50_500yi/star_ge_10
SH688003,20260122,cap_50_500yi/star_ge_10
SH688003,20260123,cap_50_500yi/star_ge_10
SH688003,20260126,cap_50_500yi/star_ge_10
SH688003,20260127,cap_50_500yi/star_ge_10
SH688003,20260128,cap_50_500yi/star_ge_10
SH688003,20260129,cap_50_500yi/star_ge_10
SH688003,20260130,cap_50_500yi/star_ge_10
SH688006,20260105,cap_50_500yi/star_ge_10
SH688006,20260106,cap_50_500yi/star_ge_10
SH688006,20260107,cap_50_500yi/star_ge_10
SH688006,20260108,cap_50_500yi/star_ge_10
SH688006,20260109,cap_50_500yi/star_ge_10
SH688006,20260112,cap_50_500yi/star_ge_10
SH688006,20260113,cap_50_500yi/star_ge_10
SH688006,20260114,cap_50_500yi/star_ge_10
SH688006,20260115,cap_50_500yi/star_ge_10
SH688006,20260116,cap_50_500yi/star_ge_10
SH688006,20260119,cap_50_500yi/star_ge_10
SH688006,20260120,cap_50_500yi/star_ge_10
SH688006,20260121,cap_50_500yi/star_ge_10
SH688006,20260122,cap_50_500yi/star_ge_10
SH688006,20260123,cap_50_500yi/star_ge_10
SH688006,20260126,cap_50_500yi/star_ge_10
SH688006,20260127,cap_50_500yi/star_ge_10
SH688006,20260128,cap_50_500yi/star_ge_10
SH688006,20260129,cap_50_500yi/star_ge_10
SH688006,20260130,cap_50_500yi/star_ge_10
SH688008,20260105,cap_ge_500yi/star_ge_10
SH688008,20260106,cap_ge_500yi/star_ge_10
SH688008,20260107,cap_ge_500yi/star_ge_10
SH688008,20260108,cap_ge_500yi/star_ge_10
SH688008,20260109,cap_ge_500yi/star_ge_10
SH688008,20260112,cap_ge_500yi/star_ge_10
SH688008,20260113,cap_ge_500yi/star_ge_10
SH688008,20260114,cap_ge_500yi/star_ge_10
SH688008,20260115,cap_ge_500yi/star_ge_10
SH688008,20260116,cap_ge_500yi/star_ge_10
SH688008,20260119,cap_ge_500yi/star_ge_10
SH688008,20260120,cap_ge_500yi/star_ge_10
SH688008,20260121,cap_ge_500yi/star_ge_10
SH688008,20260122,cap_ge_500yi/star_ge_10
SH688008,20260123,cap_ge_500yi/star_ge_10
SH688008,20260126,cap_ge_500yi/star_ge_10
SH688008,20260127,cap_ge_500yi/star_ge_10
SH688008,20260128,cap_ge_500yi/star_ge_10
SH688008,20260129,cap_ge_500yi/star_ge_10
SH688008,20260130,cap_ge_500yi/star_ge_10
SH688013,20260105,cap_lt_50yi/star_ge_10
SH688013,20260106,cap_lt_50yi/star_ge_10
SH688013,20260107,cap_lt_50yi/star_ge_10
SH688013,20260108,cap_lt_50yi/star_ge_10
SH688013,20260109,cap_lt_50yi/star_ge_10
SH688013,20260112,cap_lt_50yi/star_ge_10
SH688013,20260113,cap_lt_50yi/star_ge_10
SH688013,20260114,cap_lt_50yi/star_ge_10
SH688013,20260115,cap_lt_50yi/star_ge_10
SH688013,20260116,cap_lt_50yi/star_ge_10
SH688013,20260119,cap_lt_50yi/star_ge_10
SH688013,20260120,cap_lt_50yi/star_ge_10
SH688013,20260121,cap_lt_50yi/star_ge_10
SH688013,20260122,cap_lt_50yi/star_ge_10
SH688013,20260123,cap_lt_50yi/star_ge_10
SH688013,20260126,cap_lt_50yi/star_ge_10
SH688013,20260127,cap_lt_50yi/star_ge_10
SH688013,20260128,cap_lt_50yi/star_ge_10
SH688013,20260129,cap_lt_50yi/star_ge_10
SH688013,20260130,cap_lt_50yi/star_ge_10
SH688021,20260105,cap_lt_50yi/star_ge_10
SH688021,20260106,cap_lt_50yi/star_ge_10
SH688021,20260107,cap_lt_50yi/star_ge_10
SH688021,20260108,cap_lt_50yi/star_ge_10
SH688021,20260109,cap_lt_50yi/star_ge_10
SH688021,20260112,cap_lt_50yi/star_ge_10
SH688021,20260113,cap_lt_50yi/star_ge_10
SH688021,20260114,cap_lt_50yi/star_ge_10
SH688021,20260115,cap_lt_50yi/star_ge_10
SH688021,20260116,cap_lt_50yi/star_ge_10
SH688021,20260119,cap_lt_50yi/star_ge_10
SH688021,20260120,cap_lt_50yi/star_ge_10
SH688021,20260121,cap_lt_50yi/star_ge_10
SH688021,20260122,cap_lt_50yi/star_ge_10
SH688021,20260123,cap_lt_50yi/star_ge_10
SH688021,20260126,cap_lt_50yi/star_ge_10
SH688021,20260127,cap_lt_50yi/star_ge_10
SH688021,20260128,cap_lt_50yi/star_ge_10
SH688021,20260129,cap_lt_50yi/star_ge_10
SH688021,20260130,cap_lt_50yi/star_ge_10
SH688026,20260105,cap_lt_50yi/star_ge_10
SH688026,20260106,cap_lt_50yi/star_ge_10
SH688026,20260107,cap_lt_50yi/star_ge_10
SH688026,20260108,cap_lt_50yi/star_ge_10
SH688026,20260109,cap_lt_50yi/star_ge_10
SH688026,20260112,cap_lt_50yi/star_ge_10
SH688026,20260113,cap_lt_50yi/star_ge_10
SH688026,20260114,cap_lt_50yi/star_ge_10
SH688026,20260115,cap_lt_50yi/star_ge_10
SH688026,20260116,cap_lt_50yi/star_ge_10
SH688026,20260119,cap_lt_50yi/star_ge_10
SH688026,20260120,cap_lt_50yi/star_ge_10
SH688026,20260121,cap_lt_50yi/star_ge_10
SH688026,20260122,cap_lt_50yi/star_ge_10
SH688026,20260123,cap_lt_50yi/star_ge_10
SH688026,20260126,cap_lt_50yi/star_ge_10
SH688026,20260127,cap_lt_50yi/star_ge_10
SH688026,20260128,cap_lt_50yi/star_ge_10
SH688026,20260129,cap_lt_50yi/star_ge_10
SH688026,20260130,cap_lt_50yi/star_ge_10
SH688027,20260105,cap_ge_500yi/star_ge_10
SH688027,20260106,cap_ge_500yi/star_ge_10
SH688027,20260107,cap_ge_500yi/star_ge_10
SH688027,20260108,cap_ge_500yi/star_ge_10
SH688027,20260109,cap_ge_500yi/star_ge_10
SH688027,20260112,cap_ge_500yi/star_ge_10
SH688027,20260113,cap_ge_500yi/star_ge_10
SH688027,20260114,cap_ge_500yi/star_ge_10
SH688027,20260115,cap_ge_500yi/star_ge_10
SH688027,20260116,cap_ge_500yi/star_ge_10
SH688027,20260119,cap_ge_500yi/star_ge_10
SH688027,20260120,cap_ge_500yi/star_ge_10
SH688027,20260121,cap_ge_500yi/star_ge_10
SH688027,20260122,cap_ge_500yi/star_ge_10
SH688027,20260123,cap_ge_500yi/star_ge_10
SH688027,20260126,cap_ge_500yi/star_ge_10
SH688027,20260127,cap_ge_500yi/star_ge_10
SH688027,20260128,cap_ge_500yi/star_ge_10
SH688027,20260129,cap_ge_500yi/star_ge_10
SH688027,20260130,cap_ge_500yi/star_ge_10
SH688035,20260105,cap_50_500yi/star_ge_10
SH688035,20260106,cap_50_500yi/star_ge_10
SH688035,20260107,cap_50_500yi/star_ge_10
SH688035,20260108,cap_50_500yi/star_ge_10
SH688035,20260109,cap_50_500yi/star_ge_10
SH688035,20260112,cap_50_500yi/star_ge_10
SH688035,20260113,cap_50_500yi/star_ge_10
SH688035,20260114,cap_50_500yi/star_ge_10
SH688035,20260115,cap_50_500yi/star_ge_10
SH688035,20260116,cap_50_500yi/star_ge_10
SH688035,20260119,cap_50_500yi/star_ge_10
SH688035,20260120,cap_50_500yi/star_ge_10
SH688035,20260121,cap_50_500yi/star_ge_10
SH688035,20260122,cap_50_500yi/star_ge_10
SH688035,20260123,cap_50_500yi/star_ge_10
SH688035,20260126,cap_50_500yi/star_ge_10
SH688035,20260127,cap_50_500yi/star_ge_10
SH688035,20260128,cap_50_500yi/star_ge_10
SH688035,20260129,cap_50_500yi/star_ge_10
SH688035,20260130,cap_50_500yi/star_ge_10
SH688036,20260105,cap_ge_500yi/star_ge_10
SH688036,20260106,cap_ge_500yi/star_ge_10
SH688036,20260107,cap_ge_500yi/star_ge_10
SH688036,20260108,cap_ge_500yi/star_ge_10
SH688036,20260109,cap_ge_500yi/star_ge_10
SH688036,20260112,cap_ge_500yi/star_ge_10
SH688036,20260113,cap_ge_500yi/star_ge_10
SH688036,20260114,cap_ge_500yi/star_ge_10
SH688036,20260115,cap_ge_500yi/star_ge_10
SH688036,20260116,cap_ge_500yi/star_ge_10
SH688036,20260119,cap_ge_500yi/star_ge_10
SH688036,20260120,cap_ge_500yi/star_ge_10
SH688036,20260121,cap_ge_500yi/star_ge_10
SH688036,20260122,cap_ge_500yi/star_ge_10
SH688036,20260123,cap_ge_500yi/star_ge_10
SH688036,20260126,cap_ge_500yi/star_ge_10
SH688036,20260127,cap_ge_500yi/star_ge_10
SH688036,20260128,cap_ge_500yi/star_ge_10
SH688036,20260129,cap_ge_500yi/star_ge_10
SH688036,20260130,cap_ge_500yi/star_ge_10
SH688038,20260105,cap_lt_50yi/star_ge_10
SH688038,20260106,cap_lt_50yi/star_ge_10
SH688038,20260107,cap_lt_50yi/star_ge_10
SH688038,20260108,cap_lt_50yi/star_ge_10
SH688038,20260109,cap_lt_50yi/star_ge_10
SH688038,20260112,cap_lt_50yi/star_ge_10
SH688038,20260113,cap_lt_50yi/star_ge_10
SH688038,20260114,cap_lt_50yi/star_ge_10
SH688038,20260115,cap_lt_50yi/star_ge_10
SH688038,20260116,cap_lt_50yi/star_ge_10
SH688038,20260119,cap_lt_50yi/star_ge_10
SH688038,20260120,cap_lt_50yi/star_ge_10
SH688038,20260121,cap_lt_50yi/star_ge_10
SH688038,20260122,cap_lt_50yi/star_ge_10
SH688038,20260123,cap_lt_50yi/star_ge_10
SH688038,20260126,cap_lt_50yi/star_ge_10
SH688038,20260127,cap_lt_50yi/star_ge_10
SH688038,20260128,cap_lt_50yi/star_ge_10
SH688038,20260129,cap_lt_50yi/star_ge_10
SH688038,20260130,cap_lt_50yi/star_ge_10
SH688041,20260105,cap_ge_500yi/star_ge_10
SH688041,20260106,cap_ge_500yi/star_ge_10
SH688041,20260107,cap_ge_500yi/star_ge_10
SH688041,20260108,cap_ge_500yi/star_ge_10
SH688041,20260109,cap_ge_500yi/star_ge_10
SH688041,20260112,cap_ge_500yi/star_ge_10
SH688041,20260113,cap_ge_500yi/star_ge_10
SH688041,20260114,cap_ge_500yi/star_ge_10
SH688041,20260115,cap_ge_500yi/star_ge_10
SH688041,20260116,cap_ge_500yi/star_ge_10
SH688041,20260119,cap_ge_500yi/star_ge_10
SH688041,20260120,cap_ge_500yi/star_ge_10
SH688041,20260121,cap_ge_500yi/star_ge_10
SH688041,20260122,cap_ge_500yi/star_ge_10
SH688041,20260123,cap_ge_500yi/star_ge_10
SH688041,20260126,cap_ge_500yi/star_ge_10
SH688041,20260127,cap_ge_500yi/star_ge_10
SH688041,20260128,cap_ge_500yi/star_ge_10
SH688041,20260129,cap_ge_500yi/star_ge_10
SH688041,20260130,cap_ge_500yi/star_ge_10
SH688047,20260105,cap_ge_500yi/star_ge_10
SH688047,20260106,cap_ge_500yi/star_ge_10
SH688047,20260107,cap_ge_500yi/star_ge_10
SH688047,20260108,cap_ge_500yi/star_ge_10
SH688047,20260109,cap_ge_500yi/star_ge_10
SH688047,20260112,cap_ge_500yi/star_ge_10
SH688047,20260113,cap_ge_500yi/star_ge_10
SH688047,20260114,cap_ge_500yi/star_ge_10
SH688047,20260115,cap_ge_500yi/star_ge_10
SH688047,20260116,cap_ge_500yi/star_ge_10
SH688047,20260119,cap_ge_500yi/star_ge_10
SH688047,20260120,cap_ge_500yi/star_ge_10
SH688047,20260121,cap_ge_500yi/star_ge_10
SH688047,20260122,cap_ge_500yi/star_ge_10
SH688047,20260123,cap_ge_500yi/star_ge_10
SH688047,20260126,cap_ge_500yi/star_ge_10
SH688047,20260127,cap_ge_500yi/star_ge_10
SH688047,20260128,cap_ge_500yi/star_ge_10
SH688047,20260129,cap_ge_500yi/star_ge_10
SH688047,20260130,cap_ge_500yi/star_ge_10
SH688066,20260105,cap_50_500yi/star_ge_10
SH688066,20260106,cap_50_500yi/star_ge_10
SH688066,20260107,cap_50_500yi/star_ge_10
SH688066,20260108,cap_50_500yi/star_ge_10
SH688066,20260109,cap_50_500yi/star_ge_10
SH688066,20260112,cap_50_500yi/star_ge_10
SH688066,20260113,cap_50_500yi/star_ge_10
SH688066,20260114,cap_50_500yi/star_ge_10
SH688066,20260115,cap_50_500yi/star_ge_10
SH688066,20260116,cap_50_500yi/star_ge_10
SH688066,20260119,cap_50_500yi/star_ge_10
SH688066,20260120,cap_50_500yi/star_ge_10
SH688066,20260121,cap_50_500yi/star_ge_10
SH688066,20260122,cap_50_500yi/star_ge_10
SH688066,20260123,cap_50_500yi/star_ge_10
SH688066,20260126,cap_50_500yi/star_ge_10
SH688066,20260127,cap_50_500yi/star_ge_10
SH688066,20260128,cap_50_500yi/star_ge_10
SH688066,20260129,cap_50_500yi/star_ge_10
SH688066,20260130,cap_50_500yi/star_ge_10
SH688069,20260105,cap_lt_50yi/star_ge_10
SH688069,20260106,cap_lt_50yi/star_ge_10
SH688069,20260107,cap_lt_50yi/star_ge_10
SH688069,20260108,cap_lt_50yi/star_ge_10
SH688069,20260109,cap_lt_50yi/star_ge_10
SH688069,20260112,cap_lt_50yi/star_ge_10
SH688069,20260113,cap_lt_50yi/star_ge_10
SH688069,20260114,cap_lt_50yi/star_ge_10
SH688069,20260115,cap_lt_50yi/star_ge_10
SH688069,20260116,cap_lt_50yi/star_ge_10
SH688069,20260119,cap_lt_50yi/star_ge_10
SH688069,20260120,cap_lt_50yi/star_ge_10
SH688069,20260121,cap_lt_50yi/star_ge_10
SH688069,20260122,cap_lt_50yi/star_ge_10
SH688069,20260123,cap_lt_50yi/star_ge_10
SH688069,20260126,cap_lt_50yi/star_ge_10
SH688069,20260127,cap_lt_50yi/star_ge_10
SH688069,20260128,cap_lt_50yi/star_ge_10
SH688069,20260129,cap_lt_50yi/star_ge_10
SH688069,20260130,cap_lt_50yi/star_ge_10
SH688071,20260105,cap_lt_50yi/star_ge_10
SH688071,20260106,cap_lt_50yi/star_ge_10
SH688071,20260107,cap_lt_50yi/star_ge_10
SH688071,20260108,cap_lt_50yi/star_ge_10
SH688071,20260109,cap_lt_50yi/star_ge_10
SH688071,20260112,cap_lt_50yi/star_ge_10
SH688071,20260113,cap_lt_50yi/star_ge_10
SH688071,20260114,cap_lt_50yi/star_ge_10
SH688071,20260115,cap_lt_50yi/star_ge_10
SH688071,20260116,cap_lt_50yi/star_ge_10
SH688071,20260119,cap_lt_50yi/star_ge_10
SH688071,20260120,cap_lt_50yi/star_ge_10
SH688071,20260121,cap_lt_50yi/star_ge_10
SH688071,20260122,cap_lt_50yi/star_ge_10
SH688071,20260123,cap_lt_50yi/star_ge_10
SH688071,20260126,cap_lt_50yi/star_ge_10
SH688071,20260127,cap_lt_50yi/star_ge_10
SH688071,20260128,cap_lt_50yi/star_ge_10
SH688071,20260129,cap_lt_50yi/star_ge_10
SH688071,20260130,cap_lt_50yi/star_ge_10
SH688072,20260105,cap_ge_500yi/star_ge_10
SH688072,20260106,cap_ge_500yi/star_ge_10
SH688072,20260107,cap_ge_500yi/star_ge_10
SH688072,20260108,cap_ge_500yi/star_ge_10
SH688072,20260109,cap_ge_500yi/star_ge_10
SH688072,20260112,cap_ge_500yi/star_ge_10
SH688072,20260113,cap_ge_500yi/star_ge_10
SH688072,20260114,cap_ge_500yi/star_ge_10
SH688072,20260115,cap_ge_500yi/star_ge_10
SH688072,20260116,cap_ge_500yi/star_ge_10
SH688072,20260119,cap_ge_500yi/star_ge_10
SH688072,20260120,cap_ge_500yi/star_ge_10
SH688072,20260121,cap_ge_500yi/star_ge_10
SH688072,20260122,cap_ge_500yi/star_ge_10
SH688072,20260123,cap_ge_500yi/star_ge_10
SH688072,20260126,cap_ge_500yi/star_ge_10
SH688072,20260127,cap_ge_500yi/star_ge_10
SH688072,20260128,cap_ge_500yi/star_ge_10
SH688072,20260129,cap_ge_500yi/star_ge_10
SH688072,20260130,cap_ge_500yi/star_ge_10
SH688073,20260105,cap_50_500yi/star_ge_10
SH688073,20260106,cap_50_500yi/star_ge_10
SH688073,20260107,cap_50_500yi/star_ge_10
SH688073,20260108,cap_50_500yi/star_ge_10
SH688073,20260109,cap_50_500yi/star_ge_10
SH688073,20260112,cap_50_500yi/star_ge_10
SH688073,20260113,cap_50_500yi/star_ge_10
SH688073,20260114,cap_50_500yi/star_ge_10
SH688073,20260115,cap_50_500yi/star_ge_10
SH688073,20260116,cap_50_500yi/star_ge_10
SH688073,20260119,cap_50_500yi/star_ge_10
SH688073,20260120,cap_50_500yi/star_ge_10
SH688073,20260121,cap_50_500yi/star_ge_10
SH688073,20260122,cap_50_500yi/star_ge_10
SH688073,20260123,cap_50_500yi/star_ge_10
SH688073,20260126,cap_50_500yi/star_ge_10
SH688073,20260127,cap_50_500yi/star_ge_10
SH688073,20260128,cap_50_500yi/star_ge_10
SH688073,20260129,cap_50_500yi/star_ge_10
SH688073,20260130,cap_50_500yi/star_ge_10
SH688076,20260105,cap_50_500yi/star_ge_10
SH688076,20260106,cap_50_500yi/star_ge_10
SH688076,20260107,cap_50_500yi/star_ge_10
SH688076,20260108,cap_50_500yi/star_ge_10
SH688076,20260109,cap_50_500yi/star_ge_10
SH688076,20260112,cap_50_500yi/star_ge_10
SH688076,20260113,cap_50_500yi/star_ge_10
SH688076,20260114,cap_50_500yi/star_ge_10
SH688076,20260115,cap_50_500yi/star_ge_10
SH688076,20260116,cap_50_500yi/star_ge_10
SH688076,20260119,cap_50_500yi/star_ge_10
SH688076,20260120,cap_50_500yi/star_ge_10
SH688076,20260121,cap_50_500yi/star_ge_10
SH688076,20260122,cap_50_500yi/star_ge_10
SH688076,20260123,cap_50_500yi/star_ge_10
SH688076,20260126,cap_50_500yi/star_ge_10
SH688076,20260127,cap_50_500yi/star_ge_10
SH688076,20260128,cap_50_500yi/star_ge_10
SH688076,20260129,cap_50_500yi/star_ge_10
SH688076,20260130,cap_50_500yi/star_ge_10
SH688081,20260105,cap_lt_50yi/star_ge_10
SH688081,20260106,cap_lt_50yi/star_ge_10
SH688081,20260107,cap_lt_50yi/star_ge_10
SH688081,20260108,cap_lt_50yi/star_ge_10
SH688081,20260109,cap_lt_50yi/star_ge_10
SH688081,20260112,cap_lt_50yi/star_ge_10
SH688081,20260113,cap_lt_50yi/star_ge_10
SH688081,20260114,cap_lt_50yi/star_ge_10
SH688081,20260115,cap_lt_50yi/star_ge_10
SH688081,20260116,cap_lt_50yi/star_ge_10
SH688081,20260119,cap_lt_50yi/star_ge_10
SH688081,20260120,cap_lt_50yi/star_ge_10
SH688081,20260121,cap_lt_50yi/star_ge_10
SH688081,20260122,cap_lt_50yi/star_ge_10
SH688081,20260123,cap_lt_50yi/star_ge_10
SH688081,20260126,cap_lt_50yi/star_ge_10
SH688081,20260127,cap_lt_50yi/star_ge_10
SH688081,20260128,cap_lt_50yi/star_ge_10
SH688081,20260129,cap_lt_50yi/star_ge_10
SH688081,20260130,cap_lt_50yi/star_ge_10
SH688082,20260105,cap_ge_500yi/star_ge_10
SH688082,20260106,cap_ge_500yi/star_ge_10
SH688082,20260107,cap_ge_500yi/star_ge_10
SH688082,20260108,cap_ge_500yi/star_ge_10
SH688082,20260109,cap_ge_500yi/star_ge_10
SH688082,20260112,cap_ge_500yi/star_ge_10
SH688082,20260113,cap_ge_500yi/star_ge_10
SH688082,20260114,cap_ge_500yi/star_ge_10
SH688082,20260115,cap_ge_500yi/star_ge_10
SH688082,20260116,cap_ge_500yi/star_ge_10
SH688082,20260119,cap_ge_500yi/star_ge_10
SH688082,20260120,cap_ge_500yi/star_ge_10
SH688082,20260121,cap_ge_500yi/star_ge_10
SH688082,20260122,cap_ge_500yi/star_ge_10
SH688082,20260123,cap_ge_500yi/star_ge_10
SH688082,20260126,cap_ge_500yi/star_ge_10
SH688082,20260127,cap_ge_500yi/star_ge_10
SH688082,20260128,cap_ge_500yi/star_ge_10
SH688082,20260129,cap_ge_500yi/star_ge_10
SH688082,20260130,cap_ge_500yi/star_ge_10
SH688093,20260105,cap_50_500yi/star_ge_10
SH688093,20260106,cap_50_500yi/star_ge_10
SH688093,20260107,cap_50_500yi/star_ge_10
SH688093,20260108,cap_50_500yi/star_ge_10
SH688093,20260109,cap_50_500yi/star_ge_10
SH688093,20260112,cap_50_500yi/star_ge_10
SH688093,20260113,cap_50_500yi/star_ge_10
SH688093,20260114,cap_50_500yi/star_ge_10
SH688093,20260115,cap_50_500yi/star_ge_10
SH688093,20260116,cap_50_500yi/star_ge_10
SH688093,20260119,cap_50_500yi/star_ge_10
SH688093,20260120,cap_50_500yi/star_ge_10
SH688093,20260121,cap_50_500yi/star_ge_10
SH688093,20260122,cap_50_500yi/star_ge_10
SH688093,20260123,cap_50_500yi/star_ge_10
SH688093,20260126,cap_50_500yi/star_ge_10
SH688093,20260127,cap_50_500yi/star_ge_10
SH688093,20260128,cap_50_500yi/star_ge_10
SH688093,20260129,cap_50_500yi/star_ge_10
SH688093,20260130,cap_50_500yi/star_ge_10
SH688110,20260105,cap_ge_500yi/star_ge_10
SH688110,20260106,cap_ge_500yi/star_ge_10
SH688110,20260107,cap_ge_500yi/star_ge_10
SH688110,20260108,cap_ge_500yi/star_ge_10
SH688110,20260109,cap_ge_500yi/star_ge_10
SH688110,20260112,cap_ge_500yi/star_ge_10
SH688110,20260113,cap_ge_500yi/star_ge_10
SH688110,20260114,cap_ge_500yi/star_ge_10
SH688110,20260115,cap_ge_500yi/star_ge_10
SH688110,20260116,cap_ge_500yi/star_ge_10
SH688110,20260119,cap_ge_500yi/star_ge_10
SH688110,20260120,cap_ge_500yi/star_ge_10
SH688110,20260121,cap_ge_500yi/star_ge_10
SH688110,20260122,cap_ge_500yi/star_ge_10
SH688110,20260123,cap_ge_500yi/star_ge_10
SH688110,20260126,cap_ge_500yi/star_ge_10
SH688110,20260127,cap_ge_500yi/star_ge_10
SH688110,20260128,cap_ge_500yi/star_ge_10
SH688110,20260129,cap_ge_500yi/star_ge_10
SH688110,20260130,cap_ge_500yi/star_ge_10
SH688111,20260105,cap_ge_500yi/star_ge_10
SH688111,20260106,cap_ge_500yi/star_ge_10
SH688111,20260107,cap_ge_500yi/star_ge_10
SH688111,20260108,cap_ge_500yi/star_ge_10
SH688111,20260109,cap_ge_500yi/star_ge_10
SH688111,20260112,cap_ge_500yi/star_ge_10
SH688111,20260113,cap_ge_500yi/star_ge_10
SH688111,20260114,cap_ge_500yi/star_ge_10
SH688111,20260115,cap_ge_500yi/star_ge_10
SH688111,20260116,cap_ge_500yi/star_ge_10
SH688111,20260119,cap_ge_500yi/star_ge_10
SH688111,20260120,cap_ge_500yi/star_ge_10
SH688111,20260121,cap_ge_500yi/star_ge_10
SH688111,20260122,cap_ge_500yi/star_ge_10
SH688111,20260123,cap_ge_500yi/star_ge_10
SH688111,20260126,cap_ge_500yi/star_ge_10
SH688111,20260127,cap_ge_500yi/star_ge_10
SH688111,20260128,cap_ge_500yi/star_ge_10
SH688111,20260129,cap_ge_500yi/star_ge_10
SH688111,20260130,cap_ge_500yi/star_ge_10
SH688120,20260105,cap_ge_500yi/star_ge_10
SH688120,20260106,cap_ge_500yi/star_ge_10
SH688120,20260107,cap_ge_500yi/star_ge_10
SH688120,20260108,cap_ge_500yi/star_ge_10
SH688120,20260109,cap_ge_500yi/star_ge_10
SH688120,20260112,cap_ge_500yi/star_ge_10
SH688120,20260113,cap_ge_500yi/star_ge_10
SH688120,20260114,cap_ge_500yi/star_ge_10
SH688120,20260115,cap_ge_500yi/star_ge_10
SH688120,20260116,cap_ge_500yi/star_ge_10
SH688120,20260119,cap_ge_500yi/star_ge_10
SH688120,20260120,cap_ge_500yi/star_ge_10
SH688120,20260121,cap_ge_500yi/star_ge_10
SH688120,20260122,cap_ge_500yi/star_ge_10
SH688120,20260123,cap_ge_500yi/star_ge_10
SH688120,20260126,cap_ge_500yi/star_ge_10
SH688120,20260127,cap_ge_500yi/star_ge_10
SH688120,20260128,cap_ge_500yi/star_ge_10
SH688120,20260129,cap_ge_500yi/star_ge_10
SH688120,20260130,cap_ge_500yi/star_ge_10
SH688129,20260105,cap_lt_50yi/star_ge_10
SH688129,20260106,cap_lt_50yi/star_ge_10
SH688129,20260107,cap_lt_50yi/star_ge_10
SH688129,20260108,cap_lt_50yi/star_ge_10
SH688129,20260109,cap_lt_50yi/star_ge_10
SH688129,20260112,cap_lt_50yi/star_ge_10
SH688129,20260113,cap_lt_50yi/star_ge_10
SH688129,20260114,cap_lt_50yi/star_ge_10
SH688129,20260115,cap_lt_50yi/star_ge_10
SH688129,20260116,cap_lt_50yi/star_ge_10
SH688129,20260119,cap_lt_50yi/star_ge_10
SH688129,20260120,cap_lt_50yi/star_ge_10
SH688129,20260121,cap_lt_50yi/star_ge_10
SH688129,20260122,cap_lt_50yi/star_ge_10
SH688129,20260123,cap_lt_50yi/star_ge_10
SH688129,20260126,cap_lt_50yi/star_ge_10
SH688129,20260127,cap_lt_50yi/star_ge_10
SH688129,20260128,cap_lt_50yi/star_ge_10
SH688129,20260129,cap_lt_50yi/star_ge_10
SH688129,20260130,cap_lt_50yi/star_ge_10
SH688139,20260105,cap_50_500yi/star_ge_10
SH688139,20260106,cap_50_500yi/star_ge_10
SH688139,20260107,cap_50_500yi/star_ge_10
SH688139,20260108,cap_50_500yi/star_ge_10
SH688139,20260109,cap_50_500yi/star_ge_10
SH688139,20260112,cap_50_500yi/star_ge_10
SH688139,20260113,cap_50_500yi/star_ge_10
SH688139,20260114,cap_50_500yi/star_ge_10
SH688139,20260115,cap_50_500yi/star_ge_10
SH688139,20260116,cap_50_500yi/star_ge_10
SH688139,20260119,cap_50_500yi/star_ge_10
SH688139,20260120,cap_50_500yi/star_ge_10
SH688139,20260121,cap_50_500yi/star_ge_10
SH688139,20260122,cap_50_500yi/star_ge_10
SH688139,20260123,cap_50_500yi/star_ge_10
SH688139,20260126,cap_50_500yi/star_ge_10
SH688139,20260127,cap_50_500yi/star_ge_10
SH688139,20260128,cap_50_500yi/star_ge_10
SH688139,20260129,cap_50_500yi/star_ge_10
SH688139,20260130,cap_50_500yi/star_ge_10
SH688153,20260105,cap_50_500yi/star_ge_10
SH688153,20260106,cap_50_500yi/star_ge_10
SH688153,20260107,cap_50_500yi/star_ge_10
SH688153,20260108,cap_50_500yi/star_ge_10
SH688153,20260109,cap_50_500yi/star_ge_10
SH688153,20260112,cap_50_500yi/star_ge_10
SH688153,20260113,cap_50_500yi/star_ge_10
SH688153,20260114,cap_50_500yi/star_ge_10
SH688153,20260115,cap_50_500yi/star_ge_10
SH688153,20260116,cap_50_500yi/star_ge_10
SH688153,20260119,cap_50_500yi/star_ge_10
SH688153,20260120,cap_50_500yi/star_ge_10
SH688153,20260121,cap_50_500yi/star_ge_10
SH688153,20260122,cap_50_500yi/star_ge_10
SH688153,20260123,cap_50_500yi/star_ge_10
SH688153,20260126,cap_50_500yi/star_ge_10
SH688153,20260127,cap_50_500yi/star_ge_10
SH688153,20260128,cap_50_500yi/star_ge_10
SH688153,20260129,cap_50_500yi/star_ge_10
SH688153,20260130,cap_50_500yi/star_ge_10
SH688175,20260105,cap_lt_50yi/star_ge_10
SH688175,20260106,cap_lt_50yi/star_ge_10
SH688175,20260107,cap_lt_50yi/star_ge_10
SH688175,20260108,cap_lt_50yi/star_ge_10
SH688175,20260109,cap_lt_50yi/star_ge_10
SH688175,20260112,cap_lt_50yi/star_ge_10
SH688175,20260113,cap_lt_50yi/star_ge_10
SH688175,20260114,cap_lt_50yi/star_ge_10
SH688175,20260115,cap_lt_50yi/star_ge_10
SH688175,20260116,cap_lt_50yi/star_ge_10
SH688175,20260119,cap_lt_50yi/star_ge_10
SH688175,20260120,cap_lt_50yi/star_ge_10
SH688175,20260121,cap_lt_50yi/star_ge_10
SH688175,20260122,cap_lt_50yi/star_ge_10
SH688175,20260123,cap_lt_50yi/star_ge_10
SH688175,20260126,cap_lt_50yi/star_ge_10
SH688175,20260127,cap_lt_50yi/star_ge_10
SH688175,20260128,cap_lt_50yi/star_ge_10
SH688175,20260129,cap_lt_50yi/star_ge_10
SH688175,20260130,cap_lt_50yi/star_ge_10
SH688179,20260105,cap_lt_50yi/star_ge_10
SH688179,20260106,cap_lt_50yi/star_ge_10
SH688179,20260107,cap_lt_50yi/star_ge_10
SH688179,20260108,cap_lt_50yi/star_ge_10
SH688179,20260109,cap_lt_50yi/star_ge_10
SH688179,20260112,cap_lt_50yi/star_ge_10
SH688179,20260113,cap_lt_50yi/star_ge_10
SH688179,20260114,cap_lt_50yi/star_ge_10
SH688179,20260115,cap_lt_50yi/star_ge_10
SH688179,20260116,cap_lt_50yi/star_ge_10
SH688179,20260119,cap_50_500yi/star_ge_10
SH688179,20260120,cap_50_500yi/star_ge_10
SH688179,20260121,cap_50_500yi/star_ge_10
SH688179,20260122,cap_50_500yi/star_ge_10
SH688179,20260123,cap_50_500yi/star_ge_10
SH688179,20260126,cap_50_500yi/star_ge_10
SH688179,20260127,cap_50_500yi/star_ge_10
SH688179,20260128,cap_50_500yi/star_ge_10
SH688179,20260129,cap_50_500yi/star_ge_10
SH688179,20260130,cap_50_500yi/star_ge_10
SH688183,20260105,cap_ge_500yi/star_ge_10
SH688183,20260106,cap_ge_500yi/star_ge_10
SH688183,20260107,cap_ge_500yi/star_ge_10
SH688183,20260108,cap_ge_500yi/star_ge_10
SH688183,20260109,cap_ge_500yi/star_ge_10
SH688183,20260112,cap_ge_500yi/star_ge_10
SH688183,20260113,cap_ge_500yi/star_ge_10
SH688183,20260114,cap_ge_500yi/star_ge_10
SH688183,20260115,cap_ge_500yi/star_ge_10
SH688183,20260116,cap_ge_500yi/star_ge_10
SH688183,20260119,cap_ge_500yi/star_ge_10
SH688183,20260120,cap_ge_500yi/star_ge_10
SH688183,20260121,cap_ge_500yi/star_ge_10
SH688183,20260122,cap_ge_500yi/star_ge_10
SH688183,20260123,cap_ge_500yi/star_ge_10
SH688183,20260126,cap_ge_500yi/star_ge_10
SH688183,20260127,cap_ge_500yi/star_ge_10
SH688183,20260128,cap_ge_500yi/star_ge_10
SH688183,20260129,cap_ge_500yi/star_ge_10
SH688183,20260130,cap_ge_500yi/star_ge_10
SH688187,20260105,cap_ge_500yi/star_ge_10
SH688187,20260106,cap_ge_500yi/star_ge_10
SH688187,20260107,cap_ge_500yi/star_ge_10
SH688187,20260108,cap_ge_500yi/star_ge_10
SH688187,20260109,cap_ge_500yi/star_ge_10
SH688187,20260112,cap_ge_500yi/star_ge_10
SH688187,20260113,cap_ge_500yi/star_ge_10
SH688187,20260114,cap_ge_500yi/star_ge_10
SH688187,20260115,cap_ge_500yi/star_ge_10
SH688187,20260116,cap_ge_500yi/star_ge_10
SH688187,20260119,cap_ge_500yi/star_ge_10
SH688187,20260120,cap_ge_500yi/star_ge_10
SH688187,20260121,cap_ge_500yi/star_ge_10
SH688187,20260122,cap_ge_500yi/star_ge_10
SH688187,20260123,cap_ge_500yi/star_ge_10
SH688187,20260126,cap_ge_500yi/star_ge_10
SH688187,20260127,cap_ge_500yi/star_ge_10
SH688187,20260128,cap_ge_500yi/star_ge_10
SH688187,20260129,cap_ge_500yi/star_ge_10
SH688187,20260130,cap_ge_500yi/star_ge_10
SH688201,20260105,cap_lt_50yi/star_ge_10
SH688201,20260106,cap_lt_50yi/star_ge_10
SH688201,20260107,cap_lt_50yi/star_ge_10
SH688201,20260108,cap_lt_50yi/star_ge_10
SH688201,20260109,cap_lt_50yi/star_ge_10
SH688201,20260112,cap_lt_50yi/star_ge_10
SH688201,20260113,cap_50_500yi/star_ge_10
SH688201,20260114,cap_lt_50yi/star_ge_10
SH688201,20260115,cap_lt_50yi/star_ge_10
SH688201,20260116,cap_lt_50yi/star_ge_10
SH688201,20260119,cap_lt_50yi/star_ge_10
SH688201,20260120,cap_lt_50yi/star_ge_10
SH688201,20260121,cap_lt_50yi/star_ge_10
SH688201,20260122,cap_lt_50yi/star_ge_10
SH688201,20260123,cap_lt_50yi/star_ge_10
SH688201,20260126,cap_50_500yi/star_ge_10
SH688201,20260127,cap_lt_50yi/star_ge_10
SH688201,20260128,cap_lt_50yi/star_ge_10
SH688201,20260129,cap_50_500yi/star_ge_10
SH688201,20260130,cap_50_500yi/star_ge_10
SH688206,20260105,cap_50_500yi/star_ge_10
SH688206,20260106,cap_50_500yi/star_ge_10
SH688206,20260107,cap_50_500yi/star_ge_10
SH688206,20260108,cap_50_500yi/star_ge_10
SH688206,20260109,cap_50_500yi/star_ge_10
SH688206,20260112,cap_50_500yi/star_ge_10
SH688206,20260113,cap_50_500yi/star_ge_10
SH688206,20260114,cap_50_500yi/star_ge_10
SH688206,20260115,cap_50_500yi/star_ge_10
SH688206,20260116,cap_50_500yi/star_ge_10
SH688206,20260119,cap_50_500yi/star_ge_10
SH688206,20260120,cap_50_500yi/star_ge_10
SH688206,20260121,cap_50_500yi/star_ge_10
SH688206,20260122,cap_50_500yi/star_ge_10
SH688206,20260123,cap_50_500yi/star_ge_10
SH688206,20260126,cap_50_500yi/star_ge_10
SH688206,20260127,cap_50_500yi/star_ge_10
SH688206,20260128,cap_50_500yi/star_ge_10
SH688206,20260129,cap_50_500yi/star_ge_10
SH688206,20260130,cap_50_500yi/star_ge_10
SH688215,20260105,cap_lt_50yi/star_ge_10
SH688215,20260106,cap_lt_50yi/star_ge_10
SH688215,20260107,cap_lt_50yi/star_ge_10
SH688215,20260108,cap_lt_50yi/star_ge_10
SH688215,20260109,cap_lt_50yi/star_ge_10
SH688215,20260112,cap_lt_50yi/star_ge_10
SH688215,20260113,cap_lt_50yi/star_ge_10
SH688215,20260114,cap_lt_50yi/star_ge_10
SH688215,20260115,cap_lt_50yi/star_ge_10
SH688215,20260116,cap_lt_50yi/star_ge_10
SH688215,20260119,cap_lt_50yi/star_ge_10
SH688215,20260120,cap_lt_50yi/star_ge_10
SH688215,20260121,cap_lt_50yi/star_ge_10
SH688215,20260122,cap_lt_50yi/star_ge_10
SH688215,20260123,cap_lt_50yi/star_ge_10
SH688215,20260126,cap_lt_50yi/star_ge_10
SH688215,20260127,cap_lt_50yi/star_ge_10
SH688215,20260128,cap_lt_50yi/star_ge_10
SH688215,20260129,cap_lt_50yi/star_ge_10
SH688215,20260130,cap_lt_50yi/star_ge_10
SH688230,20260105,cap_50_500yi/star_ge_10
SH688230,20260106,cap_50_500yi/star_ge_10
SH688230,20260107,cap_50_500yi/star_ge_10
SH688230,20260108,cap_50_500yi/star_ge_10
SH688230,20260109,cap_50_500yi/star_ge_10
SH688230,20260112,cap_50_500yi/star_ge_10
SH688230,20260113,cap_50_500yi/star_ge_10
SH688230,20260114,cap_50_500yi/star_ge_10
SH688230,20260115,cap_50_500yi/star_ge_10
SH688230,20260116,cap_50_500yi/star_ge_10
SH688230,20260119,cap_50_500yi/star_ge_10
SH688230,20260120,cap_50_500yi/star_ge_10
SH688230,20260121,cap_50_500yi/star_ge_10
SH688230,20260122,cap_50_500yi/star_ge_10
SH688230,20260123,cap_50_500yi/star_ge_10
SH688230,20260126,cap_50_500yi/star_ge_10
SH688230,20260127,cap_50_500yi/star_ge_10
SH688230,20260128,cap_50_500yi/star_ge_10
SH688230,20260129,cap_50_500yi/star_ge_10
SH688230,20260130,cap_50_500yi/star_ge_10
SH688234,20260105,cap_50_500yi/star_ge_10
SH688234,20260106,cap_50_500yi/star_ge_10
SH688234,20260107,cap_50_500yi/star_ge_10
SH688234,20260108,cap_50_500yi/star_ge_10
SH688234,20260109,cap_50_500yi/star_ge_10
SH688234,20260112,cap_50_500yi/star_ge_10
SH688234,20260113,cap_50_500yi/star_ge_10
SH688234,20260114,cap_50_500yi/star_ge_10
SH688234,20260115,cap_50_500yi/star_ge_10
SH688234,20260116,cap_50_500yi/star_ge_10
SH688234,20260119,cap_ge_500yi/star_ge_10
SH688234,20260120,cap_ge_500yi/star_ge_10
SH688234,20260121,cap_ge_500yi/star_ge_10
SH688234,20260122,cap_ge_500yi/star_ge_10
SH688234,20260123,cap_ge_500yi/star_ge_10
SH688234,20260126,cap_ge_500yi/star_ge_10
SH688234,20260127,cap_50_500yi/star_ge_10
SH688234,20260128,cap_50_500yi/star_ge_10
SH688234,20260129,cap_50_500yi/star_ge_10
SH688234,20260130,cap_50_500yi/star_ge_10
SH688235,20260105,cap_ge_500yi/star_ge_10
SH688235,20260106,cap_ge_500yi/star_ge_10
SH688235,20260107,cap_ge_500yi/star_ge_10
SH688235,20260108,cap_ge_500yi/star_ge_10
SH688235,20260109,cap_ge_500yi/star_ge_10
SH688235,20260112,cap_ge_500yi/star_ge_10
SH688235,20260113,cap_ge_500yi/star_ge_10
SH688235,20260114,cap_ge_500yi/star_ge_10
SH688235,20260115,cap_ge_500yi/star_ge_10
SH688235,20260116,cap_ge_500yi/star_ge_10
SH688235,20260119,cap_ge_500yi/star_ge_10
SH688235,20260120,cap_ge_500yi/star_ge_10
SH688235,20260121,cap_ge_500yi/star_ge_10
SH688235,20260122,cap_ge_500yi/star_ge_10
SH688235,20260123,cap_ge_500yi/star_ge_10
SH688235,20260126,cap_ge_500yi/star_ge_10
SH688235,20260127,cap_ge_500yi/star_ge_10
SH688235,20260128,cap_ge_500yi/star_ge_10
SH688235,20260129,cap_ge_500yi/star_ge_10
SH688235,20260130,cap_ge_500yi/star_ge_10
SH688237,20260105,cap_lt_50yi/star_ge_10
SH688237,20260106,cap_lt_50yi/star_ge_10
SH688237,20260107,cap_lt_50yi/star_ge_10
SH688237,20260108,cap_lt_50yi/star_ge_10
SH688237,20260109,cap_lt_50yi/star_ge_10
SH688237,20260112,cap_lt_50yi/star_ge_10
SH688237,20260113,cap_lt_50yi/star_ge_10
SH688237,20260114,cap_lt_50yi/star_ge_10
SH688237,20260115,cap_lt_50yi/star_ge_10
SH688237,20260116,cap_lt_50yi/star_ge_10
SH688237,20260119,cap_lt_50yi/star_ge_10
SH688237,20260120,cap_lt_50yi/star_ge_10
SH688237,20260121,cap_lt_50yi/star_ge_10
SH688237,20260122,cap_lt_50yi/star_ge_10
SH688237,20260123,cap_lt_50yi/star_ge_10
SH688237,20260126,cap_lt_50yi/star_ge_10
SH688237,20260127,cap_lt_50yi/star_ge_10
SH688237,20260128,cap_lt_50yi/star_ge_10
SH688237,20260129,cap_lt_50yi/star_ge_10
SH688237,20260130,cap_lt_50yi/star_ge_10
SH688246,20260105,cap_lt_50yi/star_ge_10
SH688246,20260106,cap_lt_50yi/star_ge_10
SH688246,20260107,cap_lt_50yi/star_ge_10
SH688246,20260108,cap_lt_50yi/star_ge_10
SH688246,20260109,cap_lt_50yi/star_ge_10
SH688246,20260112,cap_lt_50yi/star_ge_10
SH688246,20260113,cap_lt_50yi/star_ge_10
SH688246,20260114,cap_lt_50yi/star_ge_10
SH688246,20260115,cap_lt_50yi/star_ge_10
SH688246,20260116,cap_lt_50yi/star_ge_10
SH688246,20260119,cap_lt_50yi/star_ge_10
SH688246,20260120,cap_lt_50yi/star_ge_10
SH688246,20260121,cap_lt_50yi/star_ge_10
SH688246,20260122,cap_lt_50yi/star_ge_10
SH688246,20260123,cap_lt_50yi/star_ge_10
SH688246,20260126,cap_lt_50yi/star_ge_10
SH688246,20260127,cap_lt_50yi/star_ge_10
SH688246,20260128,cap_lt_50yi/star_ge_10
SH688246,20260129,cap_lt_50yi/star_ge_10
SH688246,20260130,cap_lt_50yi/star_ge_10
SH688249,20260105,cap_ge_500yi/star_ge_10
SH688249,20260106,cap_ge_500yi/star_ge_10
SH688249,20260107,cap_ge_500yi/star_ge_10
SH688249,20260108,cap_ge_500yi/star_ge_10
SH688249,20260109,cap_ge_500yi/star_ge_10
SH688249,20260112,cap_ge_500yi/star_ge_10
SH688249,20260113,cap_ge_500yi/star_ge_10
SH688249,20260114,cap_ge_500yi/star_ge_10
SH688249,20260115,cap_ge_500yi/star_ge_10
SH688249,20260116,cap_ge_500yi/star_ge_10
SH688249,20260119,cap_ge_500yi/star_ge_10
SH688249,20260120,cap_ge_500yi/star_ge_10
SH688249,20260121,cap_ge_500yi/star_ge_10
SH688249,20260122,cap_ge_500yi/star_ge_10
SH688249,20260123,cap_ge_500yi/star_ge_10
SH688249,20260126,cap_ge_500yi/star_ge_10
SH688249,20260127,cap_ge_500yi/star_ge_10
SH688249,20260128,cap_ge_500yi/star_ge_10
SH688249,20260129,cap_ge_500yi/star_ge_10
SH688249,20260130,cap_ge_500yi/star_ge_10
SH688256,20260105,cap_ge_500yi/star_ge_10
SH688256,20260106,cap_ge_500yi/star_ge_10
SH688256,20260107,cap_ge_500yi/star_ge_10
SH688256,20260108,cap_ge_500yi/star_ge_10
SH688256,20260109,cap_ge_500yi/star_ge_10
SH688256,20260112,cap_ge_500yi/star_ge_10
SH688256,20260113,cap_ge_500yi/star_ge_10
SH688256,20260114,cap_ge_500yi/star_ge_10
SH688256,20260115,cap_ge_500yi/star_ge_10
SH688256,20260116,cap_ge_500yi/star_ge_10
SH688256,20260119,cap_ge_500yi/star_ge_10
SH688256,20260120,cap_ge_500yi/star_ge_10
SH688256,20260121,cap_ge_500yi/star_ge_10
SH688256,20260122,cap_ge_500yi/star_ge_10
SH688256,20260123,cap_ge_500yi/star_ge_10
SH688256,20260126,cap_ge_500yi/star_ge_10
SH688256,20260127,cap_ge_500yi/star_ge_10
SH688256,20260128,cap_ge_500yi/star_ge_10
SH688256,20260129,cap_ge_500yi/star_ge_10
SH688256,20260130,cap_ge_500yi/star_ge_10
SH688271,20260105,cap_ge_500yi/star_ge_10
SH688271,20260106,cap_ge_500yi/star_ge_10
SH688271,20260107,cap_ge_500yi/star_ge_10
SH688271,20260108,cap_ge_500yi/star_ge_10
SH688271,20260109,cap_ge_500yi/star_ge_10
SH688271,20260112,cap_ge_500yi/star_ge_10
SH688271,20260113,cap_ge_500yi/star_ge_10
SH688271,20260114,cap_ge_500yi/star_ge_10
SH688271,20260115,cap_ge_500yi/star_ge_10
SH688271,20260116,cap_ge_500yi/star_ge_10
SH688271,20260119,cap_ge_500yi/star_ge_10
SH688271,20260120,cap_ge_500yi/star_ge_10
SH688271,20260121,cap_ge_500yi/star_ge_10
SH688271,20260122,cap_ge_500yi/star_ge_10
SH688271,20260123,cap_ge_500yi/star_ge_10
SH688271,20260126,cap_ge_500yi/star_ge_10
SH688271,20260127,cap_ge_500yi/star_ge_10
SH688271,20260128,cap_ge_500yi/star_ge_10
SH688271,20260129,cap_ge_500yi/star_ge_10
SH688271,20260130,cap_ge_500yi/star_ge_10
SH688272,20260105,cap_lt_50yi/star_ge_10
SH688272,20260106,cap_lt_50yi/star_ge_10
SH688272,20260107,cap_lt_50yi/star_ge_10
SH688272,20260108,cap_lt_50yi/star_ge_10
SH688272,20260109,cap_lt_50yi/star_ge_10
SH688272,20260112,cap_lt_50yi/star_ge_10
SH688272,20260113,cap_lt_50yi/star_ge_10
SH688272,20260114,cap_lt_50yi/star_ge_10
SH688272,20260115,cap_lt_50yi/star_ge_10
SH688272,20260116,cap_lt_50yi/star_ge_10
SH688272,20260119,cap_lt_50yi/star_ge_10
SH688272,20260120,cap_lt_50yi/star_ge_10
SH688272,20260121,cap_lt_50yi/star_ge_10
SH688272,20260122,cap_lt_50yi/star_ge_10
SH688272,20260123,cap_lt_50yi/star_ge_10
SH688272,20260126,cap_lt_50yi/star_ge_10
SH688272,20260127,cap_lt_50yi/star_ge_10
SH688272,20260128,cap_lt_50yi/star_ge_10
SH688272,20260129,cap_lt_50yi/star_ge_10
SH688272,20260130,cap_lt_50yi/star_ge_10
SH688295,20260105,cap_50_500yi/star_ge_10
SH688295,20260106,cap_50_500yi/star_ge_10
SH688295,20260107,cap_50_500yi/star_ge_10
SH688295,20260108,cap_50_500yi/star_ge_10
SH688295,20260109,cap_50_500yi/star_ge_10
SH688295,20260112,cap_50_500yi/star_ge_10
SH688295,20260113,cap_50_500yi/star_ge_10
SH688295,20260114,cap_50_500yi/star_ge_10
SH688295,20260115,cap_50_500yi/star_ge_10
SH688295,20260116,cap_50_500yi/star_ge_10
SH688295,20260119,cap_50_500yi/star_ge_10
SH688295,20260120,cap_50_500yi/star_ge_10
SH688295,20260121,cap_50_500yi/star_ge_10
SH688295,20260122,cap_50_500yi/star_ge_10
SH688295,20260123,cap_50_500yi/star_ge_10
SH688295,20260126,cap_50_500yi/star_ge_10
SH688295,20260127,cap_50_500yi/star_ge_10
SH688295,20260128,cap_50_500yi/star_ge_10
SH688295,20260129,cap_50_500yi/star_ge_10
SH688295,20260130,cap_50_500yi/star_ge_10
SH688301,20260105,cap_50_500yi/star_ge_10
SH688301,20260106,cap_50_500yi/star_ge_10
SH688301,20260107,cap_50_500yi/star_ge_10
SH688301,20260108,cap_50_500yi/star_ge_10
SH688301,20260109,cap_50_500yi/star_ge_10
SH688301,20260112,cap_50_500yi/star_ge_10
SH688301,20260113,cap_50_500yi/star_ge_10
SH688301,20260114,cap_50_500yi/star_ge_10
SH688301,20260115,cap_50_500yi/star_ge_10
SH688301,20260116,cap_50_500yi/star_ge_10
SH688301,20260119,cap_50_500yi/star_ge_10
SH688301,20260120,cap_50_500yi/star_ge_10
SH688301,20260121,cap_50_500yi/star_ge_10
SH688301,20260122,cap_50_500yi/star_ge_10
SH688301,20260123,cap_50_500yi/star_ge_10
SH688301,20260126,cap_50_500yi/star_ge_10
SH688301,20260127,cap_50_500yi/star_ge_10
SH688301,20260128,cap_50_500yi/star_ge_10
SH688301,20260129,cap_50_500yi/star_ge_10
SH688301,20260130,cap_50_500yi/star_ge_10
SH688303,20260105,cap_ge_500yi/star_ge_10
SH688303,20260106,cap_ge_500yi/star_ge_10
SH688303,20260107,cap_ge_500yi/star_ge_10
SH688303,20260108,cap_ge_500yi/star_ge_10
SH688303,20260109,cap_ge_500yi/star_ge_10
SH688303,20260112,cap_ge_500yi/star_ge_10
SH688303,20260113,cap_ge_500yi/star_ge_10
SH688303,20260114,cap_ge_500yi/star_ge_10
SH688303,20260115,cap_ge_500yi/star_ge_10
SH688303,20260116,cap_ge_500yi/star_ge_10
SH688303,20260119,cap_ge_500yi/star_ge_10
SH688303,20260120,cap_ge_500yi/star_ge_10
SH688303,20260121,cap_ge_500yi/star_ge_10
SH688303,20260122,cap_ge_500yi/star_ge_10
SH688303,20260123,cap_ge_500yi/star_ge_10
SH688303,20260126,cap_ge_500yi/star_ge_10
SH688303,20260127,cap_ge_500yi/star_ge_10
SH688303,20260128,cap_ge_500yi/star_ge_10
SH688303,20260129,cap_ge_500yi/star_ge_10
SH688303,20260130,cap_ge_500yi/star_ge_10
SH688338,20260105,cap_lt_50yi/star_ge_10
SH688338,20260106,cap_lt_50yi/star_ge_10
SH688338,20260107,cap_lt_50yi/star_ge_10
SH688338,20260108,cap_lt_50yi/star_ge_10
SH688338,20260109,cap_lt_50yi/star_ge_10
SH688338,20260112,cap_lt_50yi/star_ge_10
SH688338,20260113,cap_lt_50yi/star_ge_10
SH688338,20260114,cap_lt_50yi/star_ge_10
SH688338,20260115,cap_lt_50yi/star_ge_10
SH688338,20260116,cap_lt_50yi/star_ge_10
SH688338,20260119,cap_lt_50yi/star_ge_10
SH688338,20260120,cap_lt_50yi/star_ge_10
SH688338,20260121,cap_lt_50yi/star_ge_10
SH688338,20260122,cap_lt_50yi/star_ge_10
SH688338,20260123,cap_lt_50yi/star_ge_10
SH688338,20260126,cap_lt_50yi/star_ge_10
SH688338,20260127,cap_lt_50yi/star_ge_10
SH688338,20260128,cap_lt_50yi/star_ge_10
SH688338,20260129,cap_lt_50yi/star_ge_10
SH688338,20260130,cap_lt_50yi/star_ge_10
SH688347,20260105,cap_ge_500yi/star_ge_10
SH688347,20260106,cap_ge_500yi/star_ge_10
SH688347,20260107,cap_ge_500yi/star_ge_10
SH688347,20260108,cap_ge_500yi/star_ge_10
SH688347,20260109,cap_ge_500yi/star_ge_10
SH688347,20260112,cap_ge_500yi/star_ge_10
SH688347,20260113,cap_ge_500yi/star_ge_10
SH688347,20260114,cap_ge_500yi/star_ge_10
SH688347,20260115,cap_ge_500yi/star_ge_10
SH688347,20260116,cap_ge_500yi/star_ge_10
SH688347,20260119,cap_ge_500yi/star_ge_10
SH688347,20260120,cap_ge_500yi/star_ge_10
SH688347,20260121,cap_ge_500yi/star_ge_10
SH688347,20260122,cap_ge_500yi/star_ge_10
SH688347,20260123,cap_ge_500yi/star_ge_10
SH688347,20260126,cap_ge_500yi/star_ge_10
SH688347,20260127,cap_ge_500yi/star_ge_10
SH688347,20260128,cap_ge_500yi/star_ge_10
SH688347,20260129,cap_ge_500yi/star_ge_10
SH688347,20260130,cap_ge_500yi/star_ge_10
SH688349,20260105,cap_50_500yi/star_ge_10
SH688349,20260106,cap_50_500yi/star_ge_10
SH688349,20260107,cap_50_500yi/star_ge_10
SH688349,20260108,cap_50_500yi/star_ge_10
SH688349,20260109,cap_50_500yi/star_ge_10
SH688349,20260112,cap_50_500yi/star_ge_10
SH688349,20260113,cap_50_500yi/star_ge_10
SH688349,20260114,cap_50_500yi/star_ge_10
SH688349,20260115,cap_50_500yi/star_ge_10
SH688349,20260116,cap_50_500yi/star_ge_10
SH688349,20260119,cap_50_500yi/star_ge_10
SH688349,20260120,cap_50_500yi/star_ge_10
SH688349,20260121,cap_50_500yi/star_ge_10
SH688349,20260122,cap_50_500yi/star_ge_10
SH688349,20260123,cap_50_500yi/star_ge_10
SH688349,20260126,cap_50_500yi/star_ge_10
SH688349,20260127,cap_50_500yi/star_ge_10
SH688349,20260128,cap_50_500yi/star_ge_10
SH688349,20260129,cap_50_500yi/star_ge_10
SH688349,20260130,cap_50_500yi/star_ge_10
SH688357,20260105,cap_lt_50yi/star_ge_10
SH688357,20260106,cap_lt_50yi/star_ge_10
SH688357,20260107,cap_lt_50yi/star_ge_10
SH688357,20260108,cap_lt_50yi/star_ge_10
SH688357,20260109,cap_lt_50yi/star_ge_10
SH688357,20260112,cap_lt_50yi/star_ge_10
SH688357,20260113,cap_lt_50yi/star_ge_10
SH688357,20260114,cap_lt_50yi/star_ge_10
SH688357,20260115,cap_lt_50yi/star_ge_10
SH688357,20260116,cap_lt_50yi/star_ge_10
SH688357,20260119,cap_lt_50yi/star_ge_10
SH688357,20260120,cap_lt_50yi/star_ge_10
SH688357,20260121,cap_lt_50yi/star_ge_10
SH688357,20260122,cap_lt_50yi/star_ge_10
SH688357,20260123,cap_lt_50yi/star_ge_10
SH688357,20260126,cap_lt_50yi/star_ge_10
SH688357,20260127,cap_lt_50yi/star_ge_10
SH688357,20260128,cap_lt_50yi/star_ge_10
SH688357,20260129,cap_lt_50yi/star_ge_10
SH688357,20260130,cap_lt_50yi/star_ge_10
SH688361,20260105,cap_ge_500yi/star_ge_10
SH688361,20260106,cap_ge_500yi/star_ge_10
SH688361,20260107,cap_ge_500yi/star_ge_10
SH688361,20260108,cap_ge_500yi/star_ge_10
SH688361,20260109,cap_ge_500yi/star_ge_10
SH688361,20260112,cap_ge_500yi/star_ge_10
SH688361,20260113,cap_ge_500yi/star_ge_10
SH688361,20260114,cap_ge_500yi/star_ge_10
SH688361,20260115,cap_ge_500yi/star_ge_10
SH688361,20260116,cap_ge_500yi/star_ge_10
SH688361,20260119,cap_ge_500yi/star_ge_10
SH688361,20260120,cap_ge_500yi/star_ge_10
SH688361,20260121,cap_ge_500yi/star_ge_10
SH688361,20260122,cap_ge_500yi/star_ge_10
SH688361,20260123,cap_ge_500yi/star_ge_10
SH688361,20260126,cap_ge_500yi/star_ge_10
SH688361,20260127,cap_ge_500yi/star_ge_10
SH688361,20260128,cap_ge_500yi/star_ge_10
SH688361,20260129,cap_ge_500yi/star_ge_10
SH688361,20260130,cap_ge_500yi/star_ge_10
SH688375,20260105,cap_ge_500yi/star_ge_10
SH688375,20260106,cap_ge_500yi/star_ge_10
SH688375,20260107,cap_ge_500yi/star_ge_10
SH688375,20260108,cap_ge_500yi/star_ge_10
SH688375,20260109,cap_ge_500yi/star_ge_10
SH688375,20260112,cap_ge_500yi/star_ge_10
SH688375,20260113,cap_ge_500yi/star_ge_10
SH688375,20260114,cap_ge_500yi/star_ge_10
SH688375,20260115,cap_ge_500yi/star_ge_10
SH688375,20260116,cap_ge_500yi/star_ge_10
SH688375,20260119,cap_ge_500yi/star_ge_10
SH688375,20260120,cap_ge_500yi/star_ge_10
SH688375,20260121,cap_ge_500yi/star_ge_10
SH688375,20260122,cap_ge_500yi/star_ge_10
SH688375,20260123,cap_ge_500yi/star_ge_10
SH688375,20260126,cap_ge_500yi/star_ge_10
SH688375,20260127,cap_ge_500yi/star_ge_10
SH688375,20260128,cap_ge_500yi/star_ge_10
SH688375,20260129,cap_ge_500yi/star_ge_10
SH688375,20260130,cap_ge_500yi/star_ge_10
SH688378,20260105,cap_50_500yi/star_ge_10
SH688378,20260106,cap_50_500yi/star_ge_10
SH688378,20260107,cap_50_500yi/star_ge_10
SH688378,20260108,cap_50_500yi/star_ge_10
SH688378,20260109,cap_50_500yi/star_ge_10
SH688378,20260112,cap_50_500yi/star_ge_10
SH688378,20260113,cap_50_500yi/star_ge_10
SH688378,20260114,cap_50_500yi/star_ge_10
SH688378,20260115,cap_50_500yi/star_ge_10
SH688378,20260116,cap_50_500yi/star_ge_10
SH688378,20260119,cap_50_500yi/star_ge_10
SH688378,20260120,cap_50_500yi/star_ge_10
SH688378,20260121,cap_50_500yi/star_ge_10
SH688378,20260122,cap_50_500yi/star_ge_10
SH688378,20260123,cap_50_500yi/star_ge_10
SH688378,20260126,cap_50_500yi/star_ge_10
SH688378,20260127,cap_50_500yi/star_ge_10
SH688378,20260128,cap_50_500yi/star_ge_10
SH688378,20260129,cap_50_500yi/star_ge_10
SH688378,20260130,cap_50_500yi/star_ge_10
SH688385,20260105,cap_ge_500yi/star_ge_10
SH688385,20260106,cap_ge_500yi/star_ge_10
SH688385,20260107,cap_ge_500yi/star_ge_10
SH688385,20260108,cap_ge_500yi/star_ge_10
SH688385,20260109,cap_ge_500yi/star_ge_10
SH688385,20260112,cap_ge_500yi/star_ge_10
SH688385,20260113,cap_ge_500yi/star_ge_10
SH688385,20260114,cap_ge_500yi/star_ge_10
SH688385,20260115,cap_ge_500yi/star_ge_10
SH688385,20260116,cap_ge_500yi/star_ge_10
SH688385,20260119,cap_ge_500yi/star_ge_10
SH688385,20260120,cap_ge_500yi/star_ge_10
SH688385,20260121,cap_ge_500yi/star_ge_10
SH688385,20260122,cap_ge_500yi/star_ge_10
SH688385,20260123,cap_ge_500yi/star_ge_10
SH688385,20260126,cap_ge_500yi/star_ge_10
SH688385,20260127,cap_ge_500yi/star_ge_10
SH688385,20260128,cap_ge_500yi/star_ge_10
SH688385,20260129,cap_ge_500yi/star_ge_10
SH688385,20260130,cap_ge_500yi/star_ge_10
SH688389,20260105,cap_50_500yi/star_ge_10
SH688389,20260106,cap_50_500yi/star_ge_10
SH688389,20260107,cap_50_500yi/star_ge_10
SH688389,20260108,cap_50_500yi/star_ge_10
SH688389,20260109,cap_50_500yi/star_ge_10
SH688389,20260112,cap_50_500yi/star_ge_10
SH688389,20260113,cap_50_500yi/star_ge_10
SH688389,20260114,cap_50_500yi/star_ge_10
SH688389,20260115,cap_50_500yi/star_ge_10
SH688389,20260116,cap_50_500yi/star_ge_10
SH688389,20260119,cap_50_500yi/star_ge_10
SH688389,20260120,cap_50_500yi/star_ge_10
SH688389,20260121,cap_50_500yi/star_ge_10
SH688389,20260122,cap_50_500yi/star_ge_10
SH688389,20260123,cap_50_500yi/star_ge_10
SH688389,20260126,cap_50_500yi/star_ge_10
SH688389,20260127,cap_50_500yi/star_ge_10
SH688389,20260128,cap_50_500yi/star_ge_10
SH688389,20260129,cap_50_500yi/star_ge_10
SH688389,20260130,cap_50_500yi/star_ge_10
SH688396,20260105,cap_ge_500yi/star_ge_10
SH688396,20260106,cap_ge_500yi/star_ge_10
SH688396,20260107,cap_ge_500yi/star_ge_10
SH688396,20260108,cap_ge_500yi/star_ge_10
SH688396,20260109,cap_ge_500yi/star_ge_10
SH688396,20260112,cap_ge_500yi/star_ge_10
SH688396,20260113,cap_ge_500yi/star_ge_10
SH688396,20260114,cap_ge_500yi/star_ge_10
SH688396,20260115,cap_ge_500yi/star_ge_10
SH688396,20260116,cap_ge_500yi/star_ge_10
SH688396,20260119,cap_ge_500yi/star_ge_10
SH688396,20260120,cap_ge_500yi/star_ge_10
SH688396,20260121,cap_ge_500yi/star_ge_10
SH688396,20260122,cap_ge_500yi/star_ge_10
SH688396,20260123,cap_ge_500yi/star_ge_10
SH688396,20260126,cap_ge_500yi/star_ge_10
SH688396,20260127,cap_ge_500yi/star_ge_10
SH688396,20260128,cap_ge_500yi/star_ge_10
SH688396,20260129,cap_ge_500yi/star_ge_10
SH688396,20260130,cap_ge_500yi/star_ge_10
SH688426,20260105,cap_lt_50yi/star_ge_10
SH688426,20260106,cap_lt_50yi/star_ge_10
SH688426,20260107,cap_lt_50yi/star_ge_10
SH688426,20260108,cap_lt_50yi/star_ge_10
SH688426,20260109,cap_lt_50yi/star_ge_10
SH688426,20260112,cap_lt_50yi/star_ge_10
SH688426,20260113,cap_lt_50yi/star_ge_10
SH688426,20260114,cap_lt_50yi/star_ge_10
SH688426,20260115,cap_lt_50yi/star_ge_10
SH688426,20260116,cap_lt_50yi/star_ge_10
SH688426,20260119,cap_lt_50yi/star_ge_10
SH688426,20260120,cap_lt_50yi/star_ge_10
SH688426,20260121,cap_lt_50yi/star_ge_10
SH688426,20260122,cap_lt_50yi/star_ge_10
SH688426,20260123,cap_lt_50yi/star_ge_10
SH688426,20260126,cap_lt_50yi/star_ge_10
SH688426,20260127,cap_lt_50yi/star_ge_10
SH688426,20260128,cap_lt_50yi/star_ge_10
SH688426,20260129,cap_lt_50yi/star_ge_10
SH688426,20260130,cap_lt_50yi/star_ge_10
SH688455,20260105,cap_lt_50yi/star_ge_10
SH688455,20260106,cap_lt_50yi/star_ge_10
SH688455,20260107,cap_lt_50yi/star_ge_10
SH688455,20260108,cap_lt_50yi/star_ge_10
SH688455,20260109,cap_lt_50yi/star_ge_10
SH688455,20260112,cap_lt_50yi/star_ge_10
SH688455,20260113,cap_lt_50yi/star_ge_10
SH688455,20260114,cap_lt_50yi/star_ge_10
SH688455,20260115,cap_lt_50yi/star_ge_10
SH688455,20260116,cap_lt_50yi/star_ge_10
SH688455,20260119,cap_lt_50yi/star_ge_10
SH688455,20260120,cap_lt_50yi/star_ge_10
SH688455,20260121,cap_lt_50yi/star_ge_10
SH688455,20260122,cap_lt_50yi/star_ge_10
SH688455,20260123,cap_lt_50yi/star_ge_10
SH688455,20260126,cap_lt_50yi/star_ge_10
SH688455,20260127,cap_lt_50yi/star_ge_10
SH688455,20260128,cap_lt_50yi/star_ge_10
SH688455,20260129,cap_lt_50yi/star_ge_10
SH688455,20260130,cap_lt_50yi/star_ge_10
SH688472,20260105,cap_ge_500yi/star_ge_10
SH688472,20260106,cap_ge_500yi/star_ge_10
SH688472,20260107,cap_ge_500yi/star_ge_10
SH688472,20260108,cap_ge_500yi/star_ge_10
SH688472,20260109,cap_ge_500yi/star_ge_10
SH688472,20260112,cap_ge_500yi/star_ge_10
SH688472,20260113,cap_ge_500yi/star_ge_10
SH688472,20260114,cap_ge_500yi/star_ge_10
SH688472,20260115,cap_ge_500yi/star_ge_10
SH688472,20260116,cap_ge_500yi/star_ge_10
SH688472,20260119,cap_ge_500yi/star_ge_10
SH688472,20260120,cap_ge_500yi/star_ge_10
SH688472,20260121,cap_ge_500yi/star_ge_10
SH688472,20260122,cap_ge_500yi/star_ge_10
SH688472,20260123,cap_ge_500yi/star_ge_10
SH688472,20260126,cap_ge_500yi/star_ge_10
SH688472,20260127,cap_ge_500yi/star_ge_10
SH688472,20260128,cap_ge_500yi/star_ge_10
SH688472,20260129,cap_ge_500yi/star_ge_10
SH688472,20260130,cap_ge_500yi/star_ge_10
SH688486,20260105,cap_50_500yi/star_ge_10
SH688486,20260106,cap_50_500yi/star_ge_10
SH688486,20260107,cap_50_500yi/star_ge_10
SH688486,20260108,cap_50_500yi/star_ge_10
SH688486,20260109,cap_50_500yi/star_ge_10
SH688486,20260112,cap_50_500yi/star_ge_10
SH688486,20260113,cap_50_500yi/star_ge_10
SH688486,20260114,cap_50_500yi/star_ge_10
SH688486,20260115,cap_50_500yi/star_ge_10
SH688486,20260116,cap_50_500yi/star_ge_10
SH688486,20260119,cap_50_500yi/star_ge_10
SH688486,20260120,cap_50_500yi/star_ge_10
SH688486,20260121,cap_50_500yi/star_ge_10
SH688486,20260122,cap_50_500yi/star_ge_10
SH688486,20260123,cap_50_500yi/star_ge_10
SH688486,20260126,cap_50_500yi/star_ge_10
SH688486,20260127,cap_50_500yi/star_ge_10
SH688486,20260128,cap_50_500yi/star_ge_10
SH688486,20260129,cap_50_500yi/star_ge_10
SH688486,20260130,cap_50_500yi/star_ge_10
SH688498,20260105,cap_ge_500yi/star_ge_10
SH688498,20260106,cap_ge_500yi/star_ge_10
SH688498,20260107,cap_ge_500yi/star_ge_10
SH688498,20260108,cap_ge_500yi/star_ge_10
SH688498,20260109,cap_ge_500yi/star_ge_10
SH688498,20260112,cap_ge_500yi/star_ge_10
SH688498,20260113,cap_ge_500yi/star_ge_10
SH688498,20260114,cap_ge_500yi/star_ge_10
SH688498,20260115,cap_ge_500yi/star_ge_10
SH688498,20260116,cap_ge_500yi/star_ge_10
SH688498,20260119,cap_ge_500yi/star_ge_10
SH688498,20260120,cap_ge_500yi/star_ge_10
SH688498,20260121,cap_ge_500yi/star_ge_10
SH688498,20260122,cap_ge_500yi/star_ge_10
SH688498,20260123,cap_ge_500yi/star_ge_10
SH688498,20260126,cap_ge_500yi/star_ge_10
SH688498,20260127,cap_ge_500yi/star_ge_10
SH688498,20260128,cap_ge_500yi/star_ge_10
SH688498,20260129,cap_ge_500yi/star_ge_10
SH688498,20260130,cap_ge_500yi/star_ge_10
SH688506,20260105,cap_ge_500yi/star_ge_10
SH688506,20260106,cap_ge_500yi/star_ge_10
SH688506,20260107,cap_ge_500yi/star_ge_10
SH688506,20260108,cap_ge_500yi/star_ge_10
SH688506,20260109,cap_ge_500yi/star_ge_10
SH688506,20260112,cap_ge_500yi/star_ge_10
SH688506,20260113,cap_ge_500yi/star_ge_10
SH688506,20260114,cap_ge_500yi/star_ge_10
SH688506,20260115,cap_ge_500yi/star_ge_10
SH688506,20260116,cap_ge_500yi/star_ge_10
SH688506,20260119,cap_ge_500yi/star_ge_10
SH688506,20260120,cap_ge_500yi/star_ge_10
SH688506,20260121,cap_ge_500yi/star_ge_10
SH688506,20260122,cap_ge_500yi/star_ge_10
SH688506,20260123,cap_ge_500yi/star_ge_10
SH688506,20260126,cap_ge_500yi/star_ge_10
SH688506,20260127,cap_ge_500yi/star_ge_10
SH688506,20260128,cap_ge_500yi/star_ge_10
SH688506,20260129,cap_ge_500yi/star_ge_10
SH688506,20260130,cap_ge_500yi/star_ge_10
SH688507,20260105,cap_50_500yi/star_ge_10
SH688507,20260106,cap_50_500yi/star_ge_10
SH688507,20260107,cap_50_500yi/star_ge_10
SH688507,20260108,cap_50_500yi/star_ge_10
SH688507,20260109,cap_50_500yi/star_ge_10
SH688507,20260112,cap_50_500yi/star_ge_10
SH688507,20260113,cap_50_500yi/star_ge_10
SH688507,20260114,cap_50_500yi/star_ge_10
SH688507,20260115,cap_50_500yi/star_ge_10
SH688507,20260116,cap_50_500yi/star_ge_10
SH688507,20260119,cap_50_500yi/star_ge_10
SH688507,20260120,cap_50_500yi/star_ge_10
SH688507,20260121,cap_50_500yi/star_ge_10
SH688507,20260122,cap_50_500yi/star_ge_10
SH688507,20260123,cap_50_500yi/star_ge_10
SH688507,20260126,cap_50_500yi/star_ge_10
SH688507,20260127,cap_50_500yi/star_ge_10
SH688507,20260128,cap_50_500yi/star_ge_10
SH688507,20260129,cap_50_500yi/star_ge_10
SH688507,20260130,cap_50_500yi/star_ge_10
SH688516,20260105,cap_50_500yi/star_ge_10
SH688516,20260106,cap_50_500yi/star_ge_10
SH688516,20260107,cap_50_500yi/star_ge_10
SH688516,20260108,cap_50_500yi/star_ge_10
SH688516,20260109,cap_50_500yi/star_ge_10
SH688516,20260112,cap_50_500yi/star_ge_10
SH688516,20260113,cap_50_500yi/star_ge_10
SH688516,20260114,cap_50_500yi/star_ge_10
SH688516,20260115,cap_50_500yi/star_ge_10
SH688516,20260116,cap_50_500yi/star_ge_10
SH688516,20260119,cap_50_500yi/star_ge_10
SH688516,20260120,cap_50_500yi/star_ge_10
SH688516,20260121,cap_50_500yi/star_ge_10
SH688516,20260122,cap_50_500yi/star_ge_10
SH688516,20260123,cap_50_500yi/star_ge_10
SH688516,20260126,cap_50_500yi/star_ge_10
SH688516,20260127,cap_50_500yi/star_ge_10
SH688516,20260128,cap_50_500yi/star_ge_10
SH688516,20260129,cap_50_500yi/star_ge_10
SH688516,20260130,cap_50_500yi/star_ge_10
SH688521,20260105,cap_ge_500yi/star_ge_10
SH688521,20260106,cap_ge_500yi/star_ge_10
SH688521,20260107,cap_ge_500yi/star_ge_10
SH688521,20260108,cap_ge_500yi/star_ge_10
SH688521,20260109,cap_ge_500yi/star_ge_10
SH688521,20260112,cap_ge_500yi/star_ge_10
SH688521,20260113,cap_ge_500yi/star_ge_10
SH688521,20260114,cap_ge_500yi/star_ge_10
SH688521,20260115,cap_ge_500yi/star_ge_10
SH688521,20260116,cap_ge_500yi/star_ge_10
SH688521,20260119,cap_ge_500yi/star_ge_10
SH688521,20260120,cap_ge_500yi/star_ge_10
SH688521,20260121,cap_ge_500yi/star_ge_10
SH688521,20260122,cap_ge_500yi/star_ge_10
SH688521,20260123,cap_ge_500yi/star_ge_10
SH688521,20260126,cap_ge_500yi/star_ge_10
SH688521,20260127,cap_ge_500yi/star_ge_10
SH688521,20260128,cap_ge_500yi/star_ge_10
SH688521,20260129,cap_ge_500yi/star_ge_10
SH688521,20260130,cap_ge_500yi/star_ge_10
SH688525,20260105,cap_ge_500yi/star_ge_10
SH688525,20260106,cap_ge_500yi/star_ge_10
SH688525,20260107,cap_ge_500yi/star_ge_10
SH688525,20260108,cap_ge_500yi/star_ge_10
SH688525,20260109,cap_ge_500yi/star_ge_10
SH688525,20260112,cap_ge_500yi/star_ge_10
SH688525,20260113,cap_ge_500yi/star_ge_10
SH688525,20260114,cap_ge_500yi/star_ge_10
SH688525,20260115,cap_ge_500yi/star_ge_10
SH688525,20260116,cap_ge_500yi/star_ge_10
SH688525,20260119,cap_ge_500yi/star_ge_10
SH688525,20260120,cap_ge_500yi/star_ge_10
SH688525,20260121,cap_ge_500yi/star_ge_10
SH688525,20260122,cap_ge_500yi/star_ge_10
SH688525,20260123,cap_ge_500yi/star_ge_10
SH688525,20260126,cap_ge_500yi/star_ge_10
SH688525,20260127,cap_ge_500yi/star_ge_10
SH688525,20260128,cap_ge_500yi/star_ge_10
SH688525,20260129,cap_ge_500yi/star_ge_10
SH688525,20260130,cap_ge_500yi/star_ge_10
SH688529,20260105,cap_lt_50yi/star_ge_10
SH688529,20260106,cap_lt_50yi/star_ge_10
SH688529,20260107,cap_lt_50yi/star_ge_10
SH688529,20260108,cap_lt_50yi/star_ge_10
SH688529,20260109,cap_lt_50yi/star_ge_10
SH688529,20260112,cap_lt_50yi/star_ge_10
SH688529,20260113,cap_lt_50yi/star_ge_10
SH688529,20260114,cap_lt_50yi/star_ge_10
SH688529,20260115,cap_lt_50yi/star_ge_10
SH688529,20260116,cap_lt_50yi/star_ge_10
SH688529,20260119,cap_lt_50yi/star_ge_10
SH688529,20260120,cap_lt_50yi/star_ge_10
SH688529,20260121,cap_lt_50yi/star_ge_10
SH688529,20260122,cap_lt_50yi/star_ge_10
SH688529,20260123,cap_lt_50yi/star_ge_10
SH688529,20260126,cap_lt_50yi/star_ge_10
SH688529,20260127,cap_lt_50yi/star_ge_10
SH688529,20260128,cap_lt_50yi/star_ge_10
SH688529,20260129,cap_lt_50yi/star_ge_10
SH688529,20260130,cap_lt_50yi/star_ge_10
SH688556,20260105,cap_50_500yi/star_ge_10
SH688556,20260106,cap_50_500yi/star_ge_10
SH688556,20260107,cap_50_500yi/star_ge_10
SH688556,20260108,cap_50_500yi/star_ge_10
SH688556,20260109,cap_50_500yi/star_ge_10
SH688556,20260112,cap_50_500yi/star_ge_10
SH688556,20260113,cap_50_500yi/star_ge_10
SH688556,20260114,cap_50_500yi/star_ge_10
SH688556,20260115,cap_50_500yi/star_ge_10
SH688556,20260116,cap_50_500yi/star_ge_10
SH688556,20260119,cap_50_500yi/star_ge_10
SH688556,20260120,cap_50_500yi/star_ge_10
SH688556,20260121,cap_50_500yi/star_ge_10
SH688556,20260122,cap_50_500yi/star_ge_10
SH688556,20260123,cap_50_500yi/star_ge_10
SH688556,20260126,cap_50_500yi/star_ge_10
SH688556,20260127,cap_50_500yi/star_ge_10
SH688556,20260128,cap_50_500yi/star_ge_10
SH688556,20260129,cap_50_500yi/star_ge_10
SH688556,20260130,cap_50_500yi/star_ge_10
SH688559,20260105,cap_50_500yi/star_ge_10
SH688559,20260106,cap_50_500yi/star_ge_10
SH688559,20260107,cap_50_500yi/star_ge_10
SH688559,20260108,cap_50_500yi/star_ge_10
SH688559,20260109,cap_50_500yi/star_ge_10
SH688559,20260112,cap_50_500yi/star_ge_10
SH688559,20260113,cap_50_500yi/star_ge_10
SH688559,20260114,cap_50_500yi/star_ge_10
SH688559,20260115,cap_50_500yi/star_ge_10
SH688559,20260116,cap_50_500yi/star_ge_10
SH688559,20260119,cap_50_500yi/star_ge_10
SH688559,20260120,cap_50_500yi/star_ge_10
SH688559,20260121,cap_50_500yi/star_ge_10
SH688559,20260122,cap_50_500yi/star_ge_10
SH688559,20260123,cap_50_500yi/star_ge_10
SH688559,20260126,cap_50_500yi/star_ge_10
SH688559,20260127,cap_50_500yi/star_ge_10
SH688559,20260128,cap_50_500yi/star_ge_10
SH688559,20260129,cap_50_500yi/star_ge_10
SH688559,20260130,cap_50_500yi/star_ge_10
SH688562,20260105,cap_50_500yi/star_ge_10
SH688562,20260106,cap_50_500yi/star_ge_10
SH688562,20260107,cap_50_500yi/star_ge_10
SH688562,20260108,cap_50_500yi/star_ge_10
SH688562,20260109,cap_50_500yi/star_ge_10
SH688562,20260112,cap_50_500yi/star_ge_10
SH688562,20260113,cap_50_500yi/star_ge_10
SH688562,20260114,cap_50_500yi/star_ge_10
SH688562,20260115,cap_50_500yi/star_ge_10
SH688562,20260116,cap_50_500yi/star_ge_10
SH688562,20260119,cap_50_500yi/star_ge_10
SH688562,20260120,cap_50_500yi/star_ge_10
SH688562,20260121,cap_50_500yi/star_ge_10
SH688562,20260122,cap_50_500yi/star_ge_10
SH688562,20260123,cap_50_500yi/star_ge_10
SH688562,20260126,cap_50_500yi/star_ge_10
SH688562,20260127,cap_50_500yi/star_ge_10
SH688562,20260128,cap_50_500yi/star_ge_10
SH688562,20260129,cap_50_500yi/star_ge_10
SH688562,20260130,cap_50_500yi/star_ge_10
SH688584,20260105,cap_50_500yi/star_ge_10
SH688584,20260106,cap_50_500yi/star_ge_10
SH688584,20260107,cap_50_500yi/star_ge_10
SH688584,20260108,cap_50_500yi/star_ge_10
SH688584,20260109,cap_50_500yi/star_ge_10
SH688584,20260112,cap_50_500yi/star_ge_10
SH688584,20260113,cap_50_500yi/star_ge_10
SH688584,20260114,cap_50_500yi/star_ge_10
SH688584,20260115,cap_50_500yi/star_ge_10
SH688584,20260116,cap_50_500yi/star_ge_10
SH688584,20260119,cap_50_500yi/star_ge_10
SH688584,20260120,cap_50_500yi/star_ge_10
SH688584,20260121,cap_50_500yi/star_ge_10
SH688584,20260122,cap_50_500yi/star_ge_10
SH688584,20260123,cap_50_500yi/star_ge_10
SH688584,20260126,cap_50_500yi/star_ge_10
SH688584,20260127,cap_50_500yi/star_ge_10
SH688584,20260128,cap_50_500yi/star_ge_10
SH688584,20260129,cap_50_500yi/star_ge_10
SH688584,20260130,cap_50_500yi/star_ge_10
SH688585,20260105,cap_ge_500yi/star_ge_10
SH688585,20260106,cap_ge_500yi/star_ge_10
SH688585,20260107,cap_ge_500yi/star_ge_10
SH688585,20260108,cap_ge_500yi/star_ge_10
SH688585,20260109,cap_ge_500yi/star_ge_10
SH688585,20260112,cap_ge_500yi/star_ge_10
SH688585,20260113,cap_ge_500yi/star_ge_10
SH688585,20260114,cap_ge_500yi/star_ge_10
SH688585,20260115,cap_ge_500yi/star_ge_10
SH688585,20260116,cap_ge_500yi/star_ge_10
SH688585,20260119,cap_ge_500yi/star_ge_10
SH688585,20260120,cap_ge_500yi/star_ge_10
SH688585,20260121,cap_ge_500yi/star_ge_10
SH688585,20260122,cap_ge_500yi/star_ge_10
SH688585,20260123,cap_ge_500yi/star_ge_10
SH688585,20260126,cap_ge_500yi/star_ge_10
SH688585,20260127,cap_ge_500yi/star_ge_10
SH688585,20260128,cap_ge_500yi/star_ge_10
SH688585,20260129,cap_ge_500yi/star_ge_10
SH688585,20260130,cap_ge_500yi/star_ge_10
SH688592,20260105,cap_lt_50yi/star_ge_10
SH688592,20260106,cap_lt_50yi/star_ge_10
SH688592,20260107,cap_lt_50yi/star_ge_10
SH688592,20260108,cap_lt_50yi/star_ge_10
SH688592,20260109,cap_lt_50yi/star_ge_10
SH688592,20260112,cap_lt_50yi/star_ge_10
SH688592,20260113,cap_lt_50yi/star_ge_10
SH688592,20260114,cap_lt_50yi/star_ge_10
SH688592,20260115,cap_lt_50yi/star_ge_10
SH688592,20260116,cap_lt_50yi/star_ge_10
SH688592,20260119,cap_lt_50yi/star_ge_10
SH688592,20260120,cap_lt_50yi/star_ge_10
SH688592,20260121,cap_lt_50yi/star_ge_10
SH688592,20260122,cap_lt_50yi/star_ge_10
SH688592,20260123,cap_lt_50yi/star_ge_10
SH688592,20260126,cap_lt_50yi/star_ge_10
SH688592,20260127,cap_lt_50yi/star_ge_10
SH688592,20260128,cap_lt_50yi/star_ge_10
SH688592,20260129,cap_lt_50yi/star_ge_10
SH688592,20260130,cap_lt_50yi/star_ge_10
SH688595,20260105,cap_lt_50yi/star_ge_10
SH688595,20260106,cap_lt_50yi/star_ge_10
SH688595,20260107,cap_lt_50yi/star_ge_10
SH688595,20260108,cap_lt_50yi/star_ge_10
SH688595,20260109,cap_50_500yi/star_ge_10
SH688595,20260112,cap_50_500yi/star_ge_10
SH688595,20260113,cap_50_500yi/star_ge_10
SH688595,20260114,cap_50_500yi/star_ge_10
SH688595,20260115,cap_50_500yi/star_ge_10
SH688595,20260116,cap_50_500yi/star_ge_10
SH688595,20260119,cap_50_500yi/star_ge_10
SH688595,20260120,cap_50_500yi/star_ge_10
SH688595,20260121,cap_50_500yi/star_ge_10
SH688595,20260122,cap_50_500yi/star_ge_10
SH688595,20260123,cap_50_500yi/star_ge_10
SH688595,20260126,cap_50_500yi/star_ge_10
SH688595,20260127,cap_50_500yi/star_ge_10
SH688595,20260128,cap_50_500yi/star_ge_10
SH688595,20260129,cap_50_500yi/star_ge_10
SH688595,20260130,cap_50_500yi/star_ge_10
SH688598,20260105,cap_50_500yi/star_ge_10
SH688598,20260106,cap_50_500yi/star_ge_10
SH688598,20260107,cap_50_500yi/star_ge_10
SH688598,20260108,cap_50_500yi/star_ge_10
SH688598,20260109,cap_50_500yi/star_ge_10
SH688598,20260112,cap_50_500yi/star_ge_10
SH688598,20260113,cap_50_500yi/star_ge_10
SH688598,20260114,cap_50_500yi/star_ge_10
SH688598,20260115,cap_50_500yi/star_ge_10
SH688598,20260116,cap_50_500yi/star_ge_10
SH688598,20260119,cap_50_500yi/star_ge_10
SH688598,20260120,cap_50_500yi/star_ge_10
SH688598,20260121,cap_50_500yi/star_ge_10
SH688598,20260122,cap_50_500yi/star_ge_10
SH688598,20260123,cap_50_500yi/star_ge_10
SH688598,20260126,cap_50_500yi/star_ge_10
SH688598,20260127,cap_50_500yi/star_ge_10
SH688598,20260128,cap_50_500yi/star_ge_10
SH688598,20260129,cap_50_500yi/star_ge_10
SH688598,20260130,cap_50_500yi/star_ge_10
SH688600,20260105,cap_lt_50yi/star_ge_10
SH688600,20260106,cap_lt_50yi/star_ge_10
SH688600,20260107,cap_lt_50yi/star_ge_10
SH688600,20260108,cap_lt_50yi/star_ge_10
SH688600,20260109,cap_lt_50yi/star_ge_10
SH688600,20260112,cap_lt_50yi/star_ge_10
SH688600,20260113,cap_lt_50yi/star_ge_10
SH688600,20260114,cap_lt_50yi/star_ge_10
SH688600,20260115,cap_lt_50yi/star_ge_10
SH688600,20260116,cap_lt_50yi/star_ge_10
SH688600,20260119,cap_lt_50yi/star_ge_10
SH688600,20260120,cap_lt_50yi/star_ge_10
SH688600,20260121,cap_lt_50yi/star_ge_10
SH688600,20260122,cap_lt_50yi/star_ge_10
SH688600,20260123,cap_lt_50yi/star_ge_10
SH688600,20260126,cap_lt_50yi/star_ge_10
SH688600,20260127,cap_lt_50yi/star_ge_10
SH688600,20260128,cap_lt_50yi/star_ge_10
SH688600,20260129,cap_lt_50yi/star_ge_10
SH688600,20260130,cap_lt_50yi/star_ge_10
SH688610,20260105,cap_lt_50yi/star_ge_10
SH688610,20260106,cap_lt_50yi/star_ge_10
SH688610,20260107,cap_lt_50yi/star_ge_10
SH688610,20260108,cap_lt_50yi/star_ge_10
SH688610,20260109,cap_lt_50yi/star_ge_10
SH688610,20260112,cap_lt_50yi/star_ge_10
SH688610,20260113,cap_lt_50yi/star_ge_10
SH688610,20260114,cap_lt_50yi/star_ge_10
SH688610,20260115,cap_lt_50yi/star_ge_10
SH688610,20260116,cap_lt_50yi/star_ge_10
SH688610,20260119,cap_50_500yi/star_ge_10
SH688610,20260120,cap_50_500yi/star_ge_10
SH688610,20260121,cap_50_500yi/star_ge_10
SH688610,20260122,cap_50_500yi/star_ge_10
SH688610,20260123,cap_50_500yi/star_ge_10
SH688610,20260126,cap_50_500yi/star_ge_10
SH688610,20260127,cap_50_500yi/star_ge_10
SH688610,20260128,cap_50_500yi/star_ge_10
SH688610,20260129,cap_50_500yi/star_ge_10
SH688610,20260130,cap_50_500yi/star_ge_10
SH688611,20260105,cap_50_500yi/star_ge_10
SH688611,20260106,cap_50_500yi/star_ge_10
SH688611,20260107,cap_50_500yi/star_ge_10
SH688611,20260108,cap_50_500yi/star_ge_10
SH688611,20260109,cap_50_500yi/star_ge_10
SH688611,20260112,cap_50_500yi/star_ge_10
SH688611,20260113,cap_50_500yi/star_ge_10
SH688611,20260114,cap_50_500yi/star_ge_10
SH688611,20260115,cap_50_500yi/star_ge_10
SH688611,20260116,cap_50_500yi/star_ge_10
SH688611,20260119,cap_50_500yi/star_ge_10
SH688611,20260120,cap_50_500yi/star_ge_10
SH688611,20260121,cap_50_500yi/star_ge_10
SH688611,20260122,cap_50_500yi/star_ge_10
SH688611,20260123,cap_50_500yi/star_ge_10
SH688611,20260126,cap_50_500yi/star_ge_10
SH688611,20260127,cap_50_500yi/star_ge_10
SH688611,20260128,cap_50_500yi/star_ge_10
SH688611,20260129,cap_50_500yi/star_ge_10
SH688611,20260130,cap_50_500yi/star_ge_10
SH688613,20260105,cap_lt_50yi/star_ge_10
SH688613,20260106,cap_lt_50yi/star_ge_10
SH688613,20260107,cap_lt_50yi/star_ge_10
SH688613,20260108,cap_lt_50yi/star_ge_10
SH688613,20260109,cap_lt_50yi/star_ge_10
SH688613,20260112,cap_lt_50yi/star_ge_10
SH688613,20260113,cap_lt_50yi/star_ge_10
SH688613,20260114,cap_lt_50yi/star_ge_10
SH688613,20260115,cap_lt_50yi/star_ge_10
SH688613,20260116,cap_lt_50yi/star_ge_10
SH688613,20260119,cap_lt_50yi/star_ge_10
SH688613,20260120,cap_lt_50yi/star_ge_10
SH688613,20260121,cap_lt_50yi/star_ge_10
SH688613,20260122,cap_lt_50yi/star_ge_10
SH688613,20260123,cap_lt_50yi/star_ge_10
SH688613,20260126,cap_lt_50yi/star_ge_10
SH688613,20260127,cap_lt_50yi/star_ge_10
SH688613,20260128,cap_lt_50yi/star_ge_10
SH688613,20260129,cap_lt_50yi/star_ge_10
SH688613,20260130,cap_lt_50yi/star_ge_10
SH688618,20260105,cap_lt_50yi/star_ge_10
SH688618,20260106,cap_lt_50yi/star_ge_10
SH688618,20260107,cap_lt_50yi/star_ge_10
SH688618,20260108,cap_lt_50yi/star_ge_10
SH688618,20260109,cap_lt_50yi/star_ge_10
SH688618,20260112,cap_lt_50yi/star_ge_10
SH688618,20260113,cap_lt_50yi/star_ge_10
SH688618,20260114,cap_lt_50yi/star_ge_10
SH688618,20260115,cap_lt_50yi/star_ge_10
SH688618,20260116,cap_lt_50yi/star_ge_10
SH688618,20260119,cap_lt_50yi/star_ge_10
SH688618,20260120,cap_lt_50yi/star_ge_10
SH688618,20260121,cap_lt_50yi/star_ge_10
SH688618,20260122,cap_lt_50yi/star_ge_10
SH688618,20260123,cap_lt_50yi/star_ge_10
SH688618,20260126,cap_lt_50yi/star_ge_10
SH688618,20260127,cap_lt_50yi/star_ge_10
SH688618,20260128,cap_lt_50yi/star_ge_10
SH688618,20260129,cap_lt_50yi/star_ge_10
SH688618,20260130,cap_lt_50yi/star_ge_10
SH688638,20260105,cap_lt_50yi/star_ge_10
SH688638,20260106,cap_lt_50yi/star_ge_10
SH688638,20260107,cap_lt_50yi/star_ge_10
SH688638,20260108,cap_lt_50yi/star_ge_10
SH688638,20260109,cap_lt_50yi/star_ge_10
SH688638,20260112,cap_lt_50yi/star_ge_10
SH688638,20260113,cap_lt_50yi/star_ge_10
SH688638,20260114,cap_lt_50yi/star_ge_10
SH688638,20260115,cap_lt_50yi/star_ge_10
SH688638,20260116,cap_lt_50yi/star_ge_10
SH688638,20260119,cap_lt_50yi/star_ge_10
SH688638,20260120,cap_lt_50yi/star_ge_10
SH688638,20260121,cap_lt_50yi/star_ge_10
SH688638,20260122,cap_lt_50yi/star_ge_10
SH688638,20260123,cap_lt_50yi/star_ge_10
SH688638,20260126,cap_lt_50yi/star_ge_10
SH688638,20260127,cap_lt_50yi/star_ge_10
SH688638,20260128,cap_lt_50yi/star_ge_10
SH688638,20260129,cap_lt_50yi/star_ge_10
SH688638,20260130,cap_lt_50yi/star_ge_10
SH688652,20260105,cap_50_500yi/star_ge_10
SH688652,20260106,cap_50_500yi/star_ge_10
SH688652,20260107,cap_50_500yi/star_ge_10
SH688652,20260108,cap_50_500yi/star_ge_10
SH688652,20260109,cap_50_500yi/star_ge_10
SH688652,20260112,cap_50_500yi/star_ge_10
SH688652,20260113,cap_50_500yi/star_ge_10
SH688652,20260114,cap_50_500yi/star_ge_10
SH688652,20260115,cap_50_500yi/star_ge_10
SH688652,20260116,cap_50_500yi/star_ge_10
SH688652,20260119,cap_50_500yi/star_ge_10
SH688652,20260120,cap_50_500yi/star_ge_10
SH688652,20260121,cap_50_500yi/star_ge_10
SH688652,20260122,cap_50_500yi/star_ge_10
SH688652,20260123,cap_50_500yi/star_ge_10
SH688652,20260126,cap_50_500yi/star_ge_10
SH688652,20260127,cap_50_500yi/star_ge_10
SH688652,20260128,cap_50_500yi/star_ge_10
SH688652,20260129,cap_50_500yi/star_ge_10
SH688652,20260130,cap_50_500yi/star_ge_10
SH688665,20260105,cap_lt_50yi/star_ge_10
SH688665,20260106,cap_50_500yi/star_ge_10
SH688665,20260107,cap_50_500yi/star_ge_10
SH688665,20260108,cap_50_500yi/star_ge_10
SH688665,20260109,cap_50_500yi/star_ge_10
SH688665,20260112,cap_50_500yi/star_ge_10
SH688665,20260113,cap_50_500yi/star_ge_10
SH688665,20260114,cap_50_500yi/star_ge_10
SH688665,20260115,cap_50_500yi/star_ge_10
SH688665,20260116,cap_50_500yi/star_ge_10
SH688665,20260119,cap_50_500yi/star_ge_10
SH688665,20260120,cap_50_500yi/star_ge_10
SH688665,20260121,cap_50_500yi/star_ge_10
SH688665,20260122,cap_50_500yi/star_ge_10
SH688665,20260123,cap_50_500yi/star_ge_10
SH688665,20260126,cap_50_500yi/star_ge_10
SH688665,20260127,cap_50_500yi/star_ge_10
SH688665,20260128,cap_50_500yi/star_ge_10
SH688665,20260129,cap_50_500yi/star_ge_10
SH688665,20260130,cap_50_500yi/star_ge_10
SH688669,20260105,cap_lt_50yi/star_ge_10
SH688669,20260106,cap_lt_50yi/star_ge_10
SH688669,20260107,cap_lt_50yi/star_ge_10
SH688669,20260108,cap_lt_50yi/star_ge_10
SH688669,20260109,cap_lt_50yi/star_ge_10
SH688669,20260112,cap_lt_50yi/star_ge_10
SH688669,20260113,cap_lt_50yi/star_ge_10
SH688669,20260114,cap_lt_50yi/star_ge_10
SH688669,20260115,cap_lt_50yi/star_ge_10
SH688669,20260116,cap_lt_50yi/star_ge_10
SH688669,20260119,cap_lt_50yi/star_ge_10
SH688669,20260120,cap_lt_50yi/star_ge_10
SH688669,20260121,cap_lt_50yi/star_ge_10
SH688669,20260122,cap_lt_50yi/star_ge_10
SH688669,20260123,cap_lt_50yi/star_ge_10
SH688669,20260126,cap_lt_50yi/star_ge_10
SH688669,20260127,cap_lt_50yi/star_ge_10
SH688669,20260128,cap_lt_50yi/star_ge_10
SH688669,20260129,cap_lt_50yi/star_ge_10
SH688669,20260130,cap_lt_50yi/star_ge_10
SH688671,20260105,cap_lt_50yi/star_ge_10
SH688671,20260106,cap_lt_50yi/star_ge_10
SH688671,20260107,cap_lt_50yi/star_ge_10
SH688671,20260108,cap_lt_50yi/star_ge_10
SH688671,20260109,cap_lt_50yi/star_ge_10
SH688671,20260112,cap_lt_50yi/star_ge_10
SH688671,20260113,cap_lt_50yi/star_ge_10
SH688671,20260114,cap_lt_50yi/star_ge_10
SH688671,20260115,cap_lt_50yi/star_ge_10
SH688671,20260116,cap_lt_50yi/star_ge_10
SH688671,20260119,cap_lt_50yi/star_ge_10
SH688671,20260120,cap_lt_50yi/star_ge_10
SH688671,20260121,cap_lt_50yi/star_ge_10
SH688671,20260122,cap_lt_50yi/star_ge_10
SH688671,20260123,cap_lt_50yi/star_ge_10
SH688671,20260126,cap_lt_50yi/star_ge_10
SH688671,20260127,cap_lt_50yi/star_ge_10
SH688671,20260128,cap_lt_50yi/star_ge_10
SH688671,20260129,cap_lt_50yi/star_ge_10
SH688671,20260130,cap_lt_50yi/star_ge_10
SH688680,20260105,cap_lt_50yi/star_ge_10
SH688680,20260106,cap_lt_50yi/star_ge_10
SH688680,20260107,cap_lt_50yi/star_ge_10
SH688680,20260108,cap_lt_50yi/star_ge_10
SH688680,20260109,cap_lt_50yi/star_ge_10
SH688680,20260112,cap_lt_50yi/star_ge_10
SH688680,20260113,cap_lt_50yi/star_ge_10
SH688680,20260114,cap_lt_50yi/star_ge_10
SH688680,20260115,cap_lt_50yi/star_ge_10
SH688680,20260116,cap_lt_50yi/star_ge_10
SH688680,20260119,cap_lt_50yi/star_ge_10
SH688680,20260120,cap_lt_50yi/star_ge_10
SH688680,20260121,cap_lt_50yi/star_ge_10
SH688680,20260122,cap_lt_50yi/star_ge_10
SH688680,20260123,cap_50_500yi/star_ge_10
SH688680,20260126,cap_50_500yi/star_ge_10
SH688680,20260127,cap_50_500yi/star_ge_10
SH688680,20260128,cap_50_500yi/star_ge_10
SH688680,20260129,cap_lt_50yi/star_ge_10
SH688680,20260130,cap_lt_50yi/star_ge_10
SH688683,20260105,cap_lt_50yi/star_ge_10
SH688683,20260106,cap_lt_50yi/star_ge_10
SH688683,20260107,cap_lt_50yi/star_ge_10
SH688683,20260108,cap_50_500yi/star_ge_10
SH688683,20260109,cap_50_500yi/star_ge_10
SH688683,20260112,cap_50_500yi/star_ge_10
SH688683,20260113,cap_50_500yi/star_ge_10
SH688683,20260114,cap_50_500yi/star_ge_10
SH688683,20260115,cap_50_500yi/star_ge_10
SH688683,20260116,cap_50_500yi/star_ge_10
SH688683,20260119,cap_50_500yi/star_ge_10
SH688683,20260120,cap_50_500yi/star_ge_10
SH688683,20260121,cap_50_500yi/star_ge_10
SH688683,20260122,cap_50_500yi/star_ge_10
SH688683,20260123,cap_50_500yi/star_ge_10
SH688683,20260126,cap_50_500yi/star_ge_10
SH688683,20260127,cap_50_500yi/star_ge_10
SH688683,20260128,cap_50_500yi/star_ge_10
SH688683,20260129,cap_50_500yi/star_ge_10
SH688683,20260130,cap_50_500yi/star_ge_10
SH688697,20260105,cap_50_500yi/star_ge_10
SH688697,20260106,cap_50_500yi/star_ge_10
SH688697,20260107,cap_50_500yi/star_ge_10
SH688697,20260108,cap_50_500yi/star_ge_10
SH688697,20260109,cap_50_500yi/star_ge_10
SH688697,20260112,cap_50_500yi/star_ge_10
SH688697,20260113,cap_50_500yi/star_ge_10
SH688697,20260114,cap_50_500yi/star_ge_10
SH688697,20260115,cap_50_500yi/star_ge_10
SH688697,20260116,cap_50_500yi/star_ge_10
SH688697,20260119,cap_50_500yi/star_ge_10
SH688697,20260120,cap_50_500yi/star_ge_10
SH688697,20260121,cap_50_500yi/star_ge_10
SH688697,20260122,cap_50_500yi/star_ge_10
SH688697,20260123,cap_50_500yi/star_ge_10
SH688697,20260126,cap_50_500yi/star_ge_10
SH688697,20260127,cap_50_500yi/star_ge_10
SH688697,20260128,cap_50_500yi/star_ge_10
SH688697,20260129,cap_50_500yi/star_ge_10
SH688697,20260130,cap_50_500yi/star_ge_10
SH688699,20260105,cap_lt_50yi/star_ge_10
SH688699,20260106,cap_lt_50yi/star_ge_10
SH688699,20260107,cap_50_500yi/star_ge_10
SH688699,20260108,cap_50_500yi/star_ge_10
SH688699,20260109,cap_50_500yi/star_ge_10
SH688699,20260112,cap_50_500yi/star_ge_10
SH688699,20260113,cap_50_500yi/star_ge_10
SH688699,20260114,cap_50_500yi/star_ge_10
SH688699,20260115,cap_50_500yi/star_ge_10
SH688699,20260116,cap_50_500yi/star_ge_10
SH688699,20260119,cap_50_500yi/star_ge_10
SH688699,20260120,cap_50_500yi/star_ge_10
SH688699,20260121,cap_50_500yi/star_ge_10
SH688699,20260122,cap_50_500yi/star_ge_10
SH688699,20260123,cap_50_500yi/star_ge_10
SH688699,20260126,cap_50_500yi/star_ge_10
SH688699,20260127,cap_50_500yi/star_ge_10
SH688699,20260128,cap_50_500yi/star_ge_10
SH688699,20260129,cap_50_500yi/star_ge_10
SH688699,20260130,cap_50_500yi/star_ge_10
SH688702,20260105,cap_ge_500yi/star_ge_10
SH688702,20260106,cap_ge_500yi/star_ge_10
SH688702,20260107,cap_ge_500yi/star_ge_10
SH688702,20260108,cap_ge_500yi/star_ge_10
SH688702,20260109,cap_ge_500yi/star_ge_10
SH688702,20260112,cap_ge_500yi/star_ge_10
SH688702,20260113,cap_ge_500yi/star_ge_10
SH688702,20260114,cap_ge_500yi/star_ge_10
SH688702,20260115,cap_ge_500yi/star_ge_10
SH688702,20260116,cap_ge_500yi/star_ge_10
SH688702,20260119,cap_ge_500yi/star_ge_10
SH688702,20260120,cap_ge_500yi/star_ge_10
SH688702,20260121,cap_ge_500yi/star_ge_10
SH688702,20260122,cap_ge_500yi/star_ge_10
SH688702,20260123,cap_ge_500yi/star_ge_10
SH688702,20260126,cap_ge_500yi/star_ge_10
SH688702,20260127,cap_ge_500yi/star_ge_10
SH688702,20260128,cap_ge_500yi/star_ge_10
SH688702,20260129,cap_ge_500yi/star_ge_10
SH688702,20260130,cap_ge_500yi/star_ge_10
SH688709,20260105,cap_50_500yi/star_ge_10
SH688709,20260106,cap_50_500yi/star_ge_10
SH688709,20260107,cap_50_500yi/star_ge_10
SH688709,20260108,cap_50_500yi/star_ge_10
SH688709,20260109,cap_50_500yi/star_ge_10
SH688709,20260112,cap_50_500yi/star_ge_10
SH688709,20260113,cap_50_500yi/star_ge_10
SH688709,20260114,cap_50_500yi/star_ge_10
SH688709,20260115,cap_50_500yi/star_ge_10
SH688709,20260116,cap_50_500yi/star_ge_10
SH688709,20260119,cap_50_500yi/star_ge_10
SH688709,20260120,cap_50_500yi/star_ge_10
SH688709,20260121,cap_50_500yi/star_ge_10
SH688709,20260122,cap_50_500yi/star_ge_10
SH688709,20260123,cap_50_500yi/star_ge_10
SH688709,20260126,cap_50_500yi/star_ge_10
SH688709,20260127,cap_50_500yi/star_ge_10
SH688709,20260128,cap_50_500yi/star_ge_10
SH688709,20260129,cap_50_500yi/star_ge_10
SH688709,20260130,cap_50_500yi/star_ge_10
SH688721,20260105,cap_50_500yi/star_ge_10
SH688721,20260106,cap_50_500yi/star_ge_10
SH688721,20260107,cap_50_500yi/star_ge_10
SH688721,20260108,cap_50_500yi/star_ge_10
SH688721,20260109,cap_50_500yi/star_ge_10
SH688721,20260112,cap_50_500yi/star_ge_10
SH688721,20260113,cap_50_500yi/star_ge_10
SH688721,20260114,cap_50_500yi/star_ge_10
SH688721,20260115,cap_50_500yi/star_ge_10
SH688721,20260116,cap_50_500yi/star_ge_10
SH688721,20260119,cap_50_500yi/star_ge_10
SH688721,20260120,cap_50_500yi/star_ge_10
SH688721,20260121,cap_50_500yi/star_ge_10
SH688721,20260122,cap_50_500yi/star_ge_10
SH688721,20260123,cap_50_500yi/star_ge_10
SH688721,20260126,cap_50_500yi/star_ge_10
SH688721,20260127,cap_50_500yi/star_ge_10
SH688721,20260128,cap_50_500yi/star_ge_10
SH688721,20260129,cap_50_500yi/star_ge_10
SH688721,20260130,cap_50_500yi/star_ge_10
SH688729,20260105,cap_ge_500yi/star_ge_10
SH688729,20260106,cap_ge_500yi/star_ge_10
SH688729,20260107,cap_ge_500yi/star_ge_10
SH688729,20260108,cap_ge_500yi/star_ge_10
SH688729,20260109,cap_ge_500yi/star_ge_10
SH688729,20260112,cap_ge_500yi/star_ge_10
SH688729,20260113,cap_ge_500yi/star_ge_10
SH688729,20260114,cap_ge_500yi/star_ge_10
SH688729,20260115,cap_ge_500yi/star_ge_10
SH688729,20260116,cap_ge_500yi/star_ge_10
SH688729,20260119,cap_ge_500yi/star_ge_10
SH688729,20260120,cap_ge_500yi/star_ge_10
SH688729,20260121,cap_ge_500yi/star_ge_10
SH688729,20260122,cap_ge_500yi/star_ge_10
SH688729,20260123,cap_ge_500yi/star_ge_10
SH688729,20260126,cap_ge_500yi/star_ge_10
SH688729,20260127,cap_ge_500yi/star_ge_10
SH688729,20260128,cap_ge_500yi/star_ge_10
SH688729,20260129,cap_ge_500yi/star_ge_10
SH688729,20260130,cap_ge_500yi/star_ge_10
SH688755,20260105,cap_lt_50yi/star_ge_10
SH688755,20260106,cap_lt_50yi/star_ge_10
SH688755,20260107,cap_lt_50yi/star_ge_10
SH688755,20260108,cap_lt_50yi/star_ge_10
SH688755,20260109,cap_lt_50yi/star_ge_10
SH688755,20260112,cap_lt_50yi/star_ge_10
SH688755,20260113,cap_lt_50yi/star_ge_10
SH688755,20260114,cap_lt_50yi/star_ge_10
SH688755,20260115,cap_lt_50yi/star_ge_10
SH688755,20260116,cap_lt_50yi/star_ge_10
SH688755,20260119,cap_lt_50yi/star_ge_10
SH688755,20260120,cap_lt_50yi/star_ge_10
SH688755,20260121,cap_lt_50yi/star_ge_10
SH688755,20260122,cap_lt_50yi/star_ge_10
SH688755,20260123,cap_lt_50yi/star_ge_10
SH688755,20260126,cap_lt_50yi/star_ge_10
SH688755,20260127,cap_lt_50yi/star_ge_10
SH688755,20260128,cap_lt_50yi/star_ge_10
SH688755,20260129,cap_lt_50yi/star_ge_10
SH688755,20260130,cap_lt_50yi/star_ge_10
SH688757,20260105,cap_50_500yi/star_ge_10
SH688757,20260106,cap_50_500yi/star_ge_10
SH688757,20260107,cap_50_500yi/star_ge_10
SH688757,20260108,cap_50_500yi/star_ge_10
SH688757,20260109,cap_50_500yi/star_ge_10
SH688757,20260112,cap_50_500yi/star_ge_10
SH688757,20260113,cap_50_500yi/star_ge_10
SH688757,20260114,cap_50_500yi/star_ge_10
SH688757,20260115,cap_50_500yi/star_ge_10
SH688757,20260116,cap_50_500yi/star_ge_10
SH688757,20260119,cap_50_500yi/star_ge_10
SH688757,20260120,cap_50_500yi/star_ge_10
SH688757,20260121,cap_50_500yi/star_ge_10
SH688757,20260122,cap_50_500yi/star_ge_10
SH688757,20260123,cap_50_500yi/star_ge_10
SH688757,20260126,cap_50_500yi/star_ge_10
SH688757,20260127,cap_50_500yi/star_ge_10
SH688757,20260128,cap_50_500yi/star_ge_10
SH688757,20260129,cap_50_500yi/star_ge_10
SH688757,20260130,cap_50_500yi/star_ge_10
SH688775,20260105,cap_ge_500yi/star_ge_10
SH688775,20260106,cap_ge_500yi/star_ge_10
SH688775,20260107,cap_ge_500yi/star_ge_10
SH688775,20260108,cap_ge_500yi/star_ge_10
SH688775,20260109,cap_ge_500yi/star_ge_10
SH688775,20260112,cap_ge_500yi/star_ge_10
SH688775,20260113,cap_ge_500yi/star_ge_10
SH688775,20260114,cap_ge_500yi/star_ge_10
SH688775,20260115,cap_ge_500yi/star_ge_10
SH688775,20260116,cap_ge_500yi/star_ge_10
SH688775,20260119,cap_ge_500yi/star_ge_10
SH688775,20260120,cap_ge_500yi/star_ge_10
SH688775,20260121,cap_ge_500yi/star_ge_10
SH688775,20260122,cap_ge_500yi/star_ge_10
SH688775,20260123,cap_ge_500yi/star_ge_10
SH688775,20260126,cap_ge_500yi/star_ge_10
SH688775,20260127,cap_ge_500yi/star_ge_10
SH688775,20260128,cap_ge_500yi/star_ge_10
SH688775,20260129,cap_ge_500yi/star_ge_10
SH688775,20260130,cap_ge_500yi/star_ge_10
SH688783,20260105,cap_ge_500yi/star_ge_10
SH688783,20260106,cap_ge_500yi/star_ge_10
SH688783,20260107,cap_ge_500yi/star_ge_10
SH688783,20260108,cap_ge_500yi/star_ge_10
SH688783,20260109,cap_ge_500yi/star_ge_10
SH688783,20260112,cap_ge_500yi/star_ge_10
SH688783,20260113,cap_ge_500yi/star_ge_10
SH688783,20260114,cap_ge_500yi/star_ge_10
SH688783,20260115,cap_ge_500yi/star_ge_10
SH688783,20260116,cap_ge_500yi/star_ge_10
SH688783,20260119,cap_ge_500yi/star_ge_10
SH688783,20260120,cap_ge_500yi/star_ge_10
SH688783,20260121,cap_ge_500yi/star_ge_10
SH688783,20260122,cap_ge_500yi/star_ge_10
SH688783,20260123,cap_ge_500yi/star_ge_10
SH688783,20260126,cap_ge_500yi/star_ge_10
SH688783,20260127,cap_ge_500yi/star_ge_10
SH688783,20260128,cap_ge_500yi/star_ge_10
SH688783,20260129,cap_ge_500yi/star_ge_10
SH688783,20260130,cap_ge_500yi/star_ge_10
SH688798,20260105,cap_50_500yi/star_ge_10
SH688798,20260106,cap_50_500yi/star_ge_10
SH688798,20260107,cap_50_500yi/star_ge_10
SH688798,20260108,cap_50_500yi/star_ge_10
SH688798,20260109,cap_50_500yi/star_ge_10
SH688798,20260112,cap_50_500yi/star_ge_10
SH688798,20260113,cap_50_500yi/star_ge_10
SH688798,20260114,cap_50_500yi/star_ge_10
SH688798,20260115,cap_50_500yi/star_ge_10
SH688798,20260116,cap_50_500yi/star_ge_10
SH688798,20260119,cap_50_500yi/star_ge_10
SH688798,20260120,cap_50_500yi/star_ge_10
SH688798,20260121,cap_50_500yi/star_ge_10
SH688798,20260122,cap_50_500yi/star_ge_10
SH688798,20260123,cap_50_500yi/star_ge_10
SH688798,20260126,cap_50_500yi/star_ge_10
SH688798,20260127,cap_50_500yi/star_ge_10
SH688798,20260128,cap_50_500yi/star_ge_10
SH688798,20260129,cap_50_500yi/star_ge_10
SH688798,20260130,cap_50_500yi/star_ge_10
SH688981,20260105,cap_ge_500yi/star_ge_10
SH688981,20260106,cap_ge_500yi/star_ge_10
SH688981,20260107,cap_ge_500yi/star_ge_10
SH688981,20260108,cap_ge_500yi/star_ge_10
SH688981,20260109,cap_ge_500yi/star_ge_10
SH688981,20260112,cap_ge_500yi/star_ge_10
SH688981,20260113,cap_ge_500yi/star_ge_10
SH688981,20260114,cap_ge_500yi/star_ge_10
SH688981,20260115,cap_ge_500yi/star_ge_10
SH688981,20260116,cap_ge_500yi/star_ge_10
SH688981,20260119,cap_ge_500yi/star_ge_10
SH688981,20260120,cap_ge_500yi/star_ge_10
SH688981,20260121,cap_ge_500yi/star_ge_10
SH688981,20260122,cap_ge_500yi/star_ge_10
SH688981,20260123,cap_ge_500yi/star_ge_10
SH688981,20260126,cap_ge_500yi/star_ge_10
SH688981,20260127,cap_ge_500yi/star_ge_10
SH688981,20260128,cap_ge_500yi/star_ge_10
SH688981,20260129,cap_ge_500yi/star_ge_10
SH688981,20260130,cap_ge_500yi/star_ge_10
SZ000002,20260105,cap_ge_500yi/nonstar_lt_10
SZ000002,20260106,cap_ge_500yi/nonstar_lt_10
SZ000002,20260107,cap_ge_500yi/nonstar_lt_10
SZ000002,20260108,cap_ge_500yi/nonstar_lt_10
SZ000002,20260109,cap_ge_500yi/nonstar_lt_10
SZ000002,20260112,cap_ge_500yi/nonstar_lt_10
SZ000002,20260113,cap_ge_500yi/nonstar_lt_10
SZ000002,20260114,cap_ge_500yi/nonstar_lt_10
SZ000002,20260115,cap_ge_500yi/nonstar_lt_10
SZ000002,20260116,cap_ge_500yi/nonstar_lt_10
SZ000002,20260119,cap_ge_500yi/nonstar_lt_10
SZ000002,20260120,cap_ge_500yi/nonstar_lt_10
SZ000002,20260121,cap_ge_500yi/nonstar_lt_10
SZ000002,20260122,cap_ge_500yi/nonstar_lt_10
SZ000002,20260123,cap_ge_500yi/nonstar_lt_10
SZ000002,20260126,cap_ge_500yi/nonstar_lt_10
SZ000002,20260127,cap_ge_500yi/nonstar_lt_10
SZ000002,20260128,cap_ge_500yi/nonstar_lt_10
SZ000002,20260129,cap_ge_500yi/nonstar_lt_10
SZ000002,20260130,cap_ge_500yi/nonstar_lt_10
SZ000089,20260105,cap_50_500yi/nonstar_lt_10
SZ000089,20260106,cap_50_500yi/nonstar_lt_10
SZ000089,20260107,cap_50_500yi/nonstar_lt_10
SZ000089,20260108,cap_50_500yi/nonstar_lt_10
SZ000089,20260109,cap_50_500yi/nonstar_lt_10
SZ000089,20260112,cap_50_500yi/nonstar_lt_10
SZ000089,20260113,cap_50_500yi/nonstar_lt_10
SZ000089,20260114,cap_50_500yi/nonstar_lt_10
SZ000089,20260115,cap_50_500yi/nonstar_lt_10
SZ000089,20260116,cap_50_500yi/nonstar_lt_10
SZ000089,20260119,cap_50_500yi/nonstar_lt_10
SZ000089,20260120,cap_50_500yi/nonstar_lt_10
SZ000089,20260121,cap_50_500yi/nonstar_lt_10
SZ000089,20260122,cap_50_500yi/nonstar_lt_10
SZ000089,20260123,cap_50_500yi/nonstar_lt_10
SZ000089,20260126,cap_50_500yi/nonstar_lt_10
SZ000089,20260127,cap_50_500yi/nonstar_lt_10
SZ000089,20260128,cap_50_500yi/nonstar_lt_10
SZ000089,20260129,cap_50_500yi/nonstar_lt_10
SZ000089,20260130,cap_50_500yi/nonstar_lt_10
SZ000100,20260105,cap_ge_500yi/nonstar_lt_10
SZ000100,20260106,cap_ge_500yi/nonstar_lt_10
SZ000100,20260107,cap_ge_500yi/nonstar_lt_10
SZ000100,20260108,cap_ge_500yi/nonstar_lt_10
SZ000100,20260109,cap_ge_500yi/nonstar_lt_10
SZ000100,20260112,cap_ge_500yi/nonstar_lt_10
SZ000100,20260113,cap_ge_500yi/nonstar_lt_10
SZ000100,20260114,cap_ge_500yi/nonstar_lt_10
SZ000100,20260115,cap_ge_500yi/nonstar_lt_10
SZ000100,20260116,cap_ge_500yi/nonstar_lt_10
SZ000100,20260119,cap_ge_500yi/nonstar_lt_10
SZ000100,20260120,cap_ge_500yi/nonstar_lt_10
SZ000100,20260121,cap_ge_500yi/nonstar_lt_10
SZ000100,20260122,cap_ge_500yi/nonstar_lt_10
SZ000100,20260123,cap_ge_500yi/nonstar_lt_10
SZ000100,20260126,cap_ge_500yi/nonstar_lt_10
SZ000100,20260127,cap_ge_500yi/nonstar_lt_10
SZ000100,20260128,cap_ge_500yi/nonstar_lt_10
SZ000100,20260129,cap_ge_500yi/nonstar_lt_10
SZ000100,20260130,cap_ge_500yi/nonstar_lt_10
SZ000157,20260105,cap_ge_500yi/nonstar_lt_10
SZ000157,20260106,cap_ge_500yi/nonstar_lt_10
SZ000157,20260107,cap_ge_500yi/nonstar_lt_10
SZ000157,20260108,cap_ge_500yi/nonstar_lt_10
SZ000157,20260109,cap_ge_500yi/nonstar_lt_10
SZ000157,20260112,cap_ge_500yi/nonstar_lt_10
SZ000157,20260113,cap_ge_500yi/nonstar_lt_10
SZ000157,20260114,cap_ge_500yi/nonstar_lt_10
SZ000157,20260115,cap_ge_500yi/nonstar_lt_10
SZ000157,20260116,cap_ge_500yi/nonstar_lt_10
SZ000157,20260119,cap_ge_500yi/nonstar_lt_10
SZ000157,20260120,cap_ge_500yi/nonstar_lt_10
SZ000157,20260121,cap_ge_500yi/nonstar_lt_10
SZ000157,20260122,cap_ge_500yi/nonstar_lt_10
SZ000157,20260123,cap_ge_500yi/nonstar_lt_10
SZ000157,20260126,cap_ge_500yi/nonstar_lt_10
SZ000157,20260127,cap_ge_500yi/nonstar_lt_10
SZ000157,20260128,cap_ge_500yi/nonstar_lt_10
SZ000157,20260129,cap_ge_500yi/nonstar_lt_10
SZ000157,20260130,cap_ge_500yi/nonstar_lt_10
SZ000166,20260105,cap_ge_500yi/nonstar_lt_10
SZ000166,20260106,cap_ge_500yi/nonstar_lt_10
SZ000166,20260107,cap_ge_500yi/nonstar_lt_10
SZ000166,20260108,cap_ge_500yi/nonstar_lt_10
SZ000166,20260109,cap_ge_500yi/nonstar_lt_10
SZ000166,20260112,cap_ge_500yi/nonstar_lt_10
SZ000166,20260113,cap_ge_500yi/nonstar_lt_10
SZ000166,20260114,cap_ge_500yi/nonstar_lt_10
SZ000166,20260115,cap_ge_500yi/nonstar_lt_10
SZ000166,20260116,cap_ge_500yi/nonstar_lt_10
SZ000166,20260119,cap_ge_500yi/nonstar_lt_10
SZ000166,20260120,cap_ge_500yi/nonstar_lt_10
SZ000166,20260121,cap_ge_500yi/nonstar_lt_10
SZ000166,20260122,cap_ge_500yi/nonstar_lt_10
SZ000166,20260123,cap_ge_500yi/nonstar_lt_10
SZ000166,20260126,cap_ge_500yi/nonstar_lt_10
SZ000166,20260127,cap_ge_500yi/nonstar_lt_10
SZ000166,20260128,cap_ge_500yi/nonstar_lt_10
SZ000166,20260129,cap_ge_500yi/nonstar_lt_10
SZ000166,20260130,cap_ge_500yi/nonstar_lt_10
SZ000404,20260105,cap_lt_50yi/nonstar_lt_10
SZ000404,20260106,cap_lt_50yi/nonstar_lt_10
SZ000404,20260107,cap_lt_50yi/nonstar_lt_10
SZ000404,20260108,cap_lt_50yi/nonstar_lt_10
SZ000404,20260109,cap_lt_50yi/nonstar_lt_10
SZ000404,20260112,cap_lt_50yi/nonstar_lt_10
SZ000404,20260113,cap_lt_50yi/nonstar_lt_10
SZ000404,20260114,cap_lt_50yi/nonstar_lt_10
SZ000404,20260115,cap_lt_50yi/nonstar_lt_10
SZ000404,20260116,cap_lt_50yi/nonstar_lt_10
SZ000404,20260119,cap_lt_50yi/nonstar_lt_10
SZ000404,20260120,cap_lt_50yi/nonstar_lt_10
SZ000404,20260121,cap_lt_50yi/nonstar_lt_10
SZ000404,20260122,cap_lt_50yi/nonstar_lt_10
SZ000404,20260123,cap_lt_50yi/nonstar_lt_10
SZ000404,20260126,cap_lt_50yi/nonstar_lt_10
SZ000404,20260127,cap_lt_50yi/nonstar_lt_10
SZ000404,20260128,cap_lt_50yi/nonstar_lt_10
SZ000404,20260129,cap_lt_50yi/nonstar_lt_10
SZ000404,20260130,cap_lt_50yi/nonstar_lt_10
SZ000488,20260105,cap_50_500yi/nonstar_lt_10
SZ000488,20260106,cap_50_500yi/nonstar_lt_10
SZ000488,20260107,cap_50_500yi/nonstar_lt_10
SZ000488,20260108,cap_50_500yi/nonstar_lt_10
SZ000488,20260109,cap_50_500yi/nonstar_lt_10
SZ000488,20260112,cap_50_500yi/nonstar_lt_10
SZ000488,20260113,cap_50_500yi/nonstar_lt_10
SZ000488,20260114,cap_50_500yi/nonstar_lt_10
SZ000488,20260115,cap_50_500yi/nonstar_lt_10
SZ000488,20260116,cap_50_500yi/nonstar_lt_10
SZ000488,20260119,cap_50_500yi/nonstar_lt_10
SZ000488,20260120,cap_50_500yi/nonstar_lt_10
SZ000488,20260121,cap_50_500yi/nonstar_lt_10
SZ000488,20260122,cap_50_500yi/nonstar_lt_10
SZ000488,20260123,cap_50_500yi/nonstar_lt_10
SZ000488,20260126,cap_50_500yi/nonstar_lt_10
SZ000488,20260127,cap_50_500yi/nonstar_lt_10
SZ000488,20260128,cap_50_500yi/nonstar_lt_10
SZ000488,20260129,cap_50_500yi/nonstar_lt_10
SZ000488,20260130,cap_50_500yi/nonstar_lt_10
SZ000547,20260105,cap_ge_500yi/nonstar_ge_10
SZ000547,20260106,cap_ge_500yi/nonstar_ge_10
SZ000547,20260107,cap_ge_500yi/nonstar_ge_10
SZ000547,20260108,cap_ge_500yi/nonstar_ge_10
SZ000547,20260109,cap_ge_500yi/nonstar_ge_10
SZ000547,20260112,cap_ge_500yi/nonstar_ge_10
SZ000547,20260113,cap_ge_500yi/nonstar_ge_10
SZ000547,20260114,cap_ge_500yi/nonstar_ge_10
SZ000547,20260115,cap_ge_500yi/nonstar_ge_10
SZ000547,20260116,cap_50_500yi/nonstar_ge_10
SZ000547,20260119,cap_50_500yi/nonstar_ge_10
SZ000547,20260120,cap_50_500yi/nonstar_ge_10
SZ000547,20260121,cap_50_500yi/nonstar_ge_10
SZ000547,20260122,cap_50_500yi/nonstar_ge_10
SZ000547,20260123,cap_50_500yi/nonstar_ge_10
SZ000547,20260126,cap_50_500yi/nonstar_ge_10
SZ000547,20260127,cap_50_500yi/nonstar_ge_10
SZ000547,20260128,cap_50_500yi/nonstar_ge_10
SZ000547,20260129,cap_50_500yi/nonstar_ge_10
SZ000547,20260130,cap_50_500yi/nonstar_ge_10
SZ000576,20260105,cap_lt_50yi/nonstar_ge_10
SZ000576,20260106,cap_lt_50yi/nonstar_ge_10
SZ000576,20260107,cap_lt_50yi/nonstar_ge_10
SZ000576,20260108,cap_lt_50yi/nonstar_ge_10
SZ000576,20260109,cap_lt_50yi/nonstar_ge_10
SZ000576,20260112,cap_lt_50yi/nonstar_ge_10
SZ000576,20260113,cap_lt_50yi/nonstar_ge_10
SZ000576,20260114,cap_lt_50yi/nonstar_ge_10
SZ000576,20260115,cap_lt_50yi/nonstar_ge_10
SZ000576,20260116,cap_lt_50yi/nonstar_ge_10
SZ000576,20260119,cap_lt_50yi/nonstar_ge_10
SZ000576,20260120,cap_50_500yi/nonstar_ge_10
SZ000576,20260121,cap_50_500yi/nonstar_ge_10
SZ000576,20260122,cap_50_500yi/nonstar_ge_10
SZ000576,20260123,cap_50_500yi/nonstar_ge_10
SZ000576,20260126,cap_50_500yi/nonstar_ge_10
SZ000576,20260127,cap_50_500yi/nonstar_ge_10
SZ000576,20260128,cap_50_500yi/nonstar_ge_10
SZ000576,20260129,cap_lt_50yi/nonstar_ge_10
SZ000576,20260130,cap_lt_50yi/nonstar_ge_10
SZ000589,20260105,cap_50_500yi/nonstar_lt_10
SZ000589,20260106,cap_50_500yi/nonstar_lt_10
SZ000589,20260107,cap_50_500yi/nonstar_lt_10
SZ000589,20260108,cap_50_500yi/nonstar_lt_10
SZ000589,20260109,cap_50_500yi/nonstar_lt_10
SZ000589,20260112,cap_50_500yi/nonstar_lt_10
SZ000589,20260113,cap_50_500yi/nonstar_lt_10
SZ000589,20260114,cap_50_500yi/nonstar_lt_10
SZ000589,20260115,cap_50_500yi/nonstar_lt_10
SZ000589,20260116,cap_50_500yi/nonstar_lt_10
SZ000589,20260119,cap_50_500yi/nonstar_lt_10
SZ000589,20260120,cap_50_500yi/nonstar_lt_10
SZ000589,20260121,cap_50_500yi/nonstar_lt_10
SZ000589,20260122,cap_50_500yi/nonstar_lt_10
SZ000589,20260123,cap_50_500yi/nonstar_lt_10
SZ000589,20260126,cap_50_500yi/nonstar_lt_10
SZ000589,20260127,cap_50_500yi/nonstar_lt_10
SZ000589,20260128,cap_50_500yi/nonstar_lt_10
SZ000589,20260129,cap_50_500yi/nonstar_lt_10
SZ000589,20260130,cap_50_500yi/nonstar_lt_10
SZ000609,20260105,cap_lt_50yi/nonstar_lt_10
SZ000609,20260106,cap_lt_50yi/nonstar_lt_10
SZ000609,20260107,cap_lt_50yi/nonstar_lt_10
SZ000609,20260108,cap_lt_50yi/nonstar_lt_10
SZ000609,20260109,cap_lt_50yi/nonstar_lt_10
SZ000609,20260112,cap_lt_50yi/nonstar_lt_10
SZ000609,20260113,cap_lt_50yi/nonstar_lt_10
SZ000609,20260114,cap_lt_50yi/nonstar_lt_10
SZ000609,20260115,cap_lt_50yi/nonstar_lt_10
SZ000609,20260116,cap_lt_50yi/nonstar_lt_10
SZ000609,20260119,cap_lt_50yi/nonstar_lt_10
SZ000609,20260120,cap_lt_50yi/nonstar_lt_10
SZ000609,20260121,cap_lt_50yi/nonstar_lt_10
SZ000609,20260122,cap_lt_50yi/nonstar_lt_10
SZ000609,20260123,cap_lt_50yi/nonstar_lt_10
SZ000609,20260126,cap_lt_50yi/nonstar_lt_10
SZ000609,20260127,cap_lt_50yi/nonstar_lt_10
SZ000609,20260128,cap_lt_50yi/nonstar_lt_10
SZ000609,20260129,cap_lt_50yi/nonstar_lt_10
SZ000609,20260130,cap_lt_50yi/nonstar_lt_10
SZ000617,20260105,cap_ge_500yi/nonstar_lt_10
SZ000617,20260106,cap_ge_500yi/nonstar_lt_10
SZ000617,20260107,cap_ge_500yi/nonstar_lt_10
SZ000617,20260108,cap_ge_500yi/nonstar_lt_10
SZ000617,20260109,cap_ge_500yi/nonstar_lt_10
SZ000617,20260112,cap_ge_500yi/nonstar_lt_10
SZ000617,20260113,cap_ge_500yi/nonstar_lt_10
SZ000617,20260114,cap_ge_500yi/nonstar_lt_10
SZ000617,20260115,cap_ge_500yi/nonstar_ge_10
SZ000617,20260116,cap_ge_500yi/nonstar_lt_10
SZ000617,20260119,cap_ge_500yi/nonstar_lt_10
SZ000617,20260120,cap_ge_500yi/nonstar_lt_10
SZ000617,20260121,cap_ge_500yi/nonstar_lt_10
SZ000617,20260122,cap_ge_500yi/nonstar_lt_10
SZ000617,20260123,cap_ge_500yi/nonstar_lt_10
SZ000617,20260126,cap_ge_500yi/nonstar_lt_10
SZ000617,20260127,cap_ge_500yi/nonstar_lt_10
SZ000617,20260128,cap_ge_500yi/nonstar_lt_10
SZ000617,20260129,cap_ge_500yi/nonstar_lt_10
SZ000617,20260130,cap_ge_500yi/nonstar_lt_10
SZ000619,20260105,cap_lt_50yi/nonstar_lt_10
SZ000619,20260106,cap_lt_50yi/nonstar_lt_10
SZ000619,20260107,cap_lt_50yi/nonstar_lt_10
SZ000619,20260108,cap_lt_50yi/nonstar_lt_10
SZ000619,20260109,cap_lt_50yi/nonstar_lt_10
SZ000619,20260112,cap_lt_50yi/nonstar_lt_10
SZ000619,20260113,cap_lt_50yi/nonstar_lt_10
SZ000619,20260114,cap_lt_50yi/nonstar_lt_10
SZ000619,20260115,cap_lt_50yi/nonstar_lt_10
SZ000619,20260116,cap_lt_50yi/nonstar_lt_10
SZ000619,20260119,cap_lt_50yi/nonstar_lt_10
SZ000619,20260120,cap_lt_50yi/nonstar_lt_10
SZ000619,20260121,cap_lt_50yi/nonstar_lt_10
SZ000619,20260122,cap_lt_50yi/nonstar_lt_10
SZ000619,20260123,cap_lt_50yi/nonstar_lt_10
SZ000619,20260126,cap_lt_50yi/nonstar_lt_10
SZ000619,20260127,cap_lt_50yi/nonstar_lt_10
SZ000619,20260128,cap_lt_50yi/nonstar_lt_10
SZ000619,20260129,cap_lt_50yi/nonstar_lt_10
SZ000619,20260130,cap_lt_50yi/nonstar_lt_10
SZ000630,20260105,cap_ge_500yi/nonstar_lt_10
SZ000630,20260106,cap_ge_500yi/nonstar_lt_10
SZ000630,20260107,cap_ge_500yi/nonstar_lt_10
SZ000630,20260108,cap_ge_500yi/nonstar_lt_10
SZ000630,20260109,cap_ge_500yi/nonstar_lt_10
SZ000630,20260112,cap_ge_500yi/nonstar_lt_10
SZ000630,20260113,cap_ge_500yi/nonstar_lt_10
SZ000630,20260114,cap_ge_500yi/nonstar_lt_10
SZ000630,20260115,cap_ge_500yi/nonstar_lt_10
SZ000630,20260116,cap_ge_500yi/nonstar_lt_10
SZ000630,20260119,cap_ge_500yi/nonstar_lt_10
SZ000630,20260120,cap_ge_500yi/nonstar_lt_10
SZ000630,20260121,cap_ge_500yi/nonstar_lt_10
SZ000630,20260122,cap_ge_500yi/nonstar_lt_10
SZ000630,20260123,cap_ge_500yi/nonstar_lt_10
SZ000630,20260126,cap_ge_500yi/nonstar_lt_10
SZ000630,20260127,cap_ge_500yi/nonstar_lt_10
SZ000630,20260128,cap_ge_500yi/nonstar_lt_10
SZ000630,20260129,cap_ge_500yi/nonstar_lt_10
SZ000630,20260130,cap_ge_500yi/nonstar_lt_10
SZ000679,20260105,cap_lt_50yi/nonstar_lt_10
SZ000679,20260106,cap_lt_50yi/nonstar_lt_10
SZ000679,20260107,cap_lt_50yi/nonstar_lt_10
SZ000679,20260108,cap_lt_50yi/nonstar_lt_10
SZ000679,20260109,cap_lt_50yi/nonstar_lt_10
SZ000679,20260112,cap_lt_50yi/nonstar_lt_10
SZ000679,20260113,cap_lt_50yi/nonstar_lt_10
SZ000679,20260114,cap_lt_50yi/nonstar_lt_10
SZ000679,20260115,cap_lt_50yi/nonstar_lt_10
SZ000679,20260116,cap_lt_50yi/nonstar_lt_10
SZ000679,20260119,cap_lt_50yi/nonstar_lt_10
SZ000679,20260120,cap_lt_50yi/nonstar_lt_10
SZ000679,20260121,cap_lt_50yi/nonstar_lt_10
SZ000679,20260122,cap_lt_50yi/nonstar_lt_10
SZ000679,20260123,cap_lt_50yi/nonstar_lt_10
SZ000679,20260126,cap_lt_50yi/nonstar_lt_10
SZ000679,20260127,cap_lt_50yi/nonstar_lt_10
SZ000679,20260128,cap_lt_50yi/nonstar_lt_10
SZ000679,20260129,cap_lt_50yi/nonstar_lt_10
SZ000679,20260130,cap_lt_50yi/nonstar_lt_10
SZ000725,20260105,cap_ge_500yi/nonstar_lt_10
SZ000725,20260106,cap_ge_500yi/nonstar_lt_10
SZ000725,20260107,cap_ge_500yi/nonstar_lt_10
SZ000725,20260108,cap_ge_500yi/nonstar_lt_10
SZ000725,20260109,cap_ge_500yi/nonstar_lt_10
SZ000725,20260112,cap_ge_500yi/nonstar_lt_10
SZ000725,20260113,cap_ge_500yi/nonstar_lt_10
SZ000725,20260114,cap_ge_500yi/nonstar_lt_10
SZ000725,20260115,cap_ge_500yi/nonstar_lt_10
SZ000725,20260116,cap_ge_500yi/nonstar_lt_10
SZ000725,20260119,cap_ge_500yi/nonstar_lt_10
SZ000725,20260120,cap_ge_500yi/nonstar_lt_10
SZ000725,20260121,cap_ge_500yi/nonstar_lt_10
SZ000725,20260122,cap_ge_500yi/nonstar_lt_10
SZ000725,20260123,cap_ge_500yi/nonstar_lt_10
SZ000725,20260126,cap_ge_500yi/nonstar_lt_10
SZ000725,20260127,cap_ge_500yi/nonstar_lt_10
SZ000725,20260128,cap_ge_500yi/nonstar_lt_10
SZ000725,20260129,cap_ge_500yi/nonstar_lt_10
SZ000725,20260130,cap_ge_500yi/nonstar_lt_10
SZ000727,20260105,cap_50_500yi/nonstar_lt_10
SZ000727,20260106,cap_50_500yi/nonstar_lt_10
SZ000727,20260107,cap_50_500yi/nonstar_lt_10
SZ000727,20260108,cap_50_500yi/nonstar_lt_10
SZ000727,20260109,cap_50_500yi/nonstar_lt_10
SZ000727,20260112,cap_50_500yi/nonstar_lt_10
SZ000727,20260113,cap_50_500yi/nonstar_lt_10
SZ000727,20260114,cap_50_500yi/nonstar_lt_10
SZ000727,20260115,cap_50_500yi/nonstar_lt_10
SZ000727,20260116,cap_50_500yi/nonstar_lt_10
SZ000727,20260119,cap_50_500yi/nonstar_lt_10
SZ000727,20260120,cap_50_500yi/nonstar_lt_10
SZ000727,20260121,cap_50_500yi/nonstar_lt_10
SZ000727,20260122,cap_50_500yi/nonstar_lt_10
SZ000727,20260123,cap_50_500yi/nonstar_lt_10
SZ000727,20260126,cap_50_500yi/nonstar_lt_10
SZ000727,20260127,cap_50_500yi/nonstar_lt_10
SZ000727,20260128,cap_50_500yi/nonstar_lt_10
SZ000727,20260129,cap_50_500yi/nonstar_lt_10
SZ000727,20260130,cap_50_500yi/nonstar_lt_10
SZ000798,20260105,cap_lt_50yi/nonstar_ge_10
SZ000798,20260106,cap_lt_50yi/nonstar_ge_10
SZ000798,20260107,cap_lt_50yi/nonstar_ge_10
SZ000798,20260108,cap_lt_50yi/nonstar_ge_10
SZ000798,20260109,cap_lt_50yi/nonstar_ge_10
SZ000798,20260112,cap_lt_50yi/nonstar_ge_10
SZ000798,20260113,cap_lt_50yi/nonstar_ge_10
SZ000798,20260114,cap_lt_50yi/nonstar_ge_10
SZ000798,20260115,cap_lt_50yi/nonstar_ge_10
SZ000798,20260116,cap_lt_50yi/nonstar_ge_10
SZ000798,20260119,cap_lt_50yi/nonstar_ge_10
SZ000798,20260120,cap_lt_50yi/nonstar_ge_10
SZ000798,20260121,cap_lt_50yi/nonstar_ge_10
SZ000798,20260122,cap_lt_50yi/nonstar_ge_10
SZ000798,20260123,cap_lt_50yi/nonstar_ge_10
SZ000798,20260126,cap_lt_50yi/nonstar_ge_10
SZ000798,20260127,cap_lt_50yi/nonstar_ge_10
SZ000798,20260128,cap_lt_50yi/nonstar_ge_10
SZ000798,20260129,cap_lt_50yi/nonstar_ge_10
SZ000798,20260130,cap_lt_50yi/nonstar_ge_10
SZ000933,20260105,cap_ge_500yi/nonstar_ge_10
SZ000933,20260106,cap_ge_500yi/nonstar_ge_10
SZ000933,20260107,cap_ge_500yi/nonstar_ge_10
SZ000933,20260108,cap_ge_500yi/nonstar_ge_10
SZ000933,20260109,cap_ge_500yi/nonstar_ge_10
SZ000933,20260112,cap_ge_500yi/nonstar_ge_10
SZ000933,20260113,cap_ge_500yi/nonstar_ge_10
SZ000933,20260114,cap_ge_500yi/nonstar_ge_10
SZ000933,20260115,cap_ge_500yi/nonstar_ge_10
SZ000933,20260116,cap_ge_500yi/nonstar_ge_10
SZ000933,20260119,cap_ge_500yi/nonstar_ge_10
SZ000933,20260120,cap_ge_500yi/nonstar_ge_10
SZ000933,20260121,cap_ge_500yi/nonstar_ge_10
SZ000933,20260122,cap_ge_500yi/nonstar_ge_10
SZ000933,20260123,cap_ge_500yi/nonstar_ge_10
SZ000933,20260126,cap_ge_500yi/nonstar_ge_10
SZ000933,20260127,cap_ge_500yi/nonstar_ge_10
SZ000933,20260128,cap_ge_500yi/nonstar_ge_10
SZ000933,20260129,cap_ge_500yi/nonstar_ge_10
SZ000933,20260130,cap_ge_500yi/nonstar_ge_10
SZ000973,20260105,cap_50_500yi/nonstar_ge_10
SZ000973,20260106,cap_50_500yi/nonstar_ge_10
SZ000973,20260107,cap_50_500yi/nonstar_ge_10
SZ000973,20260108,cap_50_500yi/nonstar_ge_10
SZ000973,20260109,cap_50_500yi/nonstar_ge_10
SZ000973,20260112,cap_50_500yi/nonstar_ge_10
SZ000973,20260113,cap_50_500yi/nonstar_ge_10
SZ000973,20260114,cap_50_500yi/nonstar_ge_10
SZ000973,20260115,cap_50_500yi/nonstar_ge_10
SZ000973,20260116,cap_50_500yi/nonstar_ge_10
SZ000973,20260119,cap_50_500yi/nonstar_ge_10
SZ000973,20260120,cap_50_500yi/nonstar_ge_10
SZ000973,20260121,cap_50_500yi/nonstar_ge_10
SZ000973,20260122,cap_50_500yi/nonstar_ge_10
SZ000973,20260123,cap_50_500yi/nonstar_ge_10
SZ000973,20260126,cap_50_500yi/nonstar_ge_10
SZ000973,20260127,cap_50_500yi/nonstar_ge_10
SZ000973,20260128,cap_50_500yi/nonstar_ge_10
SZ000973,20260129,cap_50_500yi/nonstar_ge_10
SZ000973,20260130,cap_50_500yi/nonstar_ge_10
SZ000998,20260105,cap_50_500yi/nonstar_lt_10
SZ000998,20260106,cap_50_500yi/nonstar_lt_10
SZ000998,20260107,cap_50_500yi/nonstar_lt_10
SZ000998,20260108,cap_50_500yi/nonstar_lt_10
SZ000998,20260109,cap_50_500yi/nonstar_lt_10
SZ000998,20260112,cap_50_500yi/nonstar_lt_10
SZ000998,20260113,cap_50_500yi/nonstar_lt_10
SZ000998,20260114,cap_50_500yi/nonstar_lt_10
SZ000998,20260115,cap_50_500yi/nonstar_lt_10
SZ000998,20260116,cap_50_500yi/nonstar_lt_10
SZ000998,20260119,cap_50_500yi/nonstar_lt_10
SZ000998,20260120,cap_50_500yi/nonstar_lt_10
SZ000998,20260121,cap_50_500yi/nonstar_lt_10
SZ000998,20260122,cap_50_500yi/nonstar_lt_10
SZ000998,20260123,cap_50_500yi/nonstar_lt_10
SZ000998,20260126,cap_50_500yi/nonstar_lt_10
SZ000998,20260127,cap_50_500yi/nonstar_lt_10
SZ000998,20260128,cap_50_500yi/nonstar_lt_10
SZ000998,20260129,cap_50_500yi/nonstar_lt_10
SZ000998,20260130,cap_50_500yi/nonstar_lt_10
SZ001260,20260105,cap_lt_50yi/nonstar_ge_10
SZ001260,20260106,cap_lt_50yi/nonstar_ge_10
SZ001260,20260107,cap_lt_50yi/nonstar_ge_10
SZ001260,20260108,cap_lt_50yi/nonstar_ge_10
SZ001260,20260109,cap_lt_50yi/nonstar_ge_10
SZ001260,20260112,cap_lt_50yi/nonstar_ge_10
SZ001260,20260113,cap_lt_50yi/nonstar_ge_10
SZ001260,20260114,cap_lt_50yi/nonstar_ge_10
SZ001260,20260115,cap_lt_50yi/nonstar_ge_10
SZ001260,20260116,cap_lt_50yi/nonstar_ge_10
SZ001260,20260119,cap_lt_50yi/nonstar_ge_10
SZ001260,20260120,cap_lt_50yi/nonstar_ge_10
SZ001260,20260121,cap_lt_50yi/nonstar_ge_10
SZ001260,20260122,cap_lt_50yi/nonstar_ge_10
SZ001260,20260123,cap_lt_50yi/nonstar_ge_10
SZ001260,20260126,cap_lt_50yi/nonstar_ge_10
SZ001260,20260127,cap_lt_50yi/nonstar_ge_10
SZ001260,20260128,cap_lt_50yi/nonstar_ge_10
SZ001260,20260129,cap_lt_50yi/nonstar_ge_10
SZ001260,20260130,cap_lt_50yi/nonstar_ge_10
SZ001287,20260105,cap_50_500yi/nonstar_ge_10
SZ001287,20260106,cap_50_500yi/nonstar_ge_10
SZ001287,20260107,cap_50_500yi/nonstar_ge_10
SZ001287,20260108,cap_50_500yi/nonstar_ge_10
SZ001287,20260109,cap_50_500yi/nonstar_ge_10
SZ001287,20260112,cap_50_500yi/nonstar_ge_10
SZ001287,20260113,cap_50_500yi/nonstar_ge_10
SZ001287,20260114,cap_50_500yi/nonstar_ge_10
SZ001287,20260115,cap_50_500yi/nonstar_ge_10
SZ001287,20260116,cap_50_500yi/nonstar_ge_10
SZ001287,20260119,cap_50_500yi/nonstar_ge_10
SZ001287,20260120,cap_50_500yi/nonstar_ge_10
SZ001287,20260121,cap_50_500yi/nonstar_ge_10
SZ001287,20260122,cap_50_500yi/nonstar_ge_10
SZ001287,20260123,cap_50_500yi/nonstar_ge_10
SZ001287,20260126,cap_50_500yi/nonstar_ge_10
SZ001287,20260127,cap_50_500yi/nonstar_ge_10
SZ001287,20260128,cap_50_500yi/nonstar_ge_10
SZ001287,20260129,cap_50_500yi/nonstar_ge_10
SZ001287,20260130,cap_50_500yi/nonstar_ge_10
SZ001330,20260105,cap_50_500yi/nonstar_lt_10
SZ001330,20260106,cap_50_500yi/nonstar_lt_10
SZ001330,20260107,cap_50_500yi/nonstar_lt_10
SZ001330,20260108,cap_50_500yi/nonstar_lt_10
SZ001330,20260109,cap_50_500yi/nonstar_lt_10
SZ001330,20260112,cap_50_500yi/nonstar_lt_10
SZ001330,20260113,cap_50_500yi/nonstar_lt_10
SZ001330,20260114,cap_50_500yi/nonstar_lt_10
SZ001330,20260115,cap_50_500yi/nonstar_lt_10
SZ001330,20260116,cap_50_500yi/nonstar_lt_10
SZ001330,20260119,cap_50_500yi/nonstar_lt_10
SZ001330,20260120,cap_50_500yi/nonstar_lt_10
SZ001330,20260121,cap_50_500yi/nonstar_lt_10
SZ001330,20260122,cap_50_500yi/nonstar_lt_10
SZ001330,20260123,cap_50_500yi/nonstar_lt_10
SZ001330,20260126,cap_50_500yi/nonstar_lt_10
SZ001330,20260127,cap_50_500yi/nonstar_lt_10
SZ001330,20260128,cap_50_500yi/nonstar_lt_10
SZ001330,20260129,cap_50_500yi/nonstar_lt_10
SZ001330,20260130,cap_50_500yi/nonstar_lt_10
SZ001391,20260105,cap_ge_500yi/nonstar_lt_10
SZ001391,20260106,cap_ge_500yi/nonstar_lt_10
SZ001391,20260107,cap_ge_500yi/nonstar_lt_10
SZ001391,20260108,cap_ge_500yi/nonstar_lt_10
SZ001391,20260109,cap_ge_500yi/nonstar_lt_10
SZ001391,20260112,cap_ge_500yi/nonstar_lt_10
SZ001391,20260113,cap_ge_500yi/nonstar_lt_10
SZ001391,20260114,cap_ge_500yi/nonstar_lt_10
SZ001391,20260115,cap_ge_500yi/nonstar_lt_10
SZ001391,20260116,cap_ge_500yi/nonstar_lt_10
SZ001391,20260119,cap_ge_500yi/nonstar_lt_10
SZ001391,20260120,cap_ge_500yi/nonstar_lt_10
SZ001391,20260121,cap_ge_500yi/nonstar_lt_10
SZ001391,20260122,cap_ge_500yi/nonstar_lt_10
SZ001391,20260123,cap_ge_500yi/nonstar_lt_10
SZ001391,20260126,cap_ge_500yi/nonstar_lt_10
SZ001391,20260127,cap_ge_500yi/nonstar_lt_10
SZ001391,20260128,cap_ge_500yi/nonstar_lt_10
SZ001391,20260129,cap_ge_500yi/nonstar_lt_10
SZ001391,20260130,cap_ge_500yi/nonstar_lt_10
SZ001979,20260105,cap_ge_500yi/nonstar_lt_10
SZ001979,20260106,cap_ge_500yi/nonstar_lt_10
SZ001979,20260107,cap_ge_500yi/nonstar_lt_10
SZ001979,20260108,cap_ge_500yi/nonstar_lt_10
SZ001979,20260109,cap_ge_500yi/nonstar_lt_10
SZ001979,20260112,cap_ge_500yi/nonstar_lt_10
SZ001979,20260113,cap_ge_500yi/nonstar_lt_10
SZ001979,20260114,cap_ge_500yi/nonstar_lt_10
SZ001979,20260115,cap_ge_500yi/nonstar_lt_10
SZ001979,20260116,cap_ge_500yi/nonstar_lt_10
SZ001979,20260119,cap_ge_500yi/nonstar_lt_10
SZ001979,20260120,cap_ge_500yi/nonstar_lt_10
SZ001979,20260121,cap_ge_500yi/nonstar_lt_10
SZ001979,20260122,cap_ge_500yi/nonstar_lt_10
SZ001979,20260123,cap_ge_500yi/nonstar_lt_10
SZ001979,20260126,cap_ge_500yi/nonstar_lt_10
SZ001979,20260127,cap_ge_500yi/nonstar_lt_10
SZ001979,20260128,cap_ge_500yi/nonstar_lt_10
SZ001979,20260129,cap_ge_500yi/nonstar_ge_10
SZ001979,20260130,cap_ge_500yi/nonstar_ge_10
SZ002027,20260105,cap_ge_500yi/nonstar_lt_10
SZ002027,20260106,cap_ge_500yi/nonstar_lt_10
SZ002027,20260107,cap_ge_500yi/nonstar_lt_10
SZ002027,20260108,cap_ge_500yi/nonstar_lt_10
SZ002027,20260109,cap_ge_500yi/nonstar_lt_10
SZ002027,20260112,cap_ge_500yi/nonstar_lt_10
SZ002027,20260113,cap_ge_500yi/nonstar_lt_10
SZ002027,20260114,cap_ge_500yi/nonstar_lt_10
SZ002027,20260115,cap_ge_500yi/nonstar_lt_10
SZ002027,20260116,cap_ge_500yi/nonstar_lt_10
SZ002027,20260119,cap_ge_500yi/nonstar_lt_10
SZ002027,20260120,cap_ge_500yi/nonstar_lt_10
SZ002027,20260121,cap_ge_500yi/nonstar_lt_10
SZ002027,20260122,cap_ge_500yi/nonstar_lt_10
SZ002027,20260123,cap_ge_500yi/nonstar_lt_10
SZ002027,20260126,cap_ge_500yi/nonstar_lt_10
SZ002027,20260127,cap_ge_500yi/nonstar_lt_10
SZ002027,20260128,cap_ge_500yi/nonstar_lt_10
SZ002027,20260129,cap_ge_500yi/nonstar_lt_10
SZ002027,20260130,cap_ge_500yi/nonstar_lt_10
SZ002028,20260105,cap_ge_500yi/nonstar_ge_10
SZ002028,20260106,cap_ge_500yi/nonstar_ge_10
SZ002028,20260107,cap_ge_500yi/nonstar_ge_10
SZ002028,20260108,cap_ge_500yi/nonstar_ge_10
SZ002028,20260109,cap_ge_500yi/nonstar_ge_10
SZ002028,20260112,cap_ge_500yi/nonstar_ge_10
SZ002028,20260113,cap_ge_500yi/nonstar_ge_10
SZ002028,20260114,cap_ge_500yi/nonstar_ge_10
SZ002028,20260115,cap_ge_500yi/nonstar_ge_10
SZ002028,20260116,cap_ge_500yi/nonstar_ge_10
SZ002028,20260119,cap_ge_500yi/nonstar_ge_10
SZ002028,20260120,cap_ge_500yi/nonstar_ge_10
SZ002028,20260121,cap_ge_500yi/nonstar_ge_10
SZ002028,20260122,cap_ge_500yi/nonstar_ge_10
SZ002028,20260123,cap_ge_500yi/nonstar_ge_10
SZ002028,20260126,cap_ge_500yi/nonstar_ge_10
SZ002028,20260127,cap_ge_500yi/nonstar_ge_10
SZ002028,20260128,cap_ge_500yi/nonstar_ge_10
SZ002028,20260129,cap_ge_500yi/nonstar_ge_10
SZ002028,20260130,cap_ge_500yi/nonstar_ge_10
SZ002064,20260105,cap_ge_500yi/nonstar_ge_10
SZ002064,20260106,cap_ge_500yi/nonstar_ge_10
SZ002064,20260107,cap_ge_500yi/nonstar_ge_10
SZ002064,20260108,cap_ge_500yi/nonstar_ge_10
SZ002064,20260109,cap_ge_500yi/nonstar_ge_10
SZ002064,20260112,cap_ge_500yi/nonstar_ge_10
SZ002064,20260113,cap_ge_500yi/nonstar_ge_10
SZ002064,20260114,cap_ge_500yi/nonstar_ge_10
SZ002064,20260115,cap_ge_500yi/nonstar_ge_10
SZ002064,20260116,cap_ge_500yi/nonstar_ge_10
SZ002064,20260119,cap_ge_500yi/nonstar_ge_10
SZ002064,20260120,cap_ge_500yi/nonstar_ge_10
SZ002064,20260121,cap_ge_500yi/nonstar_ge_10
SZ002064,20260122,cap_ge_500yi/nonstar_ge_10
SZ002064,20260123,cap_ge_500yi/nonstar_ge_10
SZ002064,20260126,cap_ge_500yi/nonstar_ge_10
SZ002064,20260127,cap_ge_500yi/nonstar_ge_10
SZ002064,20260128,cap_ge_500yi/nonstar_ge_10
SZ002064,20260129,cap_ge_500yi/nonstar_ge_10
SZ002064,20260130,cap_ge_500yi/nonstar_ge_10
SZ002091,20260105,cap_50_500yi/nonstar_lt_10
SZ002091,20260106,cap_50_500yi/nonstar_lt_10
SZ002091,20260107,cap_50_500yi/nonstar_lt_10
SZ002091,20260108,cap_50_500yi/nonstar_lt_10
SZ002091,20260109,cap_50_500yi/nonstar_lt_10
SZ002091,20260112,cap_50_500yi/nonstar_lt_10
SZ002091,20260113,cap_50_500yi/nonstar_lt_10
SZ002091,20260114,cap_50_500yi/nonstar_lt_10
SZ002091,20260115,cap_50_500yi/nonstar_lt_10
SZ002091,20260116,cap_50_500yi/nonstar_lt_10
SZ002091,20260119,cap_50_500yi/nonstar_lt_10
SZ002091,20260120,cap_50_500yi/nonstar_lt_10
SZ002091,20260121,cap_50_500yi/nonstar_lt_10
SZ002091,20260122,cap_50_500yi/nonstar_lt_10
SZ002091,20260123,cap_50_500yi/nonstar_lt_10
SZ002091,20260126,cap_50_500yi/nonstar_lt_10
SZ002091,20260127,cap_50_500yi/nonstar_lt_10
SZ002091,20260128,cap_50_500yi/nonstar_lt_10
SZ002091,20260129,cap_50_500yi/nonstar_lt_10
SZ002091,20260130,cap_50_500yi/nonstar_lt_10
SZ002108,20260105,cap_50_500yi/nonstar_lt_10
SZ002108,20260106,cap_50_500yi/nonstar_lt_10
SZ002108,20260107,cap_50_500yi/nonstar_lt_10
SZ002108,20260108,cap_50_500yi/nonstar_lt_10
SZ002108,20260109,cap_50_500yi/nonstar_lt_10
SZ002108,20260112,cap_50_500yi/nonstar_lt_10
SZ002108,20260113,cap_50_500yi/nonstar_lt_10
SZ002108,20260114,cap_50_500yi/nonstar_lt_10
SZ002108,20260115,cap_50_500yi/nonstar_lt_10
SZ002108,20260116,cap_50_500yi/nonstar_lt_10
SZ002108,20260119,cap_50_500yi/nonstar_lt_10
SZ002108,20260120,cap_50_500yi/nonstar_lt_10
SZ002108,20260121,cap_50_500yi/nonstar_lt_10
SZ002108,20260122,cap_50_500yi/nonstar_lt_10
SZ002108,20260123,cap_50_500yi/nonstar_lt_10
SZ002108,20260126,cap_50_500yi/nonstar_lt_10
SZ002108,20260127,cap_50_500yi/nonstar_lt_10
SZ002108,20260128,cap_50_500yi/nonstar_lt_10
SZ002108,20260129,cap_50_500yi/nonstar_lt_10
SZ002108,20260130,cap_50_500yi/nonstar_lt_10
SZ002110,20260105,cap_50_500yi/nonstar_lt_10
SZ002110,20260106,cap_50_500yi/nonstar_lt_10
SZ002110,20260107,cap_50_500yi/nonstar_lt_10
SZ002110,20260108,cap_50_500yi/nonstar_lt_10
SZ002110,20260109,cap_50_500yi/nonstar_lt_10
SZ002110,20260112,cap_50_500yi/nonstar_lt_10
SZ002110,20260113,cap_50_500yi/nonstar_lt_10
SZ002110,20260114,cap_50_500yi/nonstar_lt_10
SZ002110,20260115,cap_50_500yi/nonstar_lt_10
SZ002110,20260116,cap_50_500yi/nonstar_lt_10
SZ002110,20260119,cap_50_500yi/nonstar_lt_10
SZ002110,20260120,cap_50_500yi/nonstar_lt_10
SZ002110,20260121,cap_50_500yi/nonstar_lt_10
SZ002110,20260122,cap_50_500yi/nonstar_lt_10
SZ002110,20260123,cap_50_500yi/nonstar_lt_10
SZ002110,20260126,cap_50_500yi/nonstar_lt_10
SZ002110,20260127,cap_50_500yi/nonstar_lt_10
SZ002110,20260128,cap_50_500yi/nonstar_lt_10
SZ002110,20260129,cap_50_500yi/nonstar_lt_10
SZ002110,20260130,cap_50_500yi/nonstar_lt_10
SZ002155,20260105,cap_50_500yi/nonstar_ge_10
SZ002155,20260106,cap_50_500yi/nonstar_ge_10
SZ002155,20260107,cap_50_500yi/nonstar_ge_10
SZ002155,20260108,cap_50_500yi/nonstar_ge_10
SZ002155,20260109,cap_50_500yi/nonstar_ge_10
SZ002155,20260112,cap_50_500yi/nonstar_ge_10
SZ002155,20260113,cap_50_500yi/nonstar_ge_10
SZ002155,20260114,cap_50_500yi/nonstar_ge_10
SZ002155,20260115,cap_50_500yi/nonstar_ge_10
SZ002155,20260116,cap_50_500yi/nonstar_ge_10
SZ002155,20260119,cap_50_500yi/nonstar_ge_10
SZ002155,20260120,cap_50_500yi/nonstar_ge_10
SZ002155,20260121,cap_50_500yi/nonstar_ge_10
SZ002155,20260122,cap_50_500yi/nonstar_ge_10
SZ002155,20260123,cap_50_500yi/nonstar_ge_10
SZ002155,20260126,cap_50_500yi/nonstar_ge_10
SZ002155,20260127,cap_50_500yi/nonstar_ge_10
SZ002155,20260128,cap_50_500yi/nonstar_ge_10
SZ002155,20260129,cap_50_500yi/nonstar_ge_10
SZ002155,20260130,cap_ge_500yi/nonstar_ge_10
SZ002234,20260105,cap_lt_50yi/nonstar_lt_10
SZ002234,20260106,cap_lt_50yi/nonstar_lt_10
SZ002234,20260107,cap_lt_50yi/nonstar_lt_10
SZ002234,20260108,cap_lt_50yi/nonstar_lt_10
SZ002234,20260109,cap_lt_50yi/nonstar_lt_10
SZ002234,20260112,cap_lt_50yi/nonstar_lt_10
SZ002234,20260113,cap_lt_50yi/nonstar_lt_10
SZ002234,20260114,cap_lt_50yi/nonstar_lt_10
SZ002234,20260115,cap_lt_50yi/nonstar_lt_10
SZ002234,20260116,cap_lt_50yi/nonstar_lt_10
SZ002234,20260119,cap_lt_50yi/nonstar_lt_10
SZ002234,20260120,cap_lt_50yi/nonstar_lt_10
SZ002234,20260121,cap_lt_50yi/nonstar_lt_10
SZ002234,20260122,cap_lt_50yi/nonstar_lt_10
SZ002234,20260123,cap_lt_50yi/nonstar_lt_10
SZ002234,20260126,cap_lt_50yi/nonstar_lt_10
SZ002234,20260127,cap_lt_50yi/nonstar_lt_10
SZ002234,20260128,cap_lt_50yi/nonstar_lt_10
SZ002234,20260129,cap_lt_50yi/nonstar_lt_10
SZ002234,20260130,cap_lt_50yi/nonstar_lt_10
SZ002282,20260105,cap_lt_50yi/nonstar_lt_10
SZ002282,20260106,cap_lt_50yi/nonstar_lt_10
SZ002282,20260107,cap_lt_50yi/nonstar_lt_10
SZ002282,20260108,cap_lt_50yi/nonstar_lt_10
SZ002282,20260109,cap_lt_50yi/nonstar_lt_10
SZ002282,20260112,cap_lt_50yi/nonstar_lt_10
SZ002282,20260113,cap_lt_50yi/nonstar_lt_10
SZ002282,20260114,cap_lt_50yi/nonstar_lt_10
SZ002282,20260115,cap_lt_50yi/nonstar_lt_10
SZ002282,20260116,cap_lt_50yi/nonstar_lt_10
SZ002282,20260119,cap_lt_50yi/nonstar_lt_10
SZ002282,20260120,cap_lt_50yi/nonstar_lt_10
SZ002282,20260121,cap_lt_50yi/nonstar_lt_10
SZ002282,20260122,cap_lt_50yi/nonstar_lt_10
SZ002282,20260123,cap_lt_50yi/nonstar_lt_10
SZ002282,20260126,cap_lt_50yi/nonstar_lt_10
SZ002282,20260127,cap_lt_50yi/nonstar_lt_10
SZ002282,20260128,cap_lt_50yi/nonstar_lt_10
SZ002282,20260129,cap_lt_50yi/nonstar_lt_10
SZ002282,20260130,cap_lt_50yi/nonstar_lt_10
SZ002303,20260105,cap_50_500yi/nonstar_lt_10
SZ002303,20260106,cap_50_500yi/nonstar_lt_10
SZ002303,20260107,cap_50_500yi/nonstar_lt_10
SZ002303,20260108,cap_50_500yi/nonstar_lt_10
SZ002303,20260109,cap_50_500yi/nonstar_lt_10
SZ002303,20260112,cap_50_500yi/nonstar_lt_10
SZ002303,20260113,cap_50_500yi/nonstar_lt_10
SZ002303,20260114,cap_50_500yi/nonstar_lt_10
SZ002303,20260115,cap_50_500yi/nonstar_lt_10
SZ002303,20260116,cap_50_500yi/nonstar_lt_10
SZ002303,20260119,cap_50_500yi/nonstar_lt_10
SZ002303,20260120,cap_50_500yi/nonstar_lt_10
SZ002303,20260121,cap_50_500yi/nonstar_lt_10
SZ002303,20260122,cap_50_500yi/nonstar_lt_10
SZ002303,20260123,cap_50_500yi/nonstar_lt_10
SZ002303,20260126,cap_50_500yi/nonstar_lt_10
SZ002303,20260127,cap_50_500yi/nonstar_lt_10
SZ002303,20260128,cap_50_500yi/nonstar_lt_10
SZ002303,20260129,cap_50_500yi/nonstar_lt_10
SZ002303,20260130,cap_50_500yi/nonstar_lt_10
SZ002338,20260105,cap_50_500yi/nonstar_ge_10
SZ002338,20260106,cap_50_500yi/nonstar_ge_10
SZ002338,20260107,cap_50_500yi/nonstar_ge_10
SZ002338,20260108,cap_50_500yi/nonstar_ge_10
SZ002338,20260109,cap_50_500yi/nonstar_ge_10
SZ002338,20260112,cap_50_500yi/nonstar_ge_10
SZ002338,20260113,cap_50_500yi/nonstar_ge_10
SZ002338,20260114,cap_50_500yi/nonstar_ge_10
SZ002338,20260115,cap_50_500yi/nonstar_ge_10
SZ002338,20260116,cap_50_500yi/nonstar_ge_10
SZ002338,20260119,cap_50_500yi/nonstar_ge_10
SZ002338,20260120,cap_50_500yi/nonstar_ge_10
SZ002338,20260121,cap_50_500yi/nonstar_ge_10
SZ002338,20260122,cap_50_500yi/nonstar_ge_10
SZ002338,20260123,cap_50_500yi/nonstar_ge_10
SZ002338,20260126,cap_50_500yi/nonstar_ge_10
SZ002338,20260127,cap_50_500yi/nonstar_ge_10
SZ002338,20260128,cap_50_500yi/nonstar_ge_10
SZ002338,20260129,cap_50_500yi/nonstar_ge_10
SZ002338,20260130,cap_50_500yi/nonstar_ge_10
SZ002384,20260105,cap_ge_500yi/nonstar_ge_10
SZ002384,20260106,cap_ge_500yi/nonstar_ge_10
SZ002384,20260107,cap_ge_500yi/nonstar_ge_10
SZ002384,20260108,cap_ge_500yi/nonstar_ge_10
SZ002384,20260109,cap_ge_500yi/nonstar_ge_10
SZ002384,20260112,cap_ge_500yi/nonstar_ge_10
SZ002384,20260113,cap_ge_500yi/nonstar_ge_10
SZ002384,20260114,cap_ge_500yi/nonstar_ge_10
SZ002384,20260115,cap_ge_500yi/nonstar_ge_10
SZ002384,20260116,cap_ge_500yi/nonstar_ge_10
SZ002384,20260119,cap_ge_500yi/nonstar_ge_10
SZ002384,20260120,cap_ge_500yi/nonstar_ge_10
SZ002384,20260121,cap_ge_500yi/nonstar_ge_10
SZ002384,20260122,cap_ge_500yi/nonstar_ge_10
SZ002384,20260123,cap_ge_500yi/nonstar_ge_10
SZ002384,20260126,cap_ge_500yi/nonstar_ge_10
SZ002384,20260127,cap_ge_500yi/nonstar_ge_10
SZ002384,20260128,cap_ge_500yi/nonstar_ge_10
SZ002384,20260129,cap_ge_500yi/nonstar_ge_10
SZ002384,20260130,cap_ge_500yi/nonstar_ge_10
SZ002398,20260105,cap_lt_50yi/nonstar_lt_10
SZ002398,20260106,cap_lt_50yi/nonstar_lt_10
SZ002398,20260107,cap_lt_50yi/nonstar_lt_10
SZ002398,20260108,cap_lt_50yi/nonstar_lt_10
SZ002398,20260109,cap_lt_50yi/nonstar_lt_10
SZ002398,20260112,cap_lt_50yi/nonstar_lt_10
SZ002398,20260113,cap_lt_50yi/nonstar_lt_10
SZ002398,20260114,cap_lt_50yi/nonstar_lt_10
SZ002398,20260115,cap_lt_50yi/nonstar_lt_10
SZ002398,20260116,cap_lt_50yi/nonstar_lt_10
SZ002398,20260119,cap_lt_50yi/nonstar_lt_10
SZ002398,20260120,cap_lt_50yi/nonstar_lt_10
SZ002398,20260121,cap_lt_50yi/nonstar_lt_10
SZ002398,20260122,cap_lt_50yi/nonstar_lt_10
SZ002398,20260123,cap_lt_50yi/nonstar_lt_10
SZ002398,20260126,cap_lt_50yi/nonstar_lt_10
SZ002398,20260127,cap_lt_50yi/nonstar_lt_10
SZ002398,20260128,cap_lt_50yi/nonstar_lt_10
SZ002398,20260129,cap_lt_50yi/nonstar_lt_10
SZ002398,20260130,cap_lt_50yi/nonstar_lt_10
SZ002412,20260105,cap_lt_50yi/nonstar_lt_10
SZ002412,20260106,cap_lt_50yi/nonstar_lt_10
SZ002412,20260107,cap_lt_50yi/nonstar_lt_10
SZ002412,20260108,cap_lt_50yi/nonstar_lt_10
SZ002412,20260109,cap_lt_50yi/nonstar_lt_10
SZ002412,20260112,cap_lt_50yi/nonstar_lt_10
SZ002412,20260113,cap_lt_50yi/nonstar_lt_10
SZ002412,20260114,cap_lt_50yi/nonstar_lt_10
SZ002412,20260115,cap_lt_50yi/nonstar_lt_10
SZ002412,20260116,cap_lt_50yi/nonstar_lt_10
SZ002412,20260119,cap_lt_50yi/nonstar_lt_10
SZ002412,20260120,cap_lt_50yi/nonstar_lt_10
SZ002412,20260121,cap_lt_50yi/nonstar_lt_10
SZ002412,20260122,cap_lt_50yi/nonstar_lt_10
SZ002412,20260123,cap_lt_50yi/nonstar_lt_10
SZ002412,20260126,cap_lt_50yi/nonstar_lt_10
SZ002412,20260127,cap_lt_50yi/nonstar_lt_10
SZ002412,20260128,cap_lt_50yi/nonstar_lt_10
SZ002412,20260129,cap_lt_50yi/nonstar_lt_10
SZ002412,20260130,cap_lt_50yi/nonstar_lt_10
SZ002452,20260105,cap_50_500yi/nonstar_lt_10
SZ002452,20260106,cap_50_500yi/nonstar_lt_10
SZ002452,20260107,cap_50_500yi/nonstar_lt_10
SZ002452,20260108,cap_50_500yi/nonstar_lt_10
SZ002452,20260109,cap_50_500yi/nonstar_lt_10
SZ002452,20260112,cap_50_500yi/nonstar_lt_10
SZ002452,20260113,cap_50_500yi/nonstar_lt_10
SZ002452,20260114,cap_50_500yi/nonstar_lt_10
SZ002452,20260115,cap_50_500yi/nonstar_lt_10
SZ002452,20260116,cap_50_500yi/nonstar_lt_10
SZ002452,20260119,cap_50_500yi/nonstar_lt_10
SZ002452,20260120,cap_50_500yi/nonstar_ge_10
SZ002452,20260121,cap_50_500yi/nonstar_ge_10
SZ002452,20260122,cap_50_500yi/nonstar_lt_10
SZ002452,20260123,cap_50_500yi/nonstar_lt_10
SZ002452,20260126,cap_50_500yi/nonstar_ge_10
SZ002452,20260127,cap_50_500yi/nonstar_ge_10
SZ002452,20260128,cap_50_500yi/nonstar_ge_10
SZ002452,20260129,cap_50_500yi/nonstar_ge_10
SZ002452,20260130,cap_50_500yi/nonstar_ge_10
SZ002461,20260105,cap_50_500yi/nonstar_lt_10
SZ002461,20260106,cap_50_500yi/nonstar_lt_10
SZ002461,20260107,cap_50_500yi/nonstar_lt_10
SZ002461,20260108,cap_50_500yi/nonstar_lt_10
SZ002461,20260109,cap_50_500yi/nonstar_lt_10
SZ002461,20260112,cap_50_500yi/nonstar_lt_10
SZ002461,20260113,cap_50_500yi/nonstar_lt_10
SZ002461,20260114,cap_50_500yi/nonstar_lt_10
SZ002461,20260115,cap_50_500yi/nonstar_lt_10
SZ002461,20260116,cap_50_500yi/nonstar_lt_10
SZ002461,20260119,cap_50_500yi/nonstar_lt_10
SZ002461,20260120,cap_50_500yi/nonstar_lt_10
SZ002461,20260121,cap_50_500yi/nonstar_lt_10
SZ002461,20260122,cap_50_500yi/nonstar_lt_10
SZ002461,20260123,cap_50_500yi/nonstar_lt_10
SZ002461,20260126,cap_50_500yi/nonstar_lt_10
SZ002461,20260127,cap_50_500yi/nonstar_lt_10
SZ002461,20260128,cap_50_500yi/nonstar_lt_10
SZ002461,20260129,cap_50_500yi/nonstar_lt_10
SZ002461,20260130,cap_50_500yi/nonstar_lt_10
SZ002544,20260105,cap_50_500yi/nonstar_ge_10
SZ002544,20260106,cap_50_500yi/nonstar_ge_10
SZ002544,20260107,cap_50_500yi/nonstar_ge_10
SZ002544,20260108,cap_50_500yi/nonstar_ge_10
SZ002544,20260109,cap_50_500yi/nonstar_ge_10
SZ002544,20260112,cap_50_500yi/nonstar_ge_10
SZ002544,20260113,cap_50_500yi/nonstar_ge_10
SZ002544,20260114,cap_50_500yi/nonstar_ge_10
SZ002544,20260115,cap_50_500yi/nonstar_ge_10
SZ002544,20260116,cap_50_500yi/nonstar_ge_10
SZ002544,20260119,cap_50_500yi/nonstar_ge_10
SZ002544,20260120,cap_50_500yi/nonstar_ge_10
SZ002544,20260121,cap_50_500yi/nonstar_ge_10
SZ002544,20260122,cap_50_500yi/nonstar_ge_10
SZ002544,20260123,cap_50_500yi/nonstar_ge_10
SZ002544,20260126,cap_50_500yi/nonstar_ge_10
SZ002544,20260127,cap_50_500yi/nonstar_ge_10
SZ002544,20260128,cap_50_500yi/nonstar_ge_10
SZ002544,20260129,cap_50_500yi/nonstar_ge_10
SZ002544,20260130,cap_50_500yi/nonstar_ge_10
SZ002595,20260105,cap_ge_500yi/nonstar_ge_10
SZ002595,20260106,cap_ge_500yi/nonstar_ge_10
SZ002595,20260107,cap_ge_500yi/nonstar_ge_10
SZ002595,20260108,cap_ge_500yi/nonstar_ge_10
SZ002595,20260109,cap_ge_500yi/nonstar_ge_10
SZ002595,20260112,cap_ge_500yi/nonstar_ge_10
SZ002595,20260113,cap_ge_500yi/nonstar_ge_10
SZ002595,20260114,cap_ge_500yi/nonstar_ge_10
SZ002595,20260115,cap_ge_500yi/nonstar_ge_10
SZ002595,20260116,cap_ge_500yi/nonstar_ge_10
SZ002595,20260119,cap_ge_500yi/nonstar_ge_10
SZ002595,20260120,cap_ge_500yi/nonstar_ge_10
SZ002595,20260121,cap_ge_500yi/nonstar_ge_10
SZ002595,20260122,cap_ge_500yi/nonstar_ge_10
SZ002595,20260123,cap_ge_500yi/nonstar_ge_10
SZ002595,20260126,cap_ge_500yi/nonstar_ge_10
SZ002595,20260127,cap_ge_500yi/nonstar_ge_10
SZ002595,20260128,cap_ge_500yi/nonstar_ge_10
SZ002595,20260129,cap_ge_500yi/nonstar_ge_10
SZ002595,20260130,cap_ge_500yi/nonstar_ge_10
SZ002652,20260105,cap_lt_50yi/nonstar_lt_10
SZ002652,20260106,cap_lt_50yi/nonstar_lt_10
SZ002652,20260107,cap_lt_50yi/nonstar_lt_10
SZ002652,20260108,cap_lt_50yi/nonstar_lt_10
SZ002652,20260109,cap_lt_50yi/nonstar_lt_10
SZ002652,20260112,cap_lt_50yi/nonstar_lt_10
SZ002652,20260113,cap_lt_50yi/nonstar_lt_10
SZ002652,20260114,cap_lt_50yi/nonstar_lt_10
SZ002652,20260115,cap_lt_50yi/nonstar_lt_10
SZ002652,20260116,cap_lt_50yi/nonstar_lt_10
SZ002652,20260119,cap_lt_50yi/nonstar_lt_10
SZ002652,20260120,cap_lt_50yi/nonstar_lt_10
SZ002652,20260121,cap_lt_50yi/nonstar_lt_10
SZ002652,20260122,cap_lt_50yi/nonstar_lt_10
SZ002652,20260123,cap_lt_50yi/nonstar_lt_10
SZ002652,20260126,cap_lt_50yi/nonstar_lt_10
SZ002652,20260127,cap_lt_50yi/nonstar_lt_10
SZ002652,20260128,cap_lt_50yi/nonstar_lt_10
SZ002652,20260129,cap_lt_50yi/nonstar_lt_10
SZ002652,20260130,cap_lt_50yi/nonstar_lt_10
SZ002675,20260105,cap_50_500yi/nonstar_ge_10
SZ002675,20260106,cap_50_500yi/nonstar_ge_10
SZ002675,20260107,cap_50_500yi/nonstar_ge_10
SZ002675,20260108,cap_50_500yi/nonstar_ge_10
SZ002675,20260109,cap_50_500yi/nonstar_ge_10
SZ002675,20260112,cap_50_500yi/nonstar_ge_10
SZ002675,20260113,cap_50_500yi/nonstar_ge_10
SZ002675,20260114,cap_50_500yi/nonstar_ge_10
SZ002675,20260115,cap_50_500yi/nonstar_ge_10
SZ002675,20260116,cap_50_500yi/nonstar_ge_10
SZ002675,20260119,cap_50_500yi/nonstar_ge_10
SZ002675,20260120,cap_50_500yi/nonstar_ge_10
SZ002675,20260121,cap_50_500yi/nonstar_ge_10
SZ002675,20260122,cap_50_500yi/nonstar_ge_10
SZ002675,20260123,cap_50_500yi/nonstar_ge_10
SZ002675,20260126,cap_50_500yi/nonstar_ge_10
SZ002675,20260127,cap_50_500yi/nonstar_ge_10
SZ002675,20260128,cap_50_500yi/nonstar_ge_10
SZ002675,20260129,cap_50_500yi/nonstar_ge_10
SZ002675,20260130,cap_50_500yi/nonstar_ge_10
SZ002714,20260105,cap_ge_500yi/nonstar_ge_10
SZ002714,20260106,cap_ge_500yi/nonstar_ge_10
SZ002714,20260107,cap_ge_500yi/nonstar_ge_10
SZ002714,20260108,cap_ge_500yi/nonstar_ge_10
SZ002714,20260109,cap_ge_500yi/nonstar_ge_10
SZ002714,20260112,cap_ge_500yi/nonstar_ge_10
SZ002714,20260113,cap_ge_500yi/nonstar_ge_10
SZ002714,20260114,cap_ge_500yi/nonstar_ge_10
SZ002714,20260115,cap_ge_500yi/nonstar_ge_10
SZ002714,20260116,cap_ge_500yi/nonstar_ge_10
SZ002714,20260119,cap_ge_500yi/nonstar_ge_10
SZ002714,20260120,cap_ge_500yi/nonstar_ge_10
SZ002714,20260121,cap_ge_500yi/nonstar_ge_10
SZ002714,20260122,cap_ge_500yi/nonstar_ge_10
SZ002714,20260123,cap_ge_500yi/nonstar_ge_10
SZ002714,20260126,cap_ge_500yi/nonstar_ge_10
SZ002714,20260127,cap_ge_500yi/nonstar_ge_10
SZ002714,20260128,cap_ge_500yi/nonstar_ge_10
SZ002714,20260129,cap_ge_500yi/nonstar_ge_10
SZ002714,20260130,cap_ge_500yi/nonstar_ge_10
SZ002721,20260105,cap_50_500yi/nonstar_lt_10
SZ002721,20260106,cap_50_500yi/nonstar_lt_10
SZ002721,20260107,cap_50_500yi/nonstar_lt_10
SZ002721,20260108,cap_50_500yi/nonstar_lt_10
SZ002721,20260109,cap_50_500yi/nonstar_lt_10
SZ002721,20260112,cap_50_500yi/nonstar_lt_10
SZ002721,20260113,cap_50_500yi/nonstar_lt_10
SZ002721,20260114,cap_50_500yi/nonstar_lt_10
SZ002721,20260115,cap_50_500yi/nonstar_lt_10
SZ002721,20260116,cap_50_500yi/nonstar_lt_10
SZ002721,20260119,cap_50_500yi/nonstar_lt_10
SZ002721,20260120,cap_50_500yi/nonstar_lt_10
SZ002721,20260121,cap_50_500yi/nonstar_lt_10
SZ002721,20260122,cap_50_500yi/nonstar_lt_10
SZ002721,20260123,cap_50_500yi/nonstar_lt_10
SZ002721,20260126,cap_50_500yi/nonstar_lt_10
SZ002721,20260127,cap_50_500yi/nonstar_lt_10
SZ002721,20260128,cap_50_500yi/nonstar_lt_10
SZ002721,20260129,cap_50_500yi/nonstar_lt_10
SZ002721,20260130,cap_50_500yi/nonstar_lt_10
SZ002780,20260105,cap_lt_50yi/nonstar_ge_10
SZ002780,20260106,cap_lt_50yi/nonstar_ge_10
SZ002780,20260107,cap_lt_50yi/nonstar_ge_10
SZ002780,20260108,cap_lt_50yi/nonstar_ge_10
SZ002780,20260109,cap_lt_50yi/nonstar_ge_10
SZ002780,20260112,cap_lt_50yi/nonstar_ge_10
SZ002780,20260113,cap_lt_50yi/nonstar_ge_10
SZ002780,20260114,cap_lt_50yi/nonstar_ge_10
SZ002780,20260115,cap_lt_50yi/nonstar_ge_10
SZ002780,20260116,cap_lt_50yi/nonstar_ge_10
SZ002780,20260119,cap_lt_50yi/nonstar_ge_10
SZ002780,20260120,cap_lt_50yi/nonstar_ge_10
SZ002780,20260121,cap_lt_50yi/nonstar_ge_10
SZ002780,20260122,cap_lt_50yi/nonstar_ge_10
SZ002780,20260123,cap_lt_50yi/nonstar_ge_10
SZ002780,20260126,cap_lt_50yi/nonstar_ge_10
SZ002780,20260127,cap_lt_50yi/nonstar_ge_10
SZ002780,20260128,cap_lt_50yi/nonstar_ge_10
SZ002780,20260129,cap_lt_50yi/nonstar_ge_10
SZ002780,20260130,cap_lt_50yi/nonstar_ge_10
SZ002786,20260105,cap_lt_50yi/nonstar_lt_10
SZ002786,20260106,cap_lt_50yi/nonstar_lt_10
SZ002786,20260107,cap_lt_50yi/nonstar_lt_10
SZ002786,20260108,cap_lt_50yi/nonstar_lt_10
SZ002786,20260109,cap_lt_50yi/nonstar_lt_10
SZ002786,20260112,cap_lt_50yi/nonstar_lt_10
SZ002786,20260113,cap_lt_50yi/nonstar_lt_10
SZ002786,20260114,cap_lt_50yi/nonstar_lt_10
SZ002786,20260115,cap_lt_50yi/nonstar_lt_10
SZ002786,20260116,cap_lt_50yi/nonstar_lt_10
SZ002786,20260119,cap_lt_50yi/nonstar_lt_10
SZ002786,20260120,cap_lt_50yi/nonstar_lt_10
SZ002786,20260121,cap_lt_50yi/nonstar_lt_10
SZ002786,20260122,cap_lt_50yi/nonstar_lt_10
SZ002786,20260123,cap_lt_50yi/nonstar_lt_10
SZ002786,20260126,cap_lt_50yi/nonstar_lt_10
SZ002786,20260127,cap_lt_50yi/nonstar_lt_10
SZ002786,20260128,cap_lt_50yi/nonstar_lt_10
SZ002786,20260129,cap_lt_50yi/nonstar_lt_10
SZ002786,20260130,cap_lt_50yi/nonstar_lt_10
SZ002835,20260105,cap_lt_50yi/nonstar_ge_10
SZ002835,20260106,cap_lt_50yi/nonstar_ge_10
SZ002835,20260107,cap_lt_50yi/nonstar_ge_10
SZ002835,20260108,cap_lt_50yi/nonstar_ge_10
SZ002835,20260109,cap_lt_50yi/nonstar_ge_10
SZ002835,20260112,cap_lt_50yi/nonstar_ge_10
SZ002835,20260113,cap_lt_50yi/nonstar_ge_10
SZ002835,20260114,cap_lt_50yi/nonstar_ge_10
SZ002835,20260115,cap_lt_50yi/nonstar_ge_10
SZ002835,20260116,cap_lt_50yi/nonstar_ge_10
SZ002835,20260119,cap_lt_50yi/nonstar_ge_10
SZ002835,20260120,cap_lt_50yi/nonstar_ge_10
SZ002835,20260121,cap_lt_50yi/nonstar_ge_10
SZ002835,20260122,cap_lt_50yi/nonstar_ge_10
SZ002835,20260123,cap_lt_50yi/nonstar_ge_10
SZ002835,20260126,cap_lt_50yi/nonstar_ge_10
SZ002835,20260127,cap_lt_50yi/nonstar_ge_10
SZ002835,20260128,cap_lt_50yi/nonstar_ge_10
SZ002835,20260129,cap_lt_50yi/nonstar_ge_10
SZ002835,20260130,cap_lt_50yi/nonstar_ge_10
SZ002839,20260105,cap_50_500yi/nonstar_lt_10
SZ002839,20260106,cap_50_500yi/nonstar_lt_10
SZ002839,20260107,cap_50_500yi/nonstar_lt_10
SZ002839,20260108,cap_50_500yi/nonstar_lt_10
SZ002839,20260109,cap_50_500yi/nonstar_lt_10
SZ002839,20260112,cap_50_500yi/nonstar_lt_10
SZ002839,20260113,cap_50_500yi/nonstar_lt_10
SZ002839,20260114,cap_50_500yi/nonstar_lt_10
SZ002839,20260115,cap_50_500yi/nonstar_lt_10
SZ002839,20260116,cap_50_500yi/nonstar_lt_10
SZ002839,20260119,cap_50_500yi/nonstar_lt_10
SZ002839,20260120,cap_50_500yi/nonstar_lt_10
SZ002839,20260121,cap_50_500yi/nonstar_lt_10
SZ002839,20260122,cap_50_500yi/nonstar_lt_10
SZ002839,20260123,cap_50_500yi/nonstar_lt_10
SZ002839,20260126,cap_50_500yi/nonstar_lt_10
SZ002839,20260127,cap_50_500yi/nonstar_lt_10
SZ002839,20260128,cap_50_500yi/nonstar_lt_10
SZ002839,20260129,cap_50_500yi/nonstar_lt_10
SZ002839,20260130,cap_50_500yi/nonstar_lt_10
SZ002899,20260105,cap_lt_50yi/nonstar_ge_10
SZ002899,20260106,cap_lt_50yi/nonstar_ge_10
SZ002899,20260107,cap_lt_50yi/nonstar_ge_10
SZ002899,20260108,cap_lt_50yi/nonstar_ge_10
SZ002899,20260109,cap_lt_50yi/nonstar_ge_10
SZ002899,20260112,cap_lt_50yi/nonstar_ge_10
SZ002899,20260113,cap_lt_50yi/nonstar_ge_10
SZ002899,20260114,cap_lt_50yi/nonstar_ge_10
SZ002899,20260115,cap_lt_50yi/nonstar_ge_10
SZ002899,20260116,cap_lt_50yi/nonstar_ge_10
SZ002899,20260119,cap_lt_50yi/nonstar_ge_10
SZ002899,20260120,cap_lt_50yi/nonstar_ge_10
SZ002899,20260121,cap_lt_50yi/nonstar_ge_10
SZ002899,20260122,cap_lt_50yi/nonstar_ge_10
SZ002899,20260123,cap_50_500yi/nonstar_ge_10
SZ002899,20260126,cap_50_500yi/nonstar_ge_10
SZ002899,20260127,cap_lt_50yi/nonstar_ge_10
SZ002899,20260128,cap_lt_50yi/nonstar_ge_10
SZ002899,20260129,cap_lt_50yi/nonstar_ge_10
SZ002899,20260130,cap_lt_50yi/nonstar_ge_10
SZ002907,20260105,cap_50_500yi/nonstar_ge_10
SZ002907,20260106,cap_50_500yi/nonstar_ge_10
SZ002907,20260107,cap_50_500yi/nonstar_ge_10
SZ002907,20260108,cap_50_500yi/nonstar_ge_10
SZ002907,20260109,cap_50_500yi/nonstar_ge_10
SZ002907,20260112,cap_50_500yi/nonstar_ge_10
SZ002907,20260113,cap_50_500yi/nonstar_ge_10
SZ002907,20260114,cap_50_500yi/nonstar_ge_10
SZ002907,20260115,cap_50_500yi/nonstar_ge_10
SZ002907,20260116,cap_50_500yi/nonstar_ge_10
SZ002907,20260119,cap_50_500yi/nonstar_ge_10
SZ002907,20260120,cap_50_500yi/nonstar_ge_10
SZ002907,20260121,cap_50_500yi/nonstar_ge_10
SZ002907,20260122,cap_50_500yi/nonstar_ge_10
SZ002907,20260123,cap_50_500yi/nonstar_ge_10
SZ002907,20260126,cap_50_500yi/nonstar_ge_10
SZ002907,20260127,cap_50_500yi/nonstar_ge_10
SZ002907,20260128,cap_50_500yi/nonstar_ge_10
SZ002907,20260129,cap_50_500yi/nonstar_ge_10
SZ002907,20260130,cap_50_500yi/nonstar_ge_10
SZ002955,20260105,cap_50_500yi/nonstar_ge_10
SZ002955,20260106,cap_50_500yi/nonstar_ge_10
SZ002955,20260107,cap_50_500yi/nonstar_ge_10
SZ002955,20260108,cap_50_500yi/nonstar_ge_10
SZ002955,20260109,cap_50_500yi/nonstar_ge_10
SZ002955,20260112,cap_50_500yi/nonstar_ge_10
SZ002955,20260113,cap_50_500yi/nonstar_ge_10
SZ002955,20260114,cap_50_500yi/nonstar_ge_10
SZ002955,20260115,cap_50_500yi/nonstar_ge_10
SZ002955,20260116,cap_50_500yi/nonstar_ge_10
SZ002955,20260119,cap_50_500yi/nonstar_ge_10
SZ002955,20260120,cap_50_500yi/nonstar_ge_10
SZ002955,20260121,cap_50_500yi/nonstar_ge_10
SZ002955,20260122,cap_50_500yi/nonstar_ge_10
SZ002955,20260123,cap_50_500yi/nonstar_ge_10
SZ002955,20260126,cap_50_500yi/nonstar_ge_10
SZ002955,20260127,cap_50_500yi/nonstar_ge_10
SZ002955,20260128,cap_50_500yi/nonstar_ge_10
SZ002955,20260129,cap_50_500yi/nonstar_ge_10
SZ002955,20260130,cap_50_500yi/nonstar_ge_10
SZ003001,20260105,cap_lt_50yi/nonstar_ge_10
SZ003001,20260106,cap_lt_50yi/nonstar_ge_10
SZ003001,20260107,cap_lt_50yi/nonstar_ge_10
SZ003001,20260108,cap_lt_50yi/nonstar_ge_10
SZ003001,20260109,cap_lt_50yi/nonstar_ge_10
SZ003001,20260112,cap_lt_50yi/nonstar_ge_10
SZ003001,20260113,cap_lt_50yi/nonstar_ge_10
SZ003001,20260114,cap_lt_50yi/nonstar_ge_10
SZ003001,20260115,cap_lt_50yi/nonstar_ge_10
SZ003001,20260116,cap_lt_50yi/nonstar_ge_10
SZ003001,20260119,cap_lt_50yi/nonstar_ge_10
SZ003001,20260120,cap_lt_50yi/nonstar_ge_10
SZ003001,20260121,cap_lt_50yi/nonstar_ge_10
SZ003001,20260122,cap_lt_50yi/nonstar_ge_10
SZ003001,20260123,cap_lt_50yi/nonstar_ge_10
SZ003001,20260126,cap_lt_50yi/nonstar_ge_10
SZ003001,20260127,cap_lt_50yi/nonstar_ge_10
SZ003001,20260128,cap_lt_50yi/nonstar_ge_10
SZ003001,20260129,cap_lt_50yi/nonstar_ge_10
SZ003001,20260130,cap_lt_50yi/nonstar_ge_10
SZ003011,20260105,cap_lt_50yi/nonstar_ge_10
SZ003011,20260106,cap_lt_50yi/nonstar_ge_10
SZ003011,20260107,cap_lt_50yi/nonstar_ge_10
SZ003011,20260108,cap_lt_50yi/nonstar_ge_10
SZ003011,20260109,cap_lt_50yi/nonstar_ge_10
SZ003011,20260112,cap_lt_50yi/nonstar_ge_10
SZ003011,20260113,cap_lt_50yi/nonstar_ge_10
SZ003011,20260114,cap_lt_50yi/nonstar_ge_10
SZ003011,20260115,cap_lt_50yi/nonstar_ge_10
SZ003011,20260116,cap_lt_50yi/nonstar_ge_10
SZ003011,20260119,cap_lt_50yi/nonstar_ge_10
SZ003011,20260120,cap_lt_50yi/nonstar_ge_10
SZ003011,20260121,cap_lt_50yi/nonstar_ge_10
SZ003011,20260122,cap_lt_50yi/nonstar_ge_10
SZ003011,20260123,cap_lt_50yi/nonstar_ge_10
SZ003011,20260126,cap_lt_50yi/nonstar_ge_10
SZ003011,20260127,cap_lt_50yi/nonstar_ge_10
SZ003011,20260128,cap_lt_50yi/nonstar_ge_10
SZ003011,20260129,cap_lt_50yi/nonstar_ge_10
SZ003011,20260130,cap_lt_50yi/nonstar_ge_10
SZ003020,20260105,cap_lt_50yi/nonstar_ge_10
SZ003020,20260106,cap_50_500yi/nonstar_ge_10
SZ003020,20260107,cap_50_500yi/nonstar_ge_10
SZ003020,20260108,cap_50_500yi/nonstar_ge_10
SZ003020,20260109,cap_50_500yi/nonstar_ge_10
SZ003020,20260112,cap_50_500yi/nonstar_ge_10
SZ003020,20260113,cap_50_500yi/nonstar_ge_10
SZ003020,20260114,cap_50_500yi/nonstar_ge_10
SZ003020,20260115,cap_50_500yi/nonstar_ge_10
SZ003020,20260116,cap_50_500yi/nonstar_ge_10
SZ003020,20260119,cap_50_500yi/nonstar_ge_10
SZ003020,20260120,cap_50_500yi/nonstar_ge_10
SZ003020,20260121,cap_50_500yi/nonstar_ge_10
SZ003020,20260122,cap_50_500yi/nonstar_ge_10
SZ003020,20260123,cap_50_500yi/nonstar_ge_10
SZ003020,20260126,cap_50_500yi/nonstar_ge_10
SZ003020,20260127,cap_50_500yi/nonstar_ge_10
SZ003020,20260128,cap_50_500yi/nonstar_ge_10
SZ003020,20260129,cap_50_500yi/nonstar_ge_10
SZ003020,20260130,cap_50_500yi/nonstar_ge_10
SZ003816,20260105,cap_ge_500yi/nonstar_lt_10
SZ003816,20260106,cap_ge_500yi/nonstar_lt_10
SZ003816,20260107,cap_ge_500yi/nonstar_lt_10
SZ003816,20260108,cap_ge_500yi/nonstar_lt_10
SZ003816,20260109,cap_ge_500yi/nonstar_lt_10
SZ003816,20260112,cap_ge_500yi/nonstar_lt_10
SZ003816,20260113,cap_ge_500yi/nonstar_lt_10
SZ003816,20260114,cap_ge_500yi/nonstar_lt_10
SZ003816,20260115,cap_ge_500yi/nonstar_lt_10
SZ003816,20260116,cap_ge_500yi/nonstar_lt_10
SZ003816,20260119,cap_ge_500yi/nonstar_lt_10
SZ003816,20260120,cap_ge_500yi/nonstar_lt_10
SZ003816,20260121,cap_ge_500yi/nonstar_lt_10
SZ003816,20260122,cap_ge_500yi/nonstar_lt_10
SZ003816,20260123,cap_ge_500yi/nonstar_lt_10
SZ003816,20260126,cap_ge_500yi/nonstar_lt_10
SZ003816,20260127,cap_ge_500yi/nonstar_lt_10
SZ003816,20260128,cap_ge_500yi/nonstar_lt_10
SZ003816,20260129,cap_ge_500yi/nonstar_lt_10
SZ003816,20260130,cap_ge_500yi/nonstar_lt_10
SZ300036,20260105,cap_50_500yi/nonstar_ge_10
SZ300036,20260106,cap_50_500yi/nonstar_ge_10
SZ300036,20260107,cap_50_500yi/nonstar_ge_10
SZ300036,20260108,cap_50_500yi/nonstar_ge_10
SZ300036,20260109,cap_50_500yi/nonstar_ge_10
SZ300036,20260112,cap_50_500yi/nonstar_ge_10
SZ300036,20260113,cap_50_500yi/nonstar_ge_10
SZ300036,20260114,cap_50_500yi/nonstar_ge_10
SZ300036,20260115,cap_50_500yi/nonstar_ge_10
SZ300036,20260116,cap_50_500yi/nonstar_ge_10
SZ300036,20260119,cap_50_500yi/nonstar_ge_10
SZ300036,20260120,cap_50_500yi/nonstar_ge_10
SZ300036,20260121,cap_50_500yi/nonstar_ge_10
SZ300036,20260122,cap_50_500yi/nonstar_ge_10
SZ300036,20260123,cap_50_500yi/nonstar_ge_10
SZ300036,20260126,cap_50_500yi/nonstar_ge_10
SZ300036,20260127,cap_50_500yi/nonstar_ge_10
SZ300036,20260128,cap_50_500yi/nonstar_ge_10
SZ300036,20260129,cap_50_500yi/nonstar_ge_10
SZ300036,20260130,cap_50_500yi/nonstar_ge_10
SZ300054,20260105,cap_50_500yi/nonstar_ge_10
SZ300054,20260106,cap_50_500yi/nonstar_ge_10
SZ300054,20260107,cap_50_500yi/nonstar_ge_10
SZ300054,20260108,cap_50_500yi/nonstar_ge_10
SZ300054,20260109,cap_50_500yi/nonstar_ge_10
SZ300054,20260112,cap_50_500yi/nonstar_ge_10
SZ300054,20260113,cap_50_500yi/nonstar_ge_10
SZ300054,20260114,cap_50_500yi/nonstar_ge_10
SZ300054,20260115,cap_50_500yi/nonstar_ge_10
SZ300054,20260116,cap_50_500yi/nonstar_ge_10
SZ300054,20260119,cap_50_500yi/nonstar_ge_10
SZ300054,20260120,cap_50_500yi/nonstar_ge_10
SZ300054,20260121,cap_50_500yi/nonstar_ge_10
SZ300054,20260122,cap_50_500yi/nonstar_ge_10
SZ300054,20260123,cap_50_500yi/nonstar_ge_10
SZ300054,20260126,cap_50_500yi/nonstar_ge_10
SZ300054,20260127,cap_50_500yi/nonstar_ge_10
SZ300054,20260128,cap_50_500yi/nonstar_ge_10
SZ300054,20260129,cap_50_500yi/nonstar_ge_10
SZ300054,20260130,cap_50_500yi/nonstar_ge_10
SZ300066,20260105,cap_50_500yi/nonstar_lt_10
SZ300066,20260106,cap_50_500yi/nonstar_lt_10
SZ300066,20260107,cap_50_500yi/nonstar_lt_10
SZ300066,20260108,cap_50_500yi/nonstar_lt_10
SZ300066,20260109,cap_50_500yi/nonstar_lt_10
SZ300066,20260112,cap_50_500yi/nonstar_lt_10
SZ300066,20260113,cap_50_500yi/nonstar_lt_10
SZ300066,20260114,cap_50_500yi/nonstar_lt_10
SZ300066,20260115,cap_50_500yi/nonstar_lt_10
SZ300066,20260116,cap_50_500yi/nonstar_lt_10
SZ300066,20260119,cap_50_500yi/nonstar_lt_10
SZ300066,20260120,cap_50_500yi/nonstar_lt_10
SZ300066,20260121,cap_50_500yi/nonstar_lt_10
SZ300066,20260122,cap_50_500yi/nonstar_lt_10
SZ300066,20260123,cap_50_500yi/nonstar_lt_10
SZ300066,20260126,cap_50_500yi/nonstar_lt_10
SZ300066,20260127,cap_50_500yi/nonstar_lt_10
SZ300066,20260128,cap_50_500yi/nonstar_lt_10
SZ300066,20260129,cap_50_500yi/nonstar_lt_10
SZ300066,20260130,cap_50_500yi/nonstar_lt_10
SZ300073,20260105,cap_50_500yi/nonstar_ge_10
SZ300073,20260106,cap_50_500yi/nonstar_ge_10
SZ300073,20260107,cap_50_500yi/nonstar_ge_10
SZ300073,20260108,cap_50_500yi/nonstar_ge_10
SZ300073,20260109,cap_50_500yi/nonstar_ge_10
SZ300073,20260112,cap_50_500yi/nonstar_ge_10
SZ300073,20260113,cap_50_500yi/nonstar_ge_10
SZ300073,20260114,cap_50_500yi/nonstar_ge_10
SZ300073,20260115,cap_50_500yi/nonstar_ge_10
SZ300073,20260116,cap_50_500yi/nonstar_ge_10
SZ300073,20260119,cap_50_500yi/nonstar_ge_10
SZ300073,20260120,cap_50_500yi/nonstar_ge_10
SZ300073,20260121,cap_50_500yi/nonstar_ge_10
SZ300073,20260122,cap_50_500yi/nonstar_ge_10
SZ300073,20260123,cap_50_500yi/nonstar_ge_10
SZ300073,20260126,cap_50_500yi/nonstar_ge_10
SZ300073,20260127,cap_50_500yi/nonstar_ge_10
SZ300073,20260128,cap_50_500yi/nonstar_ge_10
SZ300073,20260129,cap_50_500yi/nonstar_ge_10
SZ300073,20260130,cap_50_500yi/nonstar_ge_10
SZ300132,20260105,cap_lt_50yi/nonstar_lt_10
SZ300132,20260106,cap_lt_50yi/nonstar_lt_10
SZ300132,20260107,cap_lt_50yi/nonstar_lt_10
SZ300132,20260108,cap_lt_50yi/nonstar_lt_10
SZ300132,20260109,cap_lt_50yi/nonstar_lt_10
SZ300132,20260112,cap_lt_50yi/nonstar_lt_10
SZ300132,20260113,cap_lt_50yi/nonstar_lt_10
SZ300132,20260114,cap_lt_50yi/nonstar_lt_10
SZ300132,20260115,cap_lt_50yi/nonstar_lt_10
SZ300132,20260116,cap_lt_50yi/nonstar_lt_10
SZ300132,20260119,cap_lt_50yi/nonstar_lt_10
SZ300132,20260120,cap_lt_50yi/nonstar_lt_10
SZ300132,20260121,cap_lt_50yi/nonstar_lt_10
SZ300132,20260122,cap_lt_50yi/nonstar_lt_10
SZ300132,20260123,cap_lt_50yi/nonstar_lt_10
SZ300132,20260126,cap_lt_50yi/nonstar_lt_10
SZ300132,20260127,cap_lt_50yi/nonstar_lt_10
SZ300132,20260128,cap_lt_50yi/nonstar_lt_10
SZ300132,20260129,cap_lt_50yi/nonstar_lt_10
SZ300132,20260130,cap_lt_50yi/nonstar_lt_10
SZ300138,20260105,cap_50_500yi/nonstar_ge_10
SZ300138,20260106,cap_50_500yi/nonstar_ge_10
SZ300138,20260107,cap_50_500yi/nonstar_ge_10
SZ300138,20260108,cap_50_500yi/nonstar_ge_10
SZ300138,20260109,cap_50_500yi/nonstar_ge_10
SZ300138,20260112,cap_50_500yi/nonstar_ge_10
SZ300138,20260113,cap_50_500yi/nonstar_ge_10
SZ300138,20260114,cap_50_500yi/nonstar_ge_10
SZ300138,20260115,cap_50_500yi/nonstar_ge_10
SZ300138,20260116,cap_50_500yi/nonstar_ge_10
SZ300138,20260119,cap_50_500yi/nonstar_ge_10
SZ300138,20260120,cap_50_500yi/nonstar_ge_10
SZ300138,20260121,cap_50_500yi/nonstar_ge_10
SZ300138,20260122,cap_50_500yi/nonstar_ge_10
SZ300138,20260123,cap_50_500yi/nonstar_ge_10
SZ300138,20260126,cap_50_500yi/nonstar_ge_10
SZ300138,20260127,cap_50_500yi/nonstar_ge_10
SZ300138,20260128,cap_50_500yi/nonstar_ge_10
SZ300138,20260129,cap_50_500yi/nonstar_ge_10
SZ300138,20260130,cap_50_500yi/nonstar_ge_10
SZ300155,20260105,cap_lt_50yi/nonstar_lt_10
SZ300155,20260106,cap_lt_50yi/nonstar_lt_10
SZ300155,20260107,cap_lt_50yi/nonstar_lt_10
SZ300155,20260108,cap_lt_50yi/nonstar_lt_10
SZ300155,20260109,cap_lt_50yi/nonstar_lt_10
SZ300155,20260112,cap_lt_50yi/nonstar_lt_10
SZ300155,20260113,cap_lt_50yi/nonstar_lt_10
SZ300155,20260114,cap_lt_50yi/nonstar_lt_10
SZ300155,20260115,cap_lt_50yi/nonstar_lt_10
SZ300155,20260116,cap_lt_50yi/nonstar_lt_10
SZ300155,20260119,cap_lt_50yi/nonstar_lt_10
SZ300155,20260120,cap_lt_50yi/nonstar_lt_10
SZ300155,20260121,cap_lt_50yi/nonstar_lt_10
SZ300155,20260122,cap_lt_50yi/nonstar_lt_10
SZ300155,20260123,cap_lt_50yi/nonstar_lt_10
SZ300155,20260126,cap_lt_50yi/nonstar_lt_10
SZ300155,20260127,cap_lt_50yi/nonstar_lt_10
SZ300155,20260128,cap_lt_50yi/nonstar_lt_10
SZ300155,20260129,cap_lt_50yi/nonstar_lt_10
SZ300155,20260130,cap_lt_50yi/nonstar_lt_10
SZ300163,20260105,cap_lt_50yi/nonstar_lt_10
SZ300163,20260106,cap_lt_50yi/nonstar_lt_10
SZ300163,20260107,cap_lt_50yi/nonstar_lt_10
SZ300163,20260108,cap_lt_50yi/nonstar_lt_10
SZ300163,20260109,cap_lt_50yi/nonstar_lt_10
SZ300163,20260112,cap_lt_50yi/nonstar_lt_10
SZ300163,20260113,cap_lt_50yi/nonstar_lt_10
SZ300163,20260114,cap_lt_50yi/nonstar_lt_10
SZ300163,20260115,cap_lt_50yi/nonstar_lt_10
SZ300163,20260116,cap_lt_50yi/nonstar_lt_10
SZ300163,20260119,cap_lt_50yi/nonstar_lt_10
SZ300163,20260120,cap_lt_50yi/nonstar_lt_10
SZ300163,20260121,cap_lt_50yi/nonstar_lt_10
SZ300163,20260122,cap_lt_50yi/nonstar_lt_10
SZ300163,20260123,cap_lt_50yi/nonstar_lt_10
SZ300163,20260126,cap_lt_50yi/nonstar_lt_10
SZ300163,20260127,cap_lt_50yi/nonstar_lt_10
SZ300163,20260128,cap_lt_50yi/nonstar_lt_10
SZ300163,20260129,cap_lt_50yi/nonstar_lt_10
SZ300163,20260130,cap_lt_50yi/nonstar_lt_10
SZ300224,20260105,cap_50_500yi/nonstar_ge_10
SZ300224,20260106,cap_50_500yi/nonstar_ge_10
SZ300224,20260107,cap_50_500yi/nonstar_ge_10
SZ300224,20260108,cap_50_500yi/nonstar_ge_10
SZ300224,20260109,cap_50_500yi/nonstar_ge_10
SZ300224,20260112,cap_50_500yi/nonstar_ge_10
SZ300224,20260113,cap_50_500yi/nonstar_ge_10
SZ300224,20260114,cap_50_500yi/nonstar_ge_10
SZ300224,20260115,cap_50_500yi/nonstar_ge_10
SZ300224,20260116,cap_50_500yi/nonstar_ge_10
SZ300224,20260119,cap_50_500yi/nonstar_ge_10
SZ300224,20260120,cap_50_500yi/nonstar_ge_10
SZ300224,20260121,cap_50_500yi/nonstar_ge_10
SZ300224,20260122,cap_50_500yi/nonstar_ge_10
SZ300224,20260123,cap_50_500yi/nonstar_ge_10
SZ300224,20260126,cap_50_500yi/nonstar_ge_10
SZ300224,20260127,cap_50_500yi/nonstar_ge_10
SZ300224,20260128,cap_50_500yi/nonstar_ge_10
SZ300224,20260129,cap_50_500yi/nonstar_ge_10
SZ300224,20260130,cap_50_500yi/nonstar_ge_10
SZ300233,20260105,cap_50_500yi/nonstar_ge_10
SZ300233,20260106,cap_50_500yi/nonstar_ge_10
SZ300233,20260107,cap_50_500yi/nonstar_ge_10
SZ300233,20260108,cap_50_500yi/nonstar_ge_10
SZ300233,20260109,cap_50_500yi/nonstar_ge_10
SZ300233,20260112,cap_50_500yi/nonstar_ge_10
SZ300233,20260113,cap_50_500yi/nonstar_ge_10
SZ300233,20260114,cap_50_500yi/nonstar_ge_10
SZ300233,20260115,cap_50_500yi/nonstar_ge_10
SZ300233,20260116,cap_50_500yi/nonstar_ge_10
SZ300233,20260119,cap_50_500yi/nonstar_ge_10
SZ300233,20260120,cap_50_500yi/nonstar_ge_10
SZ300233,20260121,cap_50_500yi/nonstar_ge_10
SZ300233,20260122,cap_50_500yi/nonstar_ge_10
SZ300233,20260123,cap_50_500yi/nonstar_ge_10
SZ300233,20260126,cap_50_500yi/nonstar_ge_10
SZ300233,20260127,cap_50_500yi/nonstar_ge_10
SZ300233,20260128,cap_50_500yi/nonstar_ge_10
SZ300233,20260129,cap_50_500yi/nonstar_ge_10
SZ300233,20260130,cap_50_500yi/nonstar_ge_10
SZ300247,20260105,cap_lt_50yi/nonstar_lt_10
SZ300247,20260106,cap_lt_50yi/nonstar_lt_10
SZ300247,20260107,cap_lt_50yi/nonstar_lt_10
SZ300247,20260108,cap_lt_50yi/nonstar_lt_10
SZ300247,20260109,cap_lt_50yi/nonstar_lt_10
SZ300247,20260112,cap_lt_50yi/nonstar_lt_10
SZ300247,20260113,cap_lt_50yi/nonstar_lt_10
SZ300247,20260114,cap_lt_50yi/nonstar_lt_10
SZ300247,20260115,cap_lt_50yi/nonstar_lt_10
SZ300247,20260116,cap_lt_50yi/nonstar_lt_10
SZ300247,20260119,cap_lt_50yi/nonstar_lt_10
SZ300247,20260120,cap_lt_50yi/nonstar_lt_10
SZ300247,20260121,cap_lt_50yi/nonstar_lt_10
SZ300247,20260122,cap_lt_50yi/nonstar_lt_10
SZ300247,20260123,cap_lt_50yi/nonstar_lt_10
SZ300247,20260126,cap_lt_50yi/nonstar_lt_10
SZ300247,20260127,cap_lt_50yi/nonstar_lt_10
SZ300247,20260128,cap_lt_50yi/nonstar_lt_10
SZ300247,20260129,cap_lt_50yi/nonstar_lt_10
SZ300247,20260130,cap_lt_50yi/nonstar_lt_10
SZ300255,20260105,cap_ge_500yi/nonstar_ge_10
SZ300255,20260106,cap_ge_500yi/nonstar_ge_10
SZ300255,20260107,cap_ge_500yi/nonstar_ge_10
SZ300255,20260108,cap_ge_500yi/nonstar_ge_10
SZ300255,20260109,cap_ge_500yi/nonstar_ge_10
SZ300255,20260112,cap_ge_500yi/nonstar_ge_10
SZ300255,20260113,cap_ge_500yi/nonstar_ge_10
SZ300255,20260114,cap_ge_500yi/nonstar_ge_10
SZ300255,20260115,cap_ge_500yi/nonstar_ge_10
SZ300255,20260116,cap_ge_500yi/nonstar_ge_10
SZ300255,20260119,cap_ge_500yi/nonstar_ge_10
SZ300255,20260120,cap_ge_500yi/nonstar_ge_10
SZ300255,20260121,cap_ge_500yi/nonstar_ge_10
SZ300255,20260122,cap_ge_500yi/nonstar_ge_10
SZ300255,20260123,cap_ge_500yi/nonstar_ge_10
SZ300255,20260126,cap_ge_500yi/nonstar_ge_10
SZ300255,20260127,cap_ge_500yi/nonstar_ge_10
SZ300255,20260128,cap_ge_500yi/nonstar_ge_10
SZ300255,20260129,cap_ge_500yi/nonstar_ge_10
SZ300255,20260130,cap_50_500yi/nonstar_ge_10
SZ300264,20260105,cap_lt_50yi/nonstar_lt_10
SZ300264,20260106,cap_lt_50yi/nonstar_lt_10
SZ300264,20260107,cap_lt_50yi/nonstar_lt_10
SZ300264,20260108,cap_lt_50yi/nonstar_lt_10
SZ300264,20260109,cap_lt_50yi/nonstar_lt_10
SZ300264,20260112,cap_lt_50yi/nonstar_lt_10
SZ300264,20260113,cap_lt_50yi/nonstar_lt_10
SZ300264,20260114,cap_lt_50yi/nonstar_lt_10
SZ300264,20260115,cap_lt_50yi/nonstar_lt_10
SZ300264,20260116,cap_lt_50yi/nonstar_lt_10
SZ300264,20260119,cap_lt_50yi/nonstar_lt_10
SZ300264,20260120,cap_lt_50yi/nonstar_lt_10
SZ300264,20260121,cap_lt_50yi/nonstar_lt_10
SZ300264,20260122,cap_lt_50yi/nonstar_lt_10
SZ300264,20260123,cap_lt_50yi/nonstar_lt_10
SZ300264,20260126,cap_lt_50yi/nonstar_lt_10
SZ300264,20260127,cap_lt_50yi/nonstar_lt_10
SZ300264,20260128,cap_lt_50yi/nonstar_lt_10
SZ300264,20260129,cap_lt_50yi/nonstar_lt_10
SZ300264,20260130,cap_lt_50yi/nonstar_lt_10
SZ300324,20260105,cap_50_500yi/nonstar_lt_10
SZ300324,20260106,cap_50_500yi/nonstar_lt_10
SZ300324,20260107,cap_50_500yi/nonstar_lt_10
SZ300324,20260108,cap_50_500yi/nonstar_lt_10
SZ300324,20260109,cap_50_500yi/nonstar_lt_10
SZ300324,20260112,cap_50_500yi/nonstar_lt_10
SZ300324,20260113,cap_50_500yi/nonstar_lt_10
SZ300324,20260114,cap_50_500yi/nonstar_lt_10
SZ300324,20260115,cap_50_500yi/nonstar_lt_10
SZ300324,20260116,cap_50_500yi/nonstar_lt_10
SZ300324,20260119,cap_50_500yi/nonstar_lt_10
SZ300324,20260120,cap_50_500yi/nonstar_lt_10
SZ300324,20260121,cap_50_500yi/nonstar_lt_10
SZ300324,20260122,cap_50_500yi/nonstar_lt_10
SZ300324,20260123,cap_50_500yi/nonstar_lt_10
SZ300324,20260126,cap_50_500yi/nonstar_lt_10
SZ300324,20260127,cap_50_500yi/nonstar_lt_10
SZ300324,20260128,cap_50_500yi/nonstar_lt_10
SZ300324,20260129,cap_50_500yi/nonstar_lt_10
SZ300324,20260130,cap_50_500yi/nonstar_lt_10
SZ300408,20260105,cap_ge_500yi/nonstar_ge_10
SZ300408,20260106,cap_ge_500yi/nonstar_ge_10
SZ300408,20260107,cap_ge_500yi/nonstar_ge_10
SZ300408,20260108,cap_ge_500yi/nonstar_ge_10
SZ300408,20260109,cap_ge_500yi/nonstar_ge_10
SZ300408,20260112,cap_ge_500yi/nonstar_ge_10
SZ300408,20260113,cap_ge_500yi/nonstar_ge_10
SZ300408,20260114,cap_ge_500yi/nonstar_ge_10
SZ300408,20260115,cap_ge_500yi/nonstar_ge_10
SZ300408,20260116,cap_ge_500yi/nonstar_ge_10
SZ300408,20260119,cap_ge_500yi/nonstar_ge_10
SZ300408,20260120,cap_ge_500yi/nonstar_ge_10
SZ300408,20260121,cap_ge_500yi/nonstar_ge_10
SZ300408,20260122,cap_ge_500yi/nonstar_ge_10
SZ300408,20260123,cap_ge_500yi/nonstar_ge_10
SZ300408,20260126,cap_ge_500yi/nonstar_ge_10
SZ300408,20260127,cap_ge_500yi/nonstar_ge_10
SZ300408,20260128,cap_ge_500yi/nonstar_ge_10
SZ300408,20260129,cap_ge_500yi/nonstar_ge_10
SZ300408,20260130,cap_ge_500yi/nonstar_ge_10
SZ300430,20260105,cap_50_500yi/nonstar_ge_10
SZ300430,20260106,cap_50_500yi/nonstar_ge_10
SZ300430,20260107,cap_50_500yi/nonstar_ge_10
SZ300430,20260108,cap_50_500yi/nonstar_ge_10
SZ300430,20260109,cap_50_500yi/nonstar_ge_10
SZ300430,20260112,cap_50_500yi/nonstar_ge_10
SZ300430,20260113,cap_50_500yi/nonstar_ge_10
SZ300430,20260114,cap_50_500yi/nonstar_ge_10
SZ300430,20260115,cap_50_500yi/nonstar_ge_10
SZ300430,20260116,cap_50_500yi/nonstar_ge_10
SZ300430,20260119,cap_50_500yi/nonstar_ge_10
SZ300430,20260120,cap_50_500yi/nonstar_ge_10
SZ300430,20260121,cap_50_500yi/nonstar_ge_10
SZ300430,20260122,cap_50_500yi/nonstar_ge_10
SZ300430,20260123,cap_50_500yi/nonstar_ge_10
SZ300430,20260126,cap_50_500yi/nonstar_ge_10
SZ300430,20260127,cap_50_500yi/nonstar_ge_10
SZ300430,20260128,cap_50_500yi/nonstar_ge_10
SZ300430,20260129,cap_50_500yi/nonstar_ge_10
SZ300430,20260130,cap_50_500yi/nonstar_ge_10
SZ300512,20260105,cap_lt_50yi/nonstar_lt_10
SZ300512,20260106,cap_lt_50yi/nonstar_lt_10
SZ300512,20260107,cap_lt_50yi/nonstar_lt_10
SZ300512,20260108,cap_lt_50yi/nonstar_lt_10
SZ300512,20260109,cap_lt_50yi/nonstar_lt_10
SZ300512,20260112,cap_lt_50yi/nonstar_lt_10
SZ300512,20260113,cap_lt_50yi/nonstar_lt_10
SZ300512,20260114,cap_lt_50yi/nonstar_lt_10
SZ300512,20260115,cap_lt_50yi/nonstar_lt_10
SZ300512,20260116,cap_lt_50yi/nonstar_lt_10
SZ300512,20260119,cap_lt_50yi/nonstar_lt_10
SZ300512,20260120,cap_lt_50yi/nonstar_lt_10
SZ300512,20260121,cap_lt_50yi/nonstar_lt_10
SZ300512,20260122,cap_lt_50yi/nonstar_lt_10
SZ300512,20260123,cap_lt_50yi/nonstar_lt_10
SZ300512,20260126,cap_lt_50yi/nonstar_ge_10
SZ300512,20260127,cap_lt_50yi/nonstar_lt_10
SZ300512,20260128,cap_lt_50yi/nonstar_ge_10
SZ300512,20260129,cap_lt_50yi/nonstar_ge_10
SZ300512,20260130,cap_lt_50yi/nonstar_ge_10
SZ300633,20260105,cap_50_500yi/nonstar_ge_10
SZ300633,20260106,cap_50_500yi/nonstar_ge_10
SZ300633,20260107,cap_50_500yi/nonstar_ge_10
SZ300633,20260108,cap_50_500yi/nonstar_ge_10
SZ300633,20260109,cap_50_500yi/nonstar_ge_10
SZ300633,20260112,cap_50_500yi/nonstar_ge_10
SZ300633,20260113,cap_50_500yi/nonstar_ge_10
SZ300633,20260114,cap_50_500yi/nonstar_ge_10
SZ300633,20260115,cap_50_500yi/nonstar_ge_10
SZ300633,20260116,cap_50_500yi/nonstar_ge_10
SZ300633,20260119,cap_50_500yi/nonstar_ge_10
SZ300633,20260120,cap_50_500yi/nonstar_ge_10
SZ300633,20260121,cap_50_500yi/nonstar_ge_10
SZ300633,20260122,cap_50_500yi/nonstar_ge_10
SZ300633,20260123,cap_50_500yi/nonstar_ge_10
SZ300633,20260126,cap_50_500yi/nonstar_ge_10
SZ300633,20260127,cap_50_500yi/nonstar_ge_10
SZ300633,20260128,cap_50_500yi/nonstar_ge_10
SZ300633,20260129,cap_50_500yi/nonstar_ge_10
SZ300633,20260130,cap_50_500yi/nonstar_ge_10
SZ300651,20260105,cap_lt_50yi/nonstar_ge_10
SZ300651,20260106,cap_lt_50yi/nonstar_ge_10
SZ300651,20260107,cap_lt_50yi/nonstar_ge_10
SZ300651,20260108,cap_lt_50yi/nonstar_ge_10
SZ300651,20260109,cap_lt_50yi/nonstar_ge_10
SZ300651,20260112,cap_lt_50yi/nonstar_ge_10
SZ300651,20260113,cap_lt_50yi/nonstar_ge_10
SZ300651,20260114,cap_lt_50yi/nonstar_ge_10
SZ300651,20260115,cap_lt_50yi/nonstar_ge_10
SZ300651,20260116,cap_lt_50yi/nonstar_ge_10
SZ300651,20260119,cap_lt_50yi/nonstar_ge_10
SZ300651,20260120,cap_lt_50yi/nonstar_ge_10
SZ300651,20260121,cap_lt_50yi/nonstar_ge_10
SZ300651,20260122,cap_lt_50yi/nonstar_ge_10
SZ300651,20260123,cap_lt_50yi/nonstar_ge_10
SZ300651,20260126,cap_lt_50yi/nonstar_ge_10
SZ300651,20260127,cap_lt_50yi/nonstar_ge_10
SZ300651,20260128,cap_lt_50yi/nonstar_ge_10
SZ300651,20260129,cap_lt_50yi/nonstar_ge_10
SZ300651,20260130,cap_lt_50yi/nonstar_ge_10
SZ300684,20260105,cap_50_500yi/nonstar_ge_10
SZ300684,20260106,cap_50_500yi/nonstar_ge_10
SZ300684,20260107,cap_50_500yi/nonstar_ge_10
SZ300684,20260108,cap_50_500yi/nonstar_ge_10
SZ300684,20260109,cap_50_500yi/nonstar_ge_10
SZ300684,20260112,cap_50_500yi/nonstar_ge_10
SZ300684,20260113,cap_50_500yi/nonstar_ge_10
SZ300684,20260114,cap_50_500yi/nonstar_ge_10
SZ300684,20260115,cap_50_500yi/nonstar_ge_10
SZ300684,20260116,cap_50_500yi/nonstar_ge_10
SZ300684,20260119,cap_50_500yi/nonstar_ge_10
SZ300684,20260120,cap_50_500yi/nonstar_ge_10
SZ300684,20260121,cap_50_500yi/nonstar_ge_10
SZ300684,20260122,cap_50_500yi/nonstar_ge_10
SZ300684,20260123,cap_50_500yi/nonstar_ge_10
SZ300684,20260126,cap_50_500yi/nonstar_ge_10
SZ300684,20260127,cap_50_500yi/nonstar_ge_10
SZ300684,20260128,cap_50_500yi/nonstar_ge_10
SZ300684,20260129,cap_50_500yi/nonstar_ge_10
SZ300684,20260130,cap_50_500yi/nonstar_ge_10
SZ300736,20260105,cap_lt_50yi/nonstar_ge_10
SZ300736,20260106,cap_lt_50yi/nonstar_ge_10
SZ300736,20260107,cap_lt_50yi/nonstar_ge_10
SZ300736,20260108,cap_lt_50yi/nonstar_ge_10
SZ300736,20260109,cap_lt_50yi/nonstar_ge_10
SZ300736,20260112,cap_lt_50yi/nonstar_ge_10
SZ300736,20260113,cap_lt_50yi/nonstar_ge_10
SZ300736,20260114,cap_lt_50yi/nonstar_ge_10
SZ300736,20260115,cap_lt_50yi/nonstar_ge_10
SZ300736,20260116,cap_lt_50yi/nonstar_ge_10
SZ300736,20260119,cap_lt_50yi/nonstar_ge_10
SZ300736,20260120,cap_lt_50yi/nonstar_ge_10
SZ300736,20260121,cap_lt_50yi/nonstar_ge_10
SZ300736,20260122,cap_lt_50yi/nonstar_ge_10
SZ300736,20260123,cap_lt_50yi/nonstar_ge_10
SZ300736,20260126,cap_lt_50yi/nonstar_ge_10
SZ300736,20260127,cap_lt_50yi/nonstar_ge_10
SZ300736,20260128,cap_lt_50yi/nonstar_ge_10
SZ300736,20260129,cap_lt_50yi/nonstar_ge_10
SZ300736,20260130,cap_lt_50yi/nonstar_ge_10
SZ300741,20260105,cap_50_500yi/nonstar_ge_10
SZ300741,20260106,cap_50_500yi/nonstar_ge_10
SZ300741,20260107,cap_50_500yi/nonstar_ge_10
SZ300741,20260108,cap_50_500yi/nonstar_ge_10
SZ300741,20260109,cap_50_500yi/nonstar_ge_10
SZ300741,20260112,cap_50_500yi/nonstar_ge_10
SZ300741,20260113,cap_50_500yi/nonstar_ge_10
SZ300741,20260114,cap_50_500yi/nonstar_ge_10
SZ300741,20260115,cap_50_500yi/nonstar_ge_10
SZ300741,20260116,cap_50_500yi/nonstar_ge_10
SZ300741,20260119,cap_50_500yi/nonstar_ge_10
SZ300741,20260120,cap_50_500yi/nonstar_ge_10
SZ300741,20260121,cap_50_500yi/nonstar_ge_10
SZ300741,20260122,cap_50_500yi/nonstar_ge_10
SZ300741,20260123,cap_50_500yi/nonstar_ge_10
SZ300741,20260126,cap_50_500yi/nonstar_ge_10
SZ300741,20260127,cap_50_500yi/nonstar_ge_10
SZ300741,20260128,cap_50_500yi/nonstar_ge_10
SZ300741,20260129,cap_50_500yi/nonstar_ge_10
SZ300741,20260130,cap_50_500yi/nonstar_ge_10
SZ300750,20260105,cap_ge_500yi/nonstar_ge_10
SZ300750,20260106,cap_ge_500yi/nonstar_ge_10
SZ300750,20260107,cap_ge_500yi/nonstar_ge_10
SZ300750,20260108,cap_ge_500yi/nonstar_ge_10
SZ300750,20260109,cap_ge_500yi/nonstar_ge_10
SZ300750,20260112,cap_ge_500yi/nonstar_ge_10
SZ300750,20260113,cap_ge_500yi/nonstar_ge_10
SZ300750,20260114,cap_ge_500yi/nonstar_ge_10
SZ300750,20260115,cap_ge_500yi/nonstar_ge_10
SZ300750,20260116,cap_ge_500yi/nonstar_ge_10
SZ300750,20260119,cap_ge_500yi/nonstar_ge_10
SZ300750,20260120,cap_ge_500yi/nonstar_ge_10
SZ300750,20260121,cap_ge_500yi/nonstar_ge_10
SZ300750,20260122,cap_ge_500yi/nonstar_ge_10
SZ300750,20260123,cap_ge_500yi/nonstar_ge_10
SZ300750,20260126,cap_ge_500yi/nonstar_ge_10
SZ300750,20260127,cap_ge_500yi/nonstar_ge_10
SZ300750,20260128,cap_ge_500yi/nonstar_ge_10
SZ300750,20260129,cap_ge_500yi/nonstar_ge_10
SZ300750,20260130,cap_ge_500yi/nonstar_ge_10
SZ300760,20260105,cap_ge_500yi/nonstar_ge_10
SZ300760,20260106,cap_ge_500yi/nonstar_ge_10
SZ300760,20260107,cap_ge_500yi/nonstar_ge_10
SZ300760,20260108,cap_ge_500yi/nonstar_ge_10
SZ300760,20260109,cap_ge_500yi/nonstar_ge_10
SZ300760,20260112,cap_ge_500yi/nonstar_ge_10
SZ300760,20260113,cap_ge_500yi/nonstar_ge_10
SZ300760,20260114,cap_ge_500yi/nonstar_ge_10
SZ300760,20260115,cap_ge_500yi/nonstar_ge_10
SZ300760,20260116,cap_ge_500yi/nonstar_ge_10
SZ300760,20260119,cap_ge_500yi/nonstar_ge_10
SZ300760,20260120,cap_ge_500yi/nonstar_ge_10
SZ300760,20260121,cap_ge_500yi/nonstar_ge_10
SZ300760,20260122,cap_ge_500yi/nonstar_ge_10
SZ300760,20260123,cap_ge_500yi/nonstar_ge_10
SZ300760,20260126,cap_ge_500yi/nonstar_ge_10
SZ300760,20260127,cap_ge_500yi/nonstar_ge_10
SZ300760,20260128,cap_ge_500yi/nonstar_ge_10
SZ300760,20260129,cap_ge_500yi/nonstar_ge_10
SZ300760,20260130,cap_ge_500yi/nonstar_ge_10
SZ300798,20260105,cap_lt_50yi/nonstar_lt_10
SZ300798,20260106,cap_lt_50yi/nonstar_lt_10
SZ300798,20260107,cap_lt_50yi/nonstar_lt_10
SZ300798,20260108,cap_lt_50yi/nonstar_lt_10
SZ300798,20260109,cap_lt_50yi/nonstar_lt_10
SZ300798,20260112,cap_lt_50yi/nonstar_lt_10
SZ300798,20260113,cap_lt_50yi/nonstar_lt_10
SZ300798,20260114,cap_lt_50yi/nonstar_lt_10
SZ300798,20260115,cap_lt_50yi/nonstar_lt_10
SZ300798,20260116,cap_lt_50yi/nonstar_lt_10
SZ300798,20260119,cap_lt_50yi/nonstar_lt_10
SZ300798,20260120,cap_lt_50yi/nonstar_lt_10
SZ300798,20260121,cap_lt_50yi/nonstar_lt_10
SZ300798,20260122,cap_lt_50yi/nonstar_lt_10
SZ300798,20260123,cap_lt_50yi/nonstar_lt_10
SZ300798,20260126,cap_lt_50yi/nonstar_lt_10
SZ300798,20260127,cap_lt_50yi/nonstar_lt_10
SZ300798,20260128,cap_lt_50yi/nonstar_lt_10
SZ300798,20260129,cap_lt_50yi/nonstar_lt_10
SZ300798,20260130,cap_lt_50yi/nonstar_lt_10
SZ300803,20260105,cap_ge_500yi/nonstar_ge_10
SZ300803,20260106,cap_ge_500yi/nonstar_ge_10
SZ300803,20260107,cap_ge_500yi/nonstar_ge_10
SZ300803,20260108,cap_ge_500yi/nonstar_ge_10
SZ300803,20260109,cap_ge_500yi/nonstar_ge_10
SZ300803,20260112,cap_ge_500yi/nonstar_ge_10
SZ300803,20260113,cap_ge_500yi/nonstar_ge_10
SZ300803,20260114,cap_ge_500yi/nonstar_ge_10
SZ300803,20260115,cap_ge_500yi/nonstar_ge_10
SZ300803,20260116,cap_ge_500yi/nonstar_ge_10
SZ300803,20260119,cap_ge_500yi/nonstar_ge_10
SZ300803,20260120,cap_ge_500yi/nonstar_ge_10
SZ300803,20260121,cap_ge_500yi/nonstar_ge_10
SZ300803,20260122,cap_ge_500yi/nonstar_ge_10
SZ300803,20260123,cap_ge_500yi/nonstar_ge_10
SZ300803,20260126,cap_ge_500yi/nonstar_ge_10
SZ300803,20260127,cap_ge_500yi/nonstar_ge_10
SZ300803,20260128,cap_ge_500yi/nonstar_ge_10
SZ300803,20260129,cap_ge_500yi/nonstar_ge_10
SZ300803,20260130,cap_ge_500yi/nonstar_ge_10
SZ300838,20260105,cap_lt_50yi/nonstar_ge_10
SZ300838,20260106,cap_lt_50yi/nonstar_ge_10
SZ300838,20260107,cap_lt_50yi/nonstar_ge_10
SZ300838,20260108,cap_lt_50yi/nonstar_ge_10
SZ300838,20260109,cap_lt_50yi/nonstar_ge_10
SZ300838,20260112,cap_lt_50yi/nonstar_ge_10
SZ300838,20260113,cap_lt_50yi/nonstar_ge_10
SZ300838,20260114,cap_lt_50yi/nonstar_ge_10
SZ300838,20260115,cap_lt_50yi/nonstar_ge_10
SZ300838,20260116,cap_lt_50yi/nonstar_ge_10
SZ300838,20260119,cap_lt_50yi/nonstar_ge_10
SZ300838,20260120,cap_lt_50yi/nonstar_ge_10
SZ300838,20260121,cap_lt_50yi/nonstar_ge_10
SZ300838,20260122,cap_lt_50yi/nonstar_ge_10
SZ300838,20260123,cap_lt_50yi/nonstar_ge_10
SZ300838,20260126,cap_lt_50yi/nonstar_ge_10
SZ300838,20260127,cap_lt_50yi/nonstar_ge_10
SZ300838,20260128,cap_lt_50yi/nonstar_ge_10
SZ300838,20260129,cap_lt_50yi/nonstar_ge_10
SZ300838,20260130,cap_lt_50yi/nonstar_ge_10
SZ300847,20260105,cap_50_500yi/nonstar_ge_10
SZ300847,20260106,cap_50_500yi/nonstar_ge_10
SZ300847,20260107,cap_50_500yi/nonstar_ge_10
SZ300847,20260108,cap_50_500yi/nonstar_ge_10
SZ300847,20260109,cap_50_500yi/nonstar_ge_10
SZ300847,20260112,cap_50_500yi/nonstar_ge_10
SZ300847,20260113,cap_50_500yi/nonstar_ge_10
SZ300847,20260114,cap_50_500yi/nonstar_ge_10
SZ300847,20260115,cap_50_500yi/nonstar_ge_10
SZ300847,20260116,cap_50_500yi/nonstar_ge_10
SZ300847,20260119,cap_50_500yi/nonstar_ge_10
SZ300847,20260120,cap_50_500yi/nonstar_ge_10
SZ300847,20260121,cap_50_500yi/nonstar_ge_10
SZ300847,20260122,cap_50_500yi/nonstar_ge_10
SZ300847,20260123,cap_50_500yi/nonstar_ge_10
SZ300847,20260126,cap_50_500yi/nonstar_ge_10
SZ300847,20260127,cap_50_500yi/nonstar_ge_10
SZ300847,20260128,cap_50_500yi/nonstar_ge_10
SZ300847,20260129,cap_50_500yi/nonstar_ge_10
SZ300847,20260130,cap_50_500yi/nonstar_ge_10
SZ300854,20260105,cap_lt_50yi/nonstar_ge_10
SZ300854,20260106,cap_lt_50yi/nonstar_ge_10
SZ300854,20260107,cap_lt_50yi/nonstar_ge_10
SZ300854,20260108,cap_lt_50yi/nonstar_ge_10
SZ300854,20260109,cap_lt_50yi/nonstar_ge_10
SZ300854,20260112,cap_lt_50yi/nonstar_ge_10
SZ300854,20260113,cap_lt_50yi/nonstar_ge_10
SZ300854,20260114,cap_lt_50yi/nonstar_ge_10
SZ300854,20260115,cap_lt_50yi/nonstar_ge_10
SZ300854,20260116,cap_lt_50yi/nonstar_ge_10
SZ300854,20260119,cap_lt_50yi/nonstar_ge_10
SZ300854,20260120,cap_lt_50yi/nonstar_ge_10
SZ300854,20260121,cap_lt_50yi/nonstar_ge_10
SZ300854,20260122,cap_lt_50yi/nonstar_ge_10
SZ300854,20260123,cap_lt_50yi/nonstar_ge_10
SZ300854,20260126,cap_lt_50yi/nonstar_ge_10
SZ300854,20260127,cap_lt_50yi/nonstar_ge_10
SZ300854,20260128,cap_lt_50yi/nonstar_ge_10
SZ300854,20260129,cap_lt_50yi/nonstar_ge_10
SZ300854,20260130,cap_lt_50yi/nonstar_ge_10
SZ300858,20260105,cap_lt_50yi/nonstar_ge_10
SZ300858,20260106,cap_lt_50yi/nonstar_ge_10
SZ300858,20260107,cap_lt_50yi/nonstar_ge_10
SZ300858,20260108,cap_lt_50yi/nonstar_ge_10
SZ300858,20260109,cap_lt_50yi/nonstar_ge_10
SZ300858,20260112,cap_lt_50yi/nonstar_ge_10
SZ300858,20260113,cap_lt_50yi/nonstar_ge_10
SZ300858,20260114,cap_lt_50yi/nonstar_ge_10
SZ300858,20260115,cap_lt_50yi/nonstar_ge_10
SZ300858,20260116,cap_lt_50yi/nonstar_ge_10
SZ300858,20260119,cap_lt_50yi/nonstar_ge_10
SZ300858,20260120,cap_lt_50yi/nonstar_ge_10
SZ300858,20260121,cap_lt_50yi/nonstar_ge_10
SZ300858,20260122,cap_lt_50yi/nonstar_ge_10
SZ300858,20260123,cap_lt_50yi/nonstar_ge_10
SZ300858,20260126,cap_lt_50yi/nonstar_ge_10
SZ300858,20260127,cap_50_500yi/nonstar_ge_10
SZ300858,20260128,cap_50_500yi/nonstar_ge_10
SZ300858,20260129,cap_lt_50yi/nonstar_ge_10
SZ300858,20260130,cap_lt_50yi/nonstar_ge_10
SZ300866,20260105,cap_ge_500yi/nonstar_ge_10
SZ300866,20260106,cap_ge_500yi/nonstar_ge_10
SZ300866,20260107,cap_ge_500yi/nonstar_ge_10
SZ300866,20260108,cap_ge_500yi/nonstar_ge_10
SZ300866,20260109,cap_ge_500yi/nonstar_ge_10
SZ300866,20260112,cap_ge_500yi/nonstar_ge_10
SZ300866,20260113,cap_ge_500yi/nonstar_ge_10
SZ300866,20260114,cap_ge_500yi/nonstar_ge_10
SZ300866,20260115,cap_ge_500yi/nonstar_ge_10
SZ300866,20260116,cap_ge_500yi/nonstar_ge_10
SZ300866,20260119,cap_ge_500yi/nonstar_ge_10
SZ300866,20260120,cap_ge_500yi/nonstar_ge_10
SZ300866,20260121,cap_ge_500yi/nonstar_ge_10
SZ300866,20260122,cap_ge_500yi/nonstar_ge_10
SZ300866,20260123,cap_ge_500yi/nonstar_ge_10
SZ300866,20260126,cap_ge_500yi/nonstar_ge_10
SZ300866,20260127,cap_ge_500yi/nonstar_ge_10
SZ300866,20260128,cap_ge_500yi/nonstar_ge_10
SZ300866,20260129,cap_ge_500yi/nonstar_ge_10
SZ300866,20260130,cap_ge_500yi/nonstar_ge_10
SZ300908,20260105,cap_lt_50yi/nonstar_ge_10
SZ300908,20260106,cap_lt_50yi/nonstar_ge_10
SZ300908,20260107,cap_lt_50yi/nonstar_ge_10
SZ300908,20260108,cap_lt_50yi/nonstar_ge_10
SZ300908,20260109,cap_lt_50yi/nonstar_ge_10
SZ300908,20260112,cap_lt_50yi/nonstar_ge_10
SZ300908,20260113,cap_lt_50yi/nonstar_ge_10
SZ300908,20260114,cap_lt_50yi/nonstar_ge_10
SZ300908,20260115,cap_lt_50yi/nonstar_ge_10
SZ300908,20260116,cap_lt_50yi/nonstar_ge_10
SZ300908,20260119,cap_lt_50yi/nonstar_ge_10
SZ300908,20260120,cap_lt_50yi/nonstar_ge_10
SZ300908,20260121,cap_lt_50yi/nonstar_ge_10
SZ300908,20260122,cap_lt_50yi/nonstar_ge_10
SZ300908,20260123,cap_lt_50yi/nonstar_ge_10
SZ300908,20260126,cap_lt_50yi/nonstar_ge_10
SZ300908,20260127,cap_lt_50yi/nonstar_ge_10
SZ300908,20260128,cap_lt_50yi/nonstar_ge_10
SZ300908,20260129,cap_lt_50yi/nonstar_ge_10
SZ300908,20260130,cap_lt_50yi/nonstar_ge_10
SZ300982,20260105,cap_lt_50yi/nonstar_ge_10
SZ300982,20260106,cap_lt_50yi/nonstar_ge_10
SZ300982,20260107,cap_lt_50yi/nonstar_ge_10
SZ300982,20260108,cap_lt_50yi/nonstar_ge_10
SZ300982,20260109,cap_lt_50yi/nonstar_ge_10
SZ300982,20260112,cap_lt_50yi/nonstar_ge_10
SZ300982,20260113,cap_lt_50yi/nonstar_ge_10
SZ300982,20260114,cap_lt_50yi/nonstar_ge_10
SZ300982,20260115,cap_lt_50yi/nonstar_ge_10
SZ300982,20260116,cap_lt_50yi/nonstar_ge_10
SZ300982,20260119,cap_lt_50yi/nonstar_ge_10
SZ300982,20260120,cap_lt_50yi/nonstar_ge_10
SZ300982,20260121,cap_lt_50yi/nonstar_ge_10
SZ300982,20260122,cap_lt_50yi/nonstar_ge_10
SZ300982,20260123,cap_lt_50yi/nonstar_ge_10
SZ300982,20260126,cap_lt_50yi/nonstar_ge_10
SZ300982,20260127,cap_lt_50yi/nonstar_ge_10
SZ300982,20260128,cap_lt_50yi/nonstar_ge_10
SZ300982,20260129,cap_lt_50yi/nonstar_ge_10
SZ300982,20260130,cap_lt_50yi/nonstar_ge_10
SZ300999,20260105,cap_ge_500yi/nonstar_ge_10
SZ300999,20260106,cap_ge_500yi/nonstar_ge_10
SZ300999,20260107,cap_ge_500yi/nonstar_ge_10
SZ300999,20260108,cap_ge_500yi/nonstar_ge_10
SZ300999,20260109,cap_ge_500yi/nonstar_ge_10
SZ300999,20260112,cap_ge_500yi/nonstar_ge_10
SZ300999,20260113,cap_ge_500yi/nonstar_ge_10
SZ300999,20260114,cap_ge_500yi/nonstar_ge_10
SZ300999,20260115,cap_ge_500yi/nonstar_ge_10
SZ300999,20260116,cap_ge_500yi/nonstar_ge_10
SZ300999,20260119,cap_ge_500yi/nonstar_ge_10
SZ300999,20260120,cap_ge_500yi/nonstar_ge_10
SZ300999,20260121,cap_ge_500yi/nonstar_ge_10
SZ300999,20260122,cap_ge_500yi/nonstar_ge_10
SZ300999,20260123,cap_ge_500yi/nonstar_ge_10
SZ300999,20260126,cap_ge_500yi/nonstar_ge_10
SZ300999,20260127,cap_ge_500yi/nonstar_ge_10
SZ300999,20260128,cap_ge_500yi/nonstar_ge_10
SZ300999,20260129,cap_ge_500yi/nonstar_ge_10
SZ300999,20260130,cap_ge_500yi/nonstar_ge_10
SZ301008,20260105,cap_lt_50yi/nonstar_ge_10
SZ301008,20260106,cap_lt_50yi/nonstar_ge_10
SZ301008,20260107,cap_lt_50yi/nonstar_ge_10
SZ301008,20260108,cap_lt_50yi/nonstar_ge_10
SZ301008,20260109,cap_lt_50yi/nonstar_ge_10
SZ301008,20260112,cap_lt_50yi/nonstar_ge_10
SZ301008,20260113,cap_lt_50yi/nonstar_ge_10
SZ301008,20260114,cap_lt_50yi/nonstar_ge_10
SZ301008,20260115,cap_lt_50yi/nonstar_ge_10
SZ301008,20260116,cap_lt_50yi/nonstar_ge_10
SZ301008,20260119,cap_lt_50yi/nonstar_ge_10
SZ301008,20260120,cap_lt_50yi/nonstar_ge_10
SZ301008,20260121,cap_lt_50yi/nonstar_ge_10
SZ301008,20260122,cap_lt_50yi/nonstar_ge_10
SZ301008,20260123,cap_lt_50yi/nonstar_ge_10
SZ301008,20260126,cap_50_500yi/nonstar_ge_10
SZ301008,20260127,cap_lt_50yi/nonstar_ge_10
SZ301008,20260128,cap_lt_50yi/nonstar_ge_10
SZ301008,20260129,cap_lt_50yi/nonstar_ge_10
SZ301008,20260130,cap_lt_50yi/nonstar_ge_10
SZ301040,20260105,cap_lt_50yi/nonstar_ge_10
SZ301040,20260106,cap_lt_50yi/nonstar_ge_10
SZ301040,20260107,cap_lt_50yi/nonstar_ge_10
SZ301040,20260108,cap_lt_50yi/nonstar_ge_10
SZ301040,20260109,cap_lt_50yi/nonstar_ge_10
SZ301040,20260112,cap_lt_50yi/nonstar_ge_10
SZ301040,20260113,cap_lt_50yi/nonstar_ge_10
SZ301040,20260114,cap_lt_50yi/nonstar_ge_10
SZ301040,20260115,cap_lt_50yi/nonstar_ge_10
SZ301040,20260116,cap_lt_50yi/nonstar_ge_10
SZ301040,20260119,cap_lt_50yi/nonstar_ge_10
SZ301040,20260120,cap_lt_50yi/nonstar_ge_10
SZ301040,20260121,cap_lt_50yi/nonstar_ge_10
SZ301040,20260122,cap_lt_50yi/nonstar_ge_10
SZ301040,20260123,cap_lt_50yi/nonstar_ge_10
SZ301040,20260126,cap_lt_50yi/nonstar_ge_10
SZ301040,20260127,cap_lt_50yi/nonstar_ge_10
SZ301040,20260128,cap_lt_50yi/nonstar_ge_10
SZ301040,20260129,cap_lt_50yi/nonstar_ge_10
SZ301040,20260130,cap_lt_50yi/nonstar_ge_10
SZ301082,20260105,cap_lt_50yi/nonstar_ge_10
SZ301082,20260106,cap_lt_50yi/nonstar_ge_10
SZ301082,20260107,cap_lt_50yi/nonstar_ge_10
SZ301082,20260108,cap_lt_50yi/nonstar_ge_10
SZ301082,20260109,cap_lt_50yi/nonstar_ge_10
SZ301082,20260112,cap_lt_50yi/nonstar_ge_10
SZ301082,20260113,cap_lt_50yi/nonstar_ge_10
SZ301082,20260114,cap_lt_50yi/nonstar_ge_10
SZ301082,20260115,cap_lt_50yi/nonstar_ge_10
SZ301082,20260116,cap_lt_50yi/nonstar_ge_10
SZ301082,20260119,cap_lt_50yi/nonstar_ge_10
SZ301082,20260120,cap_lt_50yi/nonstar_ge_10
SZ301082,20260121,cap_lt_50yi/nonstar_ge_10
SZ301082,20260122,cap_lt_50yi/nonstar_ge_10
SZ301082,20260123,cap_lt_50yi/nonstar_ge_10
SZ301082,20260126,cap_lt_50yi/nonstar_ge_10
SZ301082,20260127,cap_lt_50yi/nonstar_ge_10
SZ301082,20260128,cap_lt_50yi/nonstar_ge_10
SZ301082,20260129,cap_lt_50yi/nonstar_ge_10
SZ301082,20260130,cap_lt_50yi/nonstar_ge_10
SZ301149,20260105,cap_lt_50yi/nonstar_ge_10
SZ301149,20260106,cap_lt_50yi/nonstar_ge_10
SZ301149,20260107,cap_lt_50yi/nonstar_ge_10
SZ301149,20260108,cap_lt_50yi/nonstar_ge_10
SZ301149,20260109,cap_lt_50yi/nonstar_ge_10
SZ301149,20260112,cap_lt_50yi/nonstar_ge_10
SZ301149,20260113,cap_lt_50yi/nonstar_ge_10
SZ301149,20260114,cap_lt_50yi/nonstar_ge_10
SZ301149,20260115,cap_lt_50yi/nonstar_ge_10
SZ301149,20260116,cap_lt_50yi/nonstar_ge_10
SZ301149,20260119,cap_lt_50yi/nonstar_ge_10
SZ301149,20260120,cap_lt_50yi/nonstar_ge_10
SZ301149,20260121,cap_lt_50yi/nonstar_ge_10
SZ301149,20260122,cap_lt_50yi/nonstar_ge_10
SZ301149,20260123,cap_lt_50yi/nonstar_ge_10
SZ301149,20260126,cap_50_500yi/nonstar_ge_10
SZ301149,20260127,cap_50_500yi/nonstar_ge_10
SZ301149,20260128,cap_50_500yi/nonstar_ge_10
SZ301149,20260129,cap_50_500yi/nonstar_ge_10
SZ301149,20260130,cap_50_500yi/nonstar_ge_10
SZ301165,20260105,cap_ge_500yi/nonstar_ge_10
SZ301165,20260106,cap_ge_500yi/nonstar_ge_10
SZ301165,20260107,cap_ge_500yi/nonstar_ge_10
SZ301165,20260108,cap_ge_500yi/nonstar_ge_10
SZ301165,20260109,cap_ge_500yi/nonstar_ge_10
SZ301165,20260112,cap_ge_500yi/nonstar_ge_10
SZ301165,20260113,cap_ge_500yi/nonstar_ge_10
SZ301165,20260114,cap_ge_500yi/nonstar_ge_10
SZ301165,20260115,cap_ge_500yi/nonstar_ge_10
SZ301165,20260116,cap_ge_500yi/nonstar_ge_10
SZ301165,20260119,cap_ge_500yi/nonstar_ge_10
SZ301165,20260120,cap_ge_500yi/nonstar_ge_10
SZ301165,20260121,cap_ge_500yi/nonstar_ge_10
SZ301165,20260122,cap_ge_500yi/nonstar_ge_10
SZ301165,20260123,cap_ge_500yi/nonstar_ge_10
SZ301165,20260126,cap_ge_500yi/nonstar_ge_10
SZ301165,20260127,cap_ge_500yi/nonstar_ge_10
SZ301165,20260128,cap_ge_500yi/nonstar_ge_10
SZ301165,20260129,cap_ge_500yi/nonstar_ge_10
SZ301165,20260130,cap_ge_500yi/nonstar_ge_10
SZ301197,20260105,cap_lt_50yi/nonstar_ge_10
SZ301197,20260106,cap_lt_50yi/nonstar_ge_10
SZ301197,20260107,cap_lt_50yi/nonstar_ge_10
SZ301197,20260108,cap_lt_50yi/nonstar_ge_10
SZ301197,20260109,cap_lt_50yi/nonstar_ge_10
SZ301197,20260112,cap_lt_50yi/nonstar_ge_10
SZ301197,20260113,cap_lt_50yi/nonstar_ge_10
SZ301197,20260114,cap_lt_50yi/nonstar_ge_10
SZ301197,20260115,cap_lt_50yi/nonstar_ge_10
SZ301197,20260116,cap_lt_50yi/nonstar_ge_10
SZ301197,20260119,cap_lt_50yi/nonstar_ge_10
SZ301197,20260120,cap_lt_50yi/nonstar_ge_10
SZ301197,20260121,cap_lt_50yi/nonstar_ge_10
SZ301197,20260122,cap_lt_50yi/nonstar_ge_10
SZ301197,20260123,cap_lt_50yi/nonstar_ge_10
SZ301197,20260126,cap_lt_50yi/nonstar_ge_10
SZ301197,20260127,cap_lt_50yi/nonstar_ge_10
SZ301197,20260128,cap_lt_50yi/nonstar_ge_10
SZ301197,20260129,cap_lt_50yi/nonstar_ge_10
SZ301197,20260130,cap_lt_50yi/nonstar_ge_10
SZ301237,20260105,cap_lt_50yi/nonstar_ge_10
SZ301237,20260106,cap_lt_50yi/nonstar_ge_10
SZ301237,20260107,cap_lt_50yi/nonstar_ge_10
SZ301237,20260108,cap_lt_50yi/nonstar_ge_10
SZ301237,20260109,cap_lt_50yi/nonstar_ge_10
SZ301237,20260112,cap_lt_50yi/nonstar_ge_10
SZ301237,20260113,cap_50_500yi/nonstar_ge_10
SZ301237,20260114,cap_50_500yi/nonstar_ge_10
SZ301237,20260115,cap_50_500yi/nonstar_ge_10
SZ301237,20260116,cap_50_500yi/nonstar_ge_10
SZ301237,20260119,cap_50_500yi/nonstar_ge_10
SZ301237,20260120,cap_50_500yi/nonstar_ge_10
SZ301237,20260121,cap_50_500yi/nonstar_ge_10
SZ301237,20260122,cap_50_500yi/nonstar_ge_10
SZ301237,20260123,cap_50_500yi/nonstar_ge_10
SZ301237,20260126,cap_50_500yi/nonstar_ge_10
SZ301237,20260127,cap_50_500yi/nonstar_ge_10
SZ301237,20260128,cap_50_500yi/nonstar_ge_10
SZ301237,20260129,cap_50_500yi/nonstar_ge_10
SZ301237,20260130,cap_50_500yi/nonstar_ge_10
SZ301295,20260105,cap_lt_50yi/nonstar_ge_10
SZ301295,20260106,cap_lt_50yi/nonstar_ge_10
SZ301295,20260107,cap_lt_50yi/nonstar_ge_10
SZ301295,20260108,cap_lt_50yi/nonstar_ge_10
SZ301295,20260109,cap_lt_50yi/nonstar_ge_10
SZ301295,20260112,cap_lt_50yi/nonstar_ge_10
SZ301295,20260113,cap_lt_50yi/nonstar_ge_10
SZ301295,20260114,cap_lt_50yi/nonstar_ge_10
SZ301295,20260115,cap_lt_50yi/nonstar_ge_10
SZ301295,20260116,cap_lt_50yi/nonstar_ge_10
SZ301295,20260119,cap_lt_50yi/nonstar_ge_10
SZ301295,20260120,cap_lt_50yi/nonstar_ge_10
SZ301295,20260121,cap_lt_50yi/nonstar_ge_10
SZ301295,20260122,cap_lt_50yi/nonstar_ge_10
SZ301295,20260123,cap_lt_50yi/nonstar_ge_10
SZ301295,20260126,cap_lt_50yi/nonstar_ge_10
SZ301295,20260127,cap_lt_50yi/nonstar_ge_10
SZ301295,20260128,cap_lt_50yi/nonstar_ge_10
SZ301295,20260129,cap_lt_50yi/nonstar_ge_10
SZ301295,20260130,cap_lt_50yi/nonstar_ge_10
SZ301520,20260105,cap_lt_50yi/nonstar_ge_10
SZ301520,20260106,cap_lt_50yi/nonstar_ge_10
SZ301520,20260107,cap_lt_50yi/nonstar_ge_10
SZ301520,20260108,cap_lt_50yi/nonstar_ge_10
SZ301520,20260109,cap_lt_50yi/nonstar_ge_10
SZ301520,20260112,cap_lt_50yi/nonstar_ge_10
SZ301520,20260113,cap_lt_50yi/nonstar_ge_10
SZ301520,20260114,cap_lt_50yi/nonstar_ge_10
SZ301520,20260115,cap_lt_50yi/nonstar_ge_10
SZ301520,20260116,cap_lt_50yi/nonstar_ge_10
SZ301520,20260119,cap_lt_50yi/nonstar_ge_10
SZ301520,20260120,cap_lt_50yi/nonstar_ge_10
SZ301520,20260121,cap_lt_50yi/nonstar_ge_10
SZ301520,20260122,cap_lt_50yi/nonstar_ge_10
SZ301520,20260123,cap_lt_50yi/nonstar_ge_10
SZ301520,20260126,cap_lt_50yi/nonstar_ge_10
SZ301520,20260127,cap_lt_50yi/nonstar_ge_10
SZ301520,20260128,cap_lt_50yi/nonstar_ge_10
SZ301520,20260129,cap_lt_50yi/nonstar_ge_10
SZ301520,20260130,cap_lt_50yi/nonstar_ge_10
