symbol,date,signal_time,book30m_coverage_seconds,book30m_coverage_ratio,book30m_bi1_twap,book30m_bi3_twap,book30m_bi3_time_std,book30m_bi10_twap,book30m_spread_bps_twap,book30m_positive_time_share,book30m_negative_time_share,book30m_bid1_twap,book30m_bid3_twap,book30m_bid10_twap,book30m_ask1_twap,book30m_ask3_twap,book30m_ask10_twap,book30m_depth1_to_depth3,book30m_depth3_to_depth10,book5m_coverage_seconds,book5m_coverage_ratio,book5m_bi1_twap,book5m_bi3_twap,book5m_bi3_time_std,book5m_bi10_twap,book5m_spread_bps_twap,book5m_positive_time_share,book5m_negative_time_share,book5m_bid1_twap,book5m_bid3_twap,book5m_bid10_twap,book5m_ask1_twap,book5m_ask3_twap,book5m_ask10_twap,book5m_depth1_to_depth3,book5m_depth3_to_depth10,flow30m_buy_volume,flow30m_sell_volume,flow30m_net_share,flow30m_total_volume,flow30m_buy_order_count,flow30m_sell_order_count,flow30m_order_count,flow5m_buy_volume,flow5m_sell_volume,flow5m_net_share,flow5m_total_volume,flow5m_buy_order_count,flow5m_sell_order_count,flow5m_order_count,flow1m_buy_volume,flow1m_sell_volume,flow1m_net_share,flow1m_total_volume,flow1m_buy_order_count,flow1m_sell_order_count,flow1m_order_count,endpoint_bi3,endpoint_spread_bps,endpoint_bid_depth3,endpoint_ask_depth3,bin1_book_coverage_seconds,bin1_book_coverage_ratio,bin1_book_bi1_twap,bin1_book_bi3_twap,bin1_book_bi3_time_std,bin1_book_bi10_twap,bin1_book_spread_bps_twap,bin1_book_positive_time_share,bin1_book_negative_time_share,bin1_book_bid1_twap,bin1_book_bid3_twap,bin1_book_bid10_twap,bin1_book_ask1_twap,bin1_book_ask3_twap,bin1_book_ask10_twap,bin1_book_depth1_to_depth3,bin1_book_depth3_to_depth10,bin1_flow_buy_volume,bin1_flow_sell_volume,bin1_flow_net_share,bin1_flow_total_volume,bin1_flow_buy_order_count,bin1_flow_sell_order_count,bin1_flow_order_count,bin2_book_coverage_seconds,bin2_book_coverage_ratio,bin2_book_bi1_twap,bin2_book_bi3_twap,bin2_book_bi3_time_std,bin2_book_bi10_twap,bin2_book_spread_bps_twap,bin2_book_positive_time_share,bin2_book_negative_time_share,bin2_book_bid1_twap,bin2_book_bid3_twap,bin2_book_bid10_twap,bin2_book_ask1_twap,bin2_book_ask3_twap,bin2_book_ask10_twap,bin2_book_depth1_to_depth3,bin2_book_depth3_to_depth10,bin2_flow_buy_volume,bin2_flow_sell_volume,bin2_flow_net_share,bin2_flow_total_volume,bin2_flow_buy_order_count,bin2_flow_sell_order_count,bin2_flow_order_count,bin3_book_coverage_seconds,bin3_book_coverage_ratio,bin3_book_bi1_twap,bin3_book_bi3_twap,bin3_book_bi3_time_std,bin3_book_bi10_twap,bin3_book_spread_bps_twap,bin3_book_positive_time_share,bin3_book_negative_time_share,bin3_book_bid1_twap,bin3_book_bid3_twap,bin3_book_bid10_twap,bin3_book_ask1_twap,bin3_book_ask3_twap,bin3_book_ask10_twap,bin3_book_depth1_to_depth3,bin3_book_depth3_to_depth10,bin3_flow_buy_volume,bin3_flow_sell_volume,bin3_flow_net_share,bin3_flow_total_volume,bin3_flow_buy_order_count,bin3_flow_sell_order_count,bin3_flow_order_count,bin4_book_coverage_seconds,bin4_book_coverage_ratio,bin4_book_bi1_twap,bin4_book_bi3_twap,bin4_book_bi3_time_std,bin4_book_bi10_twap,bin4_book_spread_bps_twap,bin4_book_positive_time_share,bin4_book_negative_time_share,bin4_book_bid1_twap,bin4_book_bid3_twap,bin4_book_bid10_twap,bin4_book_ask1_twap,bin4_book_ask3_twap,bin4_book_ask10_twap,bin4_book_depth1_to_depth3,bin4_book_depth3_to_depth10,bin4_flow_buy_volume,bin4_flow_sell_volume,bin4_flow_net_share,bin4_flow_total_volume,bin4_flow_buy_order_count,bin4_flow_sell_order_count,bin4_flow_order_count,bin5_book_coverage_seconds,bin5_book_coverage_ratio,bin5_book_bi1_twap,bin5_book_bi3_twap,bin5_book_bi3_time_std,bin5_book_bi10_twap,bin5_book_spread_bps_twap,bin5_book_positive_time_share,bin5_book_negative_time_share,bin5_book_bid1_twap,bin5_book_bid3_twap,bin5_book_bid10_twap,bin5_book_ask1_twap,bin5_book_ask3_twap,bin5_book_ask10_twap,bin5_book_depth1_to_depth3,bin5_book_depth3_to_depth10,bin5_flow_buy_volume,bin5_flow_sell_volume,bin5_flow_net_share,bin5_flow_total_volume,bin5_flow_buy_order_count,bin5_flow_sell_order_count,bin5_flow_order_count,bin6_book_coverage_seconds,bin6_book_coverage_ratio,bin6_book_bi1_twap,bin6_book_bi3_twap,bin6_book_bi3_time_std,bin6_book_bi10_twap,bin6_book_spread_bps_twap,bin6_book_positive_time_share,bin6_book_negative_time_share,bin6_book_bid1_twap,bin6_book_bid3_twap,bin6_book_bid10_twap,bin6_book_ask1_twap,bin6_book_ask3_twap,bin6_book_ask10_twap,bin6_book_depth1_to_depth3,bin6_book_depth3_to_depth10,bin6_flow_buy_volume,bin6_flow_sell_volume,bin6_flow_net_share,bin6_flow_total_volume,bin6_flow_buy_order_count,bin6_flow_sell_order_count,bin6_flow_order_count,book_shift_5m_minus_30m,flow_shift_5m_minus_30m,endpoint_minus_book5m,invalid_chain_seconds,book_sign_flips,longest_positive_seconds,longest_negative_seconds,future1m_buy_volume,future1m_sell_volume,future1m_net_share,future1m_total_volume,future1m_buy_order_count,future1m_sell_order_count,future1m_order_count,future1m_event_count,future1m_realized_vol_bps,future1m_end_bi3,future1m_end_spread_bps,future5m_buy_volume,future5m_sell_volume,future5m_net_share,future5m_total_volume,future5m_buy_order_count,future5m_sell_order_count,future5m_order_count,future5m_event_count,future5m_realized_vol_bps,future5m_end_bi3,future5m_end_spread_bps,future10m_buy_volume,future10m_sell_volume,future10m_net_share,future10m_total_volume,future10m_buy_order_count,future10m_sell_order_count,future10m_order_count,future10m_event_count,future10m_realized_vol_bps,future10m_end_bi3,future10m_end_spread_bps,factor_version
SH600000,20260105,1030,1800.0,1.0,0.017632551881235296,0.38207472963591277,0.2689271735663976,0.4530342664763619,8.684275737871674,0.9116055555555431,0.08837777777779088,130535.73409444957,635711.7931833277,1514651.8882388857,95043.50008333626,260881.62058889022,537944.2229833335,0.2515959081482778,0.43680946722555225,300.0,1.0,-0.017594356172634423,0.22617139075345416,0.19611226924664873,0.379224406806697,8.438048436565392,0.8490333333333546,0.15096666666664532,164504.00180000183,649584.3088666556,1735849.1088666688,136847.0633333317,398368.1133333328,776320.2879666634,0.28756178119298675,0.41715038146749384,8429800.0,17169335.0,-0.3413996215106487,25599135.0,3131,5193,8324,1342900.0,2161643.0,-0.23362332834837524,3504543.0,517,681,1198,178000.0,330200.0,-0.2994883903974813,508200.0,89,90,179,0.14410843014468183,8.406893652795292,531757.0,397800.0,300.0,1.0,-0.022821876109131414,0.29377158519689966,0.266140721016144,0.37357906521699674,9.746759095290143,0.8718333333331976,0.12806666666680636,56525.72533333556,341789.8886666581,880617.6053333342,57288.24266666426,178732.59266666905,385495.84666666674,0.21865331869713564,0.41111835634562605,2677780.0,3771740.0,-0.16961882434661804,6449520.0,997,1049,2046,300.0,1.0,0.24922766070921018,0.6759232926532445,0.08078999622427625,0.546179210102344,8.369842971121066,1.0,0.0,185968.6096000061,832198.0400000073,1591249.2933333444,82897.23666667254,160124.3131666694,461019.3998333356,0.27094607453785563,0.48352457768846485,886200.0,2363872.0,-0.4546582352637111,3250072.0,379,855,1234,300.0,1.0,0.00551526940887768,0.3939538258752909,0.229222131945879,0.6060362754690766,8.607553777189903,0.9191333333333508,0.0808666666666492,99096.24693332477,603807.2940000007,1604372.3309999905,86106.55270000701,234031.91960000104,394916.9012666641,0.22104813981856744,0.4190685369970798,1259790.0,2456740.0,-0.32206116996230355,3716530.0,345,1021,1366,300.0,1.0,0.019081816235260944,0.3386289836331031,0.21086331081610898,0.5885037428989383,8.437798157428304,0.9795666666666512,0.020433333333348857,181586.9775666698,823124.0775666633,2173170.5442333315,129733.63560000551,367016.14886666794,549685.8517000028,0.2615831363835636,0.4370925430407716,1012730.0,2505140.0,-0.42423682512429395,3517870.0,282,783,1065,300.0,1.0,-0.12761320278417065,0.3639992997034725,0.31670373557953657,0.22468289836412345,8.505651989635357,0.8500666666667045,0.1499333333332955,95532.84333336157,563767.1500000199,1102652.446666672,77388.26953333766,227016.6358999965,660227.0504666643,0.21867053415857807,0.44857506550273596,1250400.0,3910200.0,-0.5154051854435531,5160600.0,611,804,1415,300.0,1.0,-0.017594356172634423,0.22617139075345416,0.19611226924664873,0.379224406806697,8.438048436565392,0.8490333333333546,0.15096666666664532,164504.00180000183,649584.3088666556,1735849.1088666688,136847.0633333317,398368.1133333328,776320.2879666634,0.28756178119298675,0.41715038146749384,1342900.0,2161643.0,-0.23362332834837524,3504543.0,517,681,1198,-0.1559033388824586,0.10777629316227344,-0.08206296060877233,0.0,134,433.9499999999971,33.26000000000204,441500.0,777057.0,-0.2753724282081183,1218557.0,141,413,554,2174,21.452207099041505,0.33108889669819874,8.428150021070376,1637200.0,2401757.0,-0.18929565231816037,4038957.0,567,1117,1684,7021,48.082757223010816,0.46246148593944747,8.428150021070376,2800000.0,4775357.0,-0.2607609119939826,7575357.0,974,2389,3363,13207,62.864998384182314,0.528265576136637,8.442380751371887,non_parent_window_path_1000_1030_v1_20260810
SH600000,20260106,1030,1800.0,1.0,0.25785375064521343,0.5689352110004113,0.20789778977507722,0.5730634661819884,8.548104523993128,0.9810555555555523,0.018927777777777616,188216.13330000057,1833663.055838886,6038293.291394411,85042.88951111356,410395.92811111524,1633367.7188222285,0.12176998232467248,0.29251279233551947,300.0,1.0,0.5041760588558245,0.6981656532739374,0.044251085368884543,0.574477593969868,8.52875050295649,1.0,0.0,311087.293333351,2700898.9666667124,6509584.799999996,88839.08506666053,478396.5866666617,1758056.2666666599,0.12579087778759776,0.38454687711971525,3361715.0,4952324.0,-0.19131603784875198,8314039.0,1442,2150,3592,400200.0,1340300.0,-0.5401321459350761,1740500.0,151,367,518,70600.0,40400.0,0.27207207207207207,111000.0,55,44,99,0.7516051358552917,8.521516829995738,3022900.0,428677.0,300.0,1.0,0.11771351497146715,0.6393116966965829,0.11239311870301157,0.5497241588959616,8.522762249788457,1.0,0.0,145705.93643333382,1945138.0229333483,5321043.012933339,87836.32713333014,400614.94379999576,1546347.7004666633,0.09955961555998413,0.3415784924186986,679286.0,498257.0,0.15373451330439739,1177543.0,325,326,651,300.0,1.0,0.43633155722513295,0.45299154613050224,0.136773244255123,0.5581669505716138,8.5160842979644,0.9860333333333255,0.013966666666674428,179965.1683666597,1146131.9233333173,5673254.219999986,73844.50666667585,389830.0800000071,1604923.7300000095,0.16524476157777415,0.211036610245745,545500.0,463100.0,0.08169740233987706,1008600.0,319,427,746,300.0,1.0,0.08287231125822792,0.5937509608319597,0.23136007763059377,0.5966653156946733,8.58584767366521,0.9998999999999796,0.0,159228.30273331696,1840775.4293999532,5889192.099400002,90646.30253333913,362932.55253334227,1487594.0492000093,0.11338825620962859,0.29873551131091447,609329.0,1169367.0,-0.3148587504553898,1778696.0,242,483,725,300.0,1.0,0.11312789694454665,0.40745254613057647,0.27788123789656044,0.5636950467606525,8.610673863450888,0.9004000000000087,0.09959999999999126,129988.82226667143,1408334.872700029,6066966.646033345,79903.76666667625,425816.553333344,1690920.620933346,0.11443580173054294,0.23642408853287195,673200.0,1069100.0,-0.22722837628422202,1742300.0,255,264,519,300.0,1.0,0.29290116461608173,0.6219388629389072,0.17518001040994857,0.5956517311991573,8.524508556133398,1.0,0.0,203321.27666666766,1960699.1199999936,6769718.970000003,89187.34900000255,404784.8523333381,1712363.9456666715,0.12365698905080191,0.278880081207908,454200.0,412200.0,0.04847645429362881,866400.0,150,283,433,300.0,1.0,0.5041760588558245,0.6981656532739374,0.044251085368884543,0.574477593969868,8.52875050295649,1.0,0.0,311087.293333351,2700898.9666667124,6509584.799999996,88839.08506666053,478396.5866666617,1758056.2666666599,0.12579087778759776,0.38454687711971525,400200.0,1340300.0,-0.5401321459350761,1740500.0,151,367,518,0.1292304422735261,-0.34881610808632413,0.053439482581354225,0.0,24,821.5299999999988,16.610000000000582,71200.0,241700.0,-0.5449025247682966,312900.0,18,42,60,353,8.517888272021194,0.6532923829058875,8.521516829995738,511300.0,766200.0,-0.1995303326810176,1277500.0,115,362,477,2243,19.97737980002145,0.636150524473672,8.521516829995738,732200.0,1932700.0,-0.45048594693984767,2664900.0,219,953,1172,4594,20.867074401639375,0.6493774821144099,8.528784648187633,non_parent_window_path_1000_1030_v1_20260810
SH600000,20260107,1030,1800.0,1.0,-0.007783443343159054,0.23469269810981838,0.34758326462725386,0.4802212832716053,8.703560756089827,0.7069833333333211,0.29299444444445627,200562.24125000296,960386.0029166725,3342545.3856944265,186421.76304444703,611601.7574888894,1212324.988600004,0.24617494744018287,0.34512239234669106,300.0,1.0,0.23985827739003815,-0.19985364090369742,0.13126621985310122,0.16451554891294273,8.505600237866965,0.035066666666656,0.964933333333344,427662.09999998653,1133464.0366666578,3278980.829999995,271063.4066666872,1728430.760000022,2362554.120000017,0.24414786577078124,0.5072900942795141,4305884.0,8187245.0,-0.31067965439242645,12493129.0,1409,1343,2752,804000.0,1232700.0,-0.21048755339519812,2036700.0,430,192,622,313200.0,32700.0,0.810928013876843,345900.0,157,26,183,-0.09819466586238097,8.47816871555744,1046500.0,1274400.0,300.0,1.0,-0.2639301968686892,-0.07832044473141625,0.2868037282914093,0.4356298815744786,8.827094569381625,0.43283333333325574,0.567033333333408,33999.88573333554,195921.59573331315,2632885.862399972,54338.57493333518,200169.08826667332,1015694.2882666785,0.22302584795625674,0.10856022552433575,747084.0,1333916.0,-0.2819951946179721,2081000.0,220,205,425,300.0,1.0,-0.12485829682109234,0.3216071901995566,0.3367872401181734,0.5447664325584591,9.191958566289168,0.836166666666686,0.16383333333331393,51690.9855666716,658418.0055666829,3044294.2022333387,57823.2799999927,268003.20666665916,894165.7366666559,0.11821217403113655,0.23522423145227925,1122300.0,1455529.0,-0.12926730205921338,2577829.0,247,164,411,300.0,1.0,0.12010491997188887,0.43082271756916396,0.09957175689122724,0.5778781521750195,8.785085877274856,1.0,0.0,120522.31953334635,938630.2228667056,3305701.6195333437,89903.536666669,367344.95999999886,885294.5233333373,0.16112546314863063,0.3116145036519659,945100.0,1731900.0,-0.2939110945087785,2677000.0,209,224,433,300.0,1.0,0.01990808171435519,0.4717582326036063,0.17424226269484444,0.6180631617566059,8.449306333170611,1.0,0.0,204346.9800000008,1220557.2800000045,3871688.726666666,298336.096666664,465560.036666663,925973.8466666627,0.2981305462542981,0.35144558227970246,365900.0,497200.0,-0.15212605723554629,863100.0,180,140,320,300.0,1.0,-0.03778344544545388,0.46214213392169673,0.17588301443208135,0.5404745226521164,8.462318952555279,0.9378333333333285,0.06216666666667152,365151.1766666794,1615324.876666672,3921721.0733333323,347065.68333333504,640102.4933333354,1190267.416666667,0.315779115511936,0.4412035305658538,321500.0,1936000.0,-0.715171650055371,2257500.0,123,418,541,300.0,1.0,0.23985827739003815,-0.19985364090369742,0.13126621985310122,0.16451554891294273,8.505600237866965,0.035066666666656,0.964933333333344,427662.09999998653,1133464.0366666578,3278980.829999995,271063.4066666872,1728430.760000022,2362554.120000017,0.24414786577078124,0.5072900942795141,804000.0,1232700.0,-0.21048755339519812,2036700.0,430,192,622,-0.4345463390135158,0.10019210099722833,0.10165897504131645,0.0,95,1026.760000000002,282.8199999999997,299100.0,11500.0,0.9259497746297489,310600.0,145,10,155,622,5.992430842166933,0.6171503957783642,8.470986869970352,624000.0,905500.0,-0.18404707420725727,1529500.0,263,542,805,2662,10.382129972104496,0.28663045188276776,8.485362749257531,1901600.0,980660.0,0.3195200988113494,2882260.0,532,605,1137,4867,16.946028690389735,0.40403999016635256,8.456659619450317,non_parent_window_path_1000_1030_v1_20260810
SH600000,20260108,1030,1800.0,1.0,0.2534743183328866,0.4913171505538441,0.18572019823662475,0.40364922203838577,8.66899202530673,0.9765222222222252,0.023411111111106747,382759.0227722149,2146160.2330555334,4378030.720138853,194159.31988888883,657933.0437777783,1761537.7287777814,0.20574149491653962,0.45672481708842444,300.0,1.0,0.25051725544608344,0.5097279239982329,0.1694984281537885,0.6364296145926949,8.66722176760237,0.960533333333345,0.03946666666665503,167614.94233333188,1675983.959300006,6135965.028466677,81237.61993333329,495864.2032666715,1360458.6732666702,0.1145810128699663,0.2897179040272892,5242676.0,9148271.0,-0.27139249418401723,14390947.0,1993,3595,5588,837772.0,462614.0,0.2884974153828171,1300386.0,219,313,532,100100.0,82600.0,0.09578544061302682,182700.0,48,31,79,0.49508559947715,8.661758336942398,1650499.0,557400.0,300.0,1.0,0.2444529580100361,0.3914449663999091,0.16604341442810727,0.2957090423771678,8.651038716199052,1.0,0.0,462944.2642333269,1433973.960766667,3089655.807433334,230302.08533333353,608674.865333332,1647574.155333334,0.3393859682137658,0.431190556961486,1199444.0,1749928.0,-0.18664447889245575,2949372.0,493,798,1291,300.0,1.0,0.13549284520245097,0.271697948116149,0.19518973693861366,0.24415087439173144,8.663677528510364,0.8986000000000058,0.10099999999998545,398693.86280000606,1374769.976133339,3073645.9927999955,279749.129599993,744779.7629333386,1836098.7696000005,0.3200882620941675,0.43170263254796837,913800.0,3140828.0,-0.5492558133569837,4054628.0,363,980,1343,300.0,1.0,0.5004803968628888,0.5314626541186214,0.09796518587556835,0.35575304007850805,8.672561178172243,1.0,0.0,574321.2699999964,2495707.8599999994,4156909.5266666594,178610.2033333349,734284.9300000013,1972096.6133333286,0.23310623963756003,0.5270010693772951,1054300.0,1481100.0,-0.16833635718229864,2535400.0,413,466,879,300.0,1.0,0.18406104368139203,0.5958077726253237,0.05008834772707867,0.38606966223499156,8.676789587852497,1.0,0.0,386637.0807999988,3062638.7741333293,4599465.667466685,262510.0299999997,777204.9133333317,2037942.3799999992,0.16905560841417316,0.5785155379941156,385700.0,1430801.0,-0.5753374206785463,1816501.0,171,693,864,300.0,1.0,0.20584141079447316,0.6477616380648297,0.06997094320602976,0.503783098555221,8.682663373504035,1.0,0.0,306342.7164666136,2833886.867999872,5212542.297999992,132546.85113334007,586789.587800008,1715055.781133336,0.12830490497158845,0.49377524745601603,851660.0,883000.0,-0.018066941072025642,1734660.0,334,345,679,300.0,1.0,0.25051725544608344,0.5097279239982329,0.1694984281537885,0.6364296145926949,8.66722176760237,0.960533333333345,0.03946666666665503,167614.94233333188,1675983.959300006,6135965.028466677,81237.61993333329,495864.2032666715,1360458.6732666702,0.1145810128699663,0.2897179040272892,837772.0,462614.0,0.2884974153828171,1300386.0,219,313,532,0.01841077344438874,0.5598899095668344,-0.014642324521082883,0.0,20,1173.1700000000055,13.529999999998836,78600.0,24998.0,0.51740381088438,103598.0,39,12,51,427,0.0,0.5290115516416322,8.661758336942398,472200.0,614700.0,-0.13110681755451284,1086900.0,127,410,537,2621,6.127442305263143,0.8051729334512882,8.669267446900736,1011800.0,1608800.0,-0.22781042509349003,2620600.0,254,832,1086,5311,16.21068503465809,0.7366137895167737,8.669267446900736,non_parent_window_path_1000_1030_v1_20260810
SH600000,20260109,1030,1800.0,1.0,0.3963781206708197,0.4775471722450737,0.16142088618042294,0.49106293076404145,8.802899621856367,0.9894722222222239,0.010527777777776161,179748.14732221892,1125870.3673777755,3935372.726683345,68214.8146333338,366347.6960777779,1312128.5274999975,0.1661707280109858,0.2843673571808958,300.0,1.0,0.38941173224951714,0.4892145494273242,0.0575504013953741,0.5307674618738697,8.699426975317019,1.0,0.0,313010.6697666613,1708308.0467666597,5018371.406766663,141483.7466666694,586340.1640000026,1538088.1933333364,0.19806714349537707,0.3499828185827095,2675950.0,2994958.0,-0.056253425377382246,5670908.0,1092,1338,2430,648050.0,185993.0,0.5539966164814044,834043.0,236,153,389,182850.0,71050.0,0.4403308389129579,253900.0,45,44,89,0.5517910461611475,8.699434536755112,1755857.0,507150.0,300.0,1.0,0.39070113643725884,0.2465783054394809,0.14148881868735322,0.3692958569108607,8.817155557954901,0.9368333333333431,0.06316666666665696,106116.94666666405,420210.9099999985,2729716.0091666672,37908.79280000229,251267.67000000525,1257180.8933333382,0.2144904450513753,0.1684213553600921,582900.0,510800.0,0.06592301362347994,1093700.0,237,266,503,300.0,1.0,0.42364650185152,0.444950887796195,0.18039679069428655,0.4593367794792756,8.877648112977157,1.0,0.0,93110.98000000489,729880.2566666804,3292898.390000023,34821.54666666209,269023.23706666025,1213290.2833333279,0.12807295946931468,0.22167369503293002,421700.0,866400.0,-0.34523717102709417,1288100.0,201,311,512,300.0,1.0,0.3409032635574295,0.599408603974071,0.11635093808633074,0.5240045449652484,8.93355214634325,1.0,0.0,142552.50333332364,1049036.6099999824,3764637.793333323,44104.2633333326,251891.41706666612,1174942.086666668,0.143479702783814,0.26336815248884093,267500.0,365000.0,-0.1541501976284585,632500.0,168,215,383,300.0,1.0,0.525303151369938,0.5473778862566088,0.06683127088212626,0.5214889758475184,8.789346690198395,1.0,0.0,150438.14000000068,1224136.0000000037,4098055.556666669,32726.18666666828,356338.730000002,1288177.863333335,0.1158919678941455,0.29342856255197436,391900.0,614100.0,-0.22087475149105368,1006000.0,130,173,303,300.0,1.0,0.30830293855925,0.5377528005767664,0.06756923171366727,0.541483965507475,8.700268248345326,1.0,0.0,273259.6441666598,1623650.3808333243,4708557.204166658,118244.35166666818,483224.9583333351,1401091.8450000007,0.18582209804030508,0.34484392183770884,363900.0,452665.0,-0.10870536944395119,816565.0,120,220,340,300.0,1.0,0.38941173224951714,0.4892145494273242,0.0575504013953741,0.5307674618738697,8.699426975317019,1.0,0.0,313010.6697666613,1708308.0467666597,5018371.406766663,141483.7466666694,586340.1640000026,1538088.1933333364,0.19806714349537707,0.3499828185827095,648050.0,185993.0,0.5539966164814044,834043.0,236,153,389,0.011667377182250471,0.6102500418587866,0.06257649673382332,0.0,46,1574.9599999999991,3.0100000000020373,56136.0,415864.0,-0.762135593220339,472000.0,31,153,184,785,15.070052738179644,0.31417189277764174,8.699434536755112,244008.0,705442.0,-0.4860013692137553,949450.0,142,333,475,2393,36.40592428604522,0.6217312556919253,8.707009142359599,582308.0,1110742.0,-0.3121195475620921,1693050.0,378,527,905,4380,41.7372091160149,0.4520674748758836,8.699434536755112,non_parent_window_path_1000_1030_v1_20260810
SH600000,20260112,1030,1800.0,1.0,-0.030320583007632164,-0.025284520040804562,0.21793255886192306,-0.14166877404477146,8.785690340867898,0.4617944444444705,0.5382055555555295,147040.53923890917,604725.1396666733,2341412.618000009,116563.9348166679,674679.8781611072,3118009.690249984,0.20603676738984045,0.2343480583823696,300.0,1.0,-0.18496253330591597,-0.16245771168214904,0.1681217757438931,-0.1972788501534959,8.68792590101194,0.22673333333332266,0.7732666666666773,194455.71526672074,716927.2678333477,2259867.6611666786,229118.76419999966,960041.8896333355,3359014.299966659,0.252583345126391,0.2984524624411999,4856700.0,3358077.0,0.18243014996024848,8214777.0,1048,1217,2265,2237963.0,498499.0,0.6356616682416931,2736462.0,236,149,385,323400.0,93300.0,0.5521958243340532,416700.0,67,48,115,0.03816141021861461,8.639308855291576,1121600.0,1039143.0,300.0,1.0,-0.006516183318891711,-0.11407613959055408,0.24966280667354704,-0.12076351305403737,8.702564152565843,0.35420000000003105,0.645799999999969,115658.1915000061,585835.3415000058,2233699.9648333373,100302.06649999728,828077.8308999753,2848279.6931666625,0.15273940593780005,0.27822094293002797,514515.0,752800.0,-0.18802349849879468,1267315.0,135,207,342,300.0,1.0,0.023484239059589452,0.11196156409350824,0.16936428921687174,-0.12978921314773714,8.668016120704314,0.7409666666666695,0.2590333333333304,119113.76186666651,572999.7718666658,2273084.1552000004,73927.2482666671,474125.3400333328,2956375.2966999994,0.18435333843065088,0.20023582198721335,482600.0,279300.0,0.26683291770573564,761900.0,122,147,269,300.0,1.0,0.09665876280670473,0.07026640714211917,0.2083324451290506,-0.1277555226078675,9.231427540450877,0.5234666666667666,0.4765333333332334,203824.59680005553,588419.5668000251,2377550.043466694,62888.68640000384,516120.9875333453,3073536.771866668,0.24146988732435484,0.2026275845078101,746322.0,734678.0,0.00786225523295071,1481000.0,282,229,511,300.0,1.0,-0.19425595715013544,0.07517008095295052,0.16509459634160562,-0.11909175145727789,8.76864229313631,0.711466666666723,0.2885333333332771,84825.04000000953,557327.3966666698,2415538.2933333353,88769.75019999577,477787.0408666558,3067328.9597999915,0.16770589212694312,0.18879071656199273,662900.0,568800.0,0.07639847365429894,1231700.0,160,216,376,300.0,1.0,0.08366817386285598,-0.13257132116070214,0.13696630535370072,-0.15533379384821341,8.655566037337564,0.21393333333331005,0.7860666666666899,164365.92999999586,606841.4933333282,2488735.589999996,144377.0933333433,791926.1800000091,3403523.1200000043,0.2207250204729054,0.23739074303703428,212400.0,524000.0,-0.423139598044541,736400.0,113,269,382,300.0,1.0,-0.18496253330591597,-0.16245771168214904,0.1681217757438931,-0.1972788501534959,8.68792590101194,0.22673333333332266,0.7732666666666773,194455.71526672074,716927.2678333477,2259867.6611666786,229118.76419999966,960041.8896333355,3359014.299966659,0.252583345126391,0.2984524624411999,2237963.0,498499.0,0.6356616682416931,2736462.0,236,149,385,-0.13717319164134448,0.45323151828144465,0.20061912190076364,0.0,177,103.33000000000175,234.04999999999563,85900.0,98300.0,-0.06731813246471227,184200.0,17,43,60,420,6.106276697821466,-0.22741310187741987,8.631851532153647,343000.0,214345.0,0.23083547892239098,557345.0,139,121,260,1385,29.91398608509984,-0.09894179760966608,8.639308855291576,658600.0,309065.0,0.36121488324988504,967665.0,286,222,508,2375,29.91398608509984,-0.11646273424173055,8.639308855291576,non_parent_window_path_1000_1030_v1_20260810
SH600000,20260113,1030,1800.0,1.0,-0.29631853827222804,-0.3656287685842596,0.20139357364423208,-0.33281523637216753,8.561222527374936,0.07491666666666182,0.9250833333333381,108108.83179444133,408778.99292777304,1797018.1441722168,245030.6096000022,996414.6027166668,3604524.0294944504,0.2513101699929747,0.26014674151670436,300.0,1.0,-0.34932301058055154,-0.49498154793391375,0.0960574158333469,-0.3729403380453841,8.5447555170471,0.0,1.0,218682.52949999404,554020.4686999947,1763104.8228333243,439691.24786669173,1617373.6148000362,3854526.463333348,0.30320326575886447,0.38653196923889516,3917212.0,2055978.0,0.31159799035356317,5973190.0,1233,848,2081,905165.0,482000.0,0.3050574372911658,1387165.0,288,168,456,26600.0,119900.0,-0.6368600682593857,146500.0,32,51,83,-0.4453286813479967,8.528784648187633,740200.0,1928768.0,300.0,1.0,-0.19682041678967857,-0.1755924864814826,0.15766669186691767,-0.30701727986563015,8.56609083893021,0.08996666666665988,0.9100333333333401,67368.67433333027,310158.50633332995,1611665.9496666614,98485.88333333204,479552.96833332913,3045137.178199997,0.21001918167223077,0.1695823192397734,345100.0,287778.0,0.0905735386598997,632878.0,210,113,323,300.0,1.0,-0.1996033960391798,-0.21980908669447005,0.24407945217515759,-0.3091608948835763,8.587181971883743,0.35719999999998736,0.6428000000000126,63425.6399999962,352650.0066666619,1735358.7699999958,123773.76333333217,627497.0076666618,3301684.993999997,0.19099114785413868,0.19458775032658718,369000.0,326700.0,0.06080206985769728,695700.0,150,172,322,300.0,1.0,-0.48483947053983106,-0.3119197757121123,0.1601339158947282,-0.30301834659986726,8.558896240138886,0.002333333333323632,0.9976666666666764,83331.75293332913,441796.22626666207,1907740.7262666612,236310.1074666712,863487.6825333376,3567383.0100666666,0.2448830160588282,0.23840263191460656,534446.0,367000.0,0.1857526684904032,901446.0,160,133,293,300.0,1.0,-0.45000675098526083,-0.5236287382374172,0.08406012093569644,-0.34180735865425677,8.548769008052602,0.0,1.0,90704.78929999268,371655.743699993,1913442.7170333194,324011.6151666723,1203961.8631666733,3897249.751566677,0.2632087904192604,0.27115831983555116,988600.0,353200.0,0.4735430019376956,1341800.0,167,120,287,300.0,1.0,-0.09731818469886536,-0.46784097644615874,0.06768582433265281,-0.36294720018429283,8.561641588197181,0.0,1.0,125139.60470000471,422393.0059000036,1850795.8792333389,247911.0404333139,1186614.4797999798,3961162.779799993,0.23185140432769738,0.276844275758768,774901.0,239300.0,0.5281014315702706,1014201.0,258,142,400,300.0,1.0,-0.34932301058055154,-0.49498154793391375,0.0960574158333469,-0.3729403380453841,8.5447555170471,0.0,1.0,218682.52949999404,554020.4686999947,1763104.8228333243,439691.24786669173,1617373.6148000362,3854526.463333348,0.30320326575886447,0.38653196923889516,905165.0,482000.0,0.3050574372911658,1387165.0,288,168,456,-0.12935277934965417,-0.0065405530623973696,0.049652866585917055,0.0,12,54.86000000000058,1007.8199999999997,39500.0,519600.0,-0.8587014845287069,559100.0,31,84,115,696,8.536067919182507,-0.3702071656353759,8.543357539513028,200000.0,928200.0,-0.6454529338769722,1128200.0,133,219,352,2063,15.976340174480637,-0.02414303399644229,8.550662676357417,392300.0,1330500.0,-0.5445785929881588,1722800.0,263,334,597,3571,15.976340174480637,0.07223643527186627,8.550662676357417,non_parent_window_path_1000_1030_v1_20260810
SH600000,20260114,1030,1800.0,1.0,-0.09078059136117828,0.042820556831707844,0.4691517278079634,-0.053496719686514906,8.738600560304231,0.43552222222223563,0.5644555555555416,129358.48527777816,806407.5502777827,2397129.343611114,134857.40956111287,606176.5136555597,2545778.8450722275,0.1870443689582491,0.2857799518039636,300.0,1.0,0.13547203455557344,0.6042940785131281,0.15676053936208922,0.09551395859272194,8.681903934843746,0.996766666666687,0.0032333333333129607,73831.75666666836,1615751.0266666878,3283064.42333334,61286.22000000519,402634.3640000108,2707926.166666673,0.06694359624850552,0.3369034486610159,4610270.0,4291420.0,0.03581904110343092,8901690.0,1966,1264,3230,508900.0,436800.0,0.07623982235381199,945700.0,201,128,329,60900.0,66600.0,-0.04470588235294118,127500.0,21,20,41,0.6743918388699974,8.624407072013799,1600300.0,311200.0,300.0,1.0,0.04358487421396247,-0.2322831466508093,0.15832875450315922,-0.23336401947063792,8.835342532773979,0.026200000000026192,0.9737999999999738,170923.36000000354,426055.7733333377,1454095.2700000114,142985.14903333195,684633.4059333248,2339492.718433326,0.28262498176185974,0.29278065584696006,856600.0,801400.0,0.033293124246079615,1658000.0,612,251,863,300.0,1.0,-0.0948609132698454,-0.19099450375582555,0.31395360108603687,-0.21616609247346696,8.666717172795831,0.23699999999999516,0.7630000000000049,83310.65666665793,386524.91333332675,1565135.7633333094,118743.46333334531,649153.4775000154,2422928.0533333505,0.19509349793175043,0.2596945381127307,630100.0,1099700.0,-0.2714764712683547,1729800.0,351,223,574,300.0,1.0,-0.34762670035547566,-0.03049654319259772,0.2417465845753086,-0.0188391183384766,8.735923581256644,0.3739333333333828,0.6259333333332809,54739.74333334547,546395.0166666795,2364510.746666684,129358.19399999468,565709.0736666645,2411213.128666662,0.16554020341581363,0.23286607839229795,1282900.0,410700.0,0.5149976381672178,1693600.0,379,241,620,300.0,1.0,-0.46869929834578605,-0.501561892623244,0.12613096849748995,-0.047066144484526576,8.837115306503087,0.0,1.0,47635.336666663825,309976.9200000006,2511675.0899999957,246301.15566666523,959462.732833333,2765769.1133333347,0.23154822025393304,0.2405406109327565,697400.0,514400.0,0.1510150189800297,1211800.0,227,194,421,300.0,1.0,0.18744645503450566,0.6079653486995975,0.17703269483940412,0.09894109805529812,8.674600833651716,0.9792333333333226,0.020766666666677338,345710.05833333055,1553741.6516666529,3204294.7683333275,110470.27533333628,375466.02800000506,2627343.890000004,0.23645994076982363,0.33081742417456655,634370.0,1028420.0,-0.2369812183137979,1662790.0,196,227,423,300.0,1.0,0.13547203455557344,0.6042940785131281,0.15676053936208922,0.09551395859272194,8.681903934843746,0.996766666666687,0.0032333333333129607,73831.75666666836,1615751.0266666878,3283064.42333334,61286.22000000519,402634.3640000108,2707926.166666673,0.06694359624850552,0.3369034486610159,508900.0,436800.0,0.07623982235381199,945700.0,201,128,329,0.5614735216814203,0.04042078125038107,0.07009776035686932,0.0,53,314.1399999999994,505.0199999999968,136800.0,82600.0,0.24703737465815861,219400.0,88,18,106,548,10.557387827341941,0.731995400857113,8.624407072013799,255500.0,563200.0,-0.3758397459386833,818700.0,148,174,322,2004,14.931473750519402,0.5734129806096809,8.624407072013799,732100.0,1044646.0,-0.17590921831257816,1776746.0,309,331,640,4365,46.38833621605856,-0.3942742340532396,8.609556607834696,non_parent_window_path_1000_1030_v1_20260810
SH600000,20260115,1030,1800.0,1.0,0.23267453551449285,0.5018561666664272,0.14232405759266537,0.4855214335903624,8.953392558976544,1.0,0.0,508883.8456722246,1955947.8554777799,4200532.795477781,249921.82184444607,645587.4950388913,1438319.7600388846,0.29167609326007043,0.46135899545227654,300.0,1.0,0.10917348585763091,0.6580651477747339,0.1855019187287632,0.5693325344945431,9.056383320057426,1.0,0.0,322047.37333335506,1870020.4700000184,4425728.323333359,157566.79666666384,368623.19999999925,1217405.8366666634,0.2142431939603926,0.39670218827475273,2808344.0,9123832.0,-0.5292821694886163,11932176.0,1163,2372,3535,939900.0,747800.0,0.11382354683889317,1687700.0,245,268,513,36200.0,109800.0,-0.5041095890410959,146000.0,47,43,90,0.8623567921440262,8.92458723784025,2275800.0,168200.0,300.0,1.0,0.4231177545883653,0.5613693455311357,0.09638663370746142,0.611455745564122,8.904840700883442,1.0,0.0,681775.9680999896,2398578.625166661,4953682.345166658,247757.08440000156,672046.9710666656,1183190.981066663,0.3027178089182316,0.5003566853999266,225744.0,2198987.0,-0.8137987265391501,2424731.0,130,489,619,300.0,1.0,0.2085569335948712,0.3958008361223299,0.09472811535859944,0.3929655205128741,8.928629112034942,1.0,0.0,471919.4209333357,1790803.8942666685,3679294.9609333267,290952.44000000326,769381.7100000033,1586127.2633333383,0.29797521697722873,0.48622607935743245,420800.0,2429186.0,-0.704700303790966,2849986.0,177,461,638,300.0,1.0,0.24904729748627885,0.4671527092317142,0.06088676707542179,0.43129580575397264,8.922860942291345,1.0,0.0,613481.8742666577,2031690.61999999,4023107.3533333214,313127.46333333425,742023.6566666666,1599494.1300000031,0.33406805646670845,0.4933151113214371,603400.0,754000.0,-0.11094739944010608,1357400.0,297,293,590,300.0,1.0,0.11689112507520179,0.4777604000896637,0.13695593509541645,0.4606395988525037,8.961722132408182,1.0,0.0,424649.1440666635,1757904.0534333326,3936121.5000999966,222839.0833333371,604680.2040000019,1448118.2106666658,0.2740593167684184,0.4387962617468467,213400.0,2207159.0,-0.8236770927707195,2420559.0,132,533,665,300.0,1.0,0.28926061648460805,0.45098856124897274,0.05324180900526533,0.4474393963641586,8.945919146183517,1.0,0.0,539429.2933333355,1886689.469999996,4185262.289999996,267288.06333333295,716769.2285000008,1595582.138500003,0.30986370443727995,0.45035958512648244,405100.0,786700.0,-0.3201879509984897,1191800.0,182,328,510,300.0,1.0,0.10917348585763091,0.6580651477747339,0.1855019187287632,0.5693325344945431,9.056383320057426,1.0,0.0,322047.37333335506,1870020.4700000184,4425728.323333359,157566.79666666384,368623.19999999925,1217405.8366666634,0.2142431939603926,0.39670218827475273,939900.0,747800.0,0.11382354683889317,1687700.0,245,268,513,0.15620898110830672,0.6431057163275095,0.20429164436929226,0.0,0,1800.0,0.0,33100.0,77400.0,-0.40090497737556563,110500.0,35,23,58,259,12.61423717202402,0.842765220260683,8.92458723784025,169500.0,403900.0,-0.40878967561911406,573400.0,111,137,248,1208,23.600956816697334,0.7433608402100526,8.92458723784025,442400.0,521700.0,-0.08225287833212322,964100.0,400,213,613,2819,24.429363090076027,0.6391182594959431,8.916629514043692,non_parent_window_path_1000_1030_v1_20260810
SH600000,20260116,1030,1800.0,1.0,0.2291571783677039,0.4010919820757815,0.2068707593696655,0.42561345880858803,9.34471159327569,0.9350222222222186,0.06496111111111531,206404.94568333664,849662.1590166665,2637895.2306833225,108346.05620555184,342838.5376166637,1042559.4042833283,0.26394198575941635,0.32400907358124126,300.0,1.0,0.11263978537948309,0.16615341878229903,0.3005931673680948,0.4465990867523861,9.381869174905425,0.6237000000000019,0.3762000000000019,134178.26666665933,538764.4899999901,2767588.513333331,87411.5999999985,374957.11666667,1073164.4566666742,0.2425135457560623,0.237901685894331,6044003.0,13656298.0,-0.3864050097508662,19700301.0,1748,3271,5019,2225300.0,4908400.0,-0.37611618094397015,7133700.0,441,284,725,684100.0,831300.0,-0.09713606968457172,1515400.0,157,50,207,0.307408318976126,9.053870529651427,796800.0,422100.0,300.0,1.0,0.5331797207236139,0.4552947271382641,0.1046720175838992,0.23706128146883756,9.20209455712938,0.9986333333333217,0.0013666666666783081,249483.6945000043,848009.0711666646,1886978.2078333222,53078.5738999916,316712.0356999916,1161685.9923666504,0.2597722893628602,0.38204309506775397,1166303.0,3330397.0,-0.4812627037605355,4496700.0,326,822,1148,300.0,1.0,0.23376788830379952,0.5186477237104296,0.12814242091033623,0.40438214190871463,9.160553155315467,1.0,0.0,252047.10026665882,1142131.2135999983,2485032.473599996,128314.60999998778,365978.0433333255,1055115.99999999,0.252210977764367,0.42600169687225675,557600.0,1842701.0,-0.5353916029697942,2400301.0,256,810,1066,300.0,1.0,-0.09811742978199497,0.38323677003660206,0.0917818956113328,0.43205998783102567,9.023607363858316,1.0,0.0,249192.39266667917,1018132.6493333398,2726199.232666681,225968.493333333,454940.20666666655,1079054.523333334,0.322564416325115,0.3871155382679295,469800.0,2097400.0,-0.6339981302586476,2567200.0,209,876,1085,300.0,1.0,0.3252509351374167,0.5140572384672499,0.13857807976194844,0.5457558043823854,9.277130003322018,0.9972666666666676,0.002733333333332363,238016.41000001275,1013432.9033333482,3172625.06666669,110596.96999999344,309632.86999999563,926807.0366666571,0.26348907743392563,0.32274367277787747,934800.0,825800.0,0.06191071225718505,1760600.0,324,294,618,300.0,1.0,0.26822217044390445,0.3691620143198494,0.1592463603819863,0.4878224505081844,10.023015305123185,0.9905333333333207,0.009466666666679278,115511.81000000832,537502.6266666824,2788947.8900000043,44706.09000000484,234810.9533333375,959528.416666674,0.20745187466470427,0.20603400336997127,690200.0,651600.0,0.028767327470561932,1341800.0,192,185,377,300.0,1.0,0.11263978537948309,0.16615341878229903,0.3005931673680948,0.4465990867523861,9.381869174905425,0.6237000000000019,0.3762000000000019,134178.26666665933,538764.4899999901,2767588.513333331,87411.5999999985,374957.11666667,1073164.4566666742,0.2425135457560623,0.237901685894331,2225300.0,4908400.0,-0.37611618094397015,7133700.0,441,284,725,-0.23493856329348248,0.010288828806896078,0.141254900193827,0.0,98,1139.1399999999994,13.19999999999709,1243900.0,883000.0,0.1696835770370022,2126900.0,198,49,247,1331,23.063264452300004,0.0693022523232005,9.053870529651427,3169050.0,2416051.0,0.1348228080387445,5585101.0,697,330,1027,5475,72.67650596229225,0.8605994314731995,9.053870529651427,4063950.0,3382751.0,0.09147661494667236,7446701.0,1097,686,1783,8559,91.61824774435735,0.7424590871324027,9.053870529651427,non_parent_window_path_1000_1030_v1_20260810
SH600000,20260119,1030,1800.0,1.0,-0.08177217437239558,-0.15168490760613962,0.3262186121921909,-0.3496225241483314,9.401573937038279,0.3152388888889093,0.6847611111110907,111759.97089445041,458889.472100003,1151126.3132111193,131266.01808332137,672119.3698611096,2395591.1884666644,0.21487541030747107,0.3188888997858121,300.0,1.0,0.26047009787306585,0.17957695821557412,0.18907312697109513,-0.3020524861480216,10.220139143802637,0.7919333333334362,0.20806666666656384,102402.65300000993,446212.2003333418,1189136.427000016,46726.026666665624,318549.0499999919,2218560.289999996,0.1950003083990924,0.22442174695833736,11980376.0,6081933.0,0.32656085110713146,18062309.0,1806,1873,3679,805100.0,659030.0,0.09976573118507237,1464130.0,178,253,431,37400.0,80300.0,-0.3644859813084112,117700.0,28,39,67,-0.009188488832360597,8.98069151324652,416770.0,424500.0,300.0,1.0,0.28327942628773345,-0.07582843218291463,0.11368063094775198,-0.19205573390707423,9.04374581462584,0.15519999999999223,0.8448000000000078,227826.71000000706,668236.6333333306,1508881.0599999994,127508.95999999713,777118.4466666633,2229581.8566666567,0.24584662614532454,0.3866174714630373,1784400.0,856500.0,0.3513574917641713,2640900.0,322,164,486,300.0,1.0,-0.21487153169095025,-0.20037481421077294,0.17923996275457038,-0.252666616015481,9.335442578597814,0.12596666666669384,0.8740333333333061,122797.97433334407,435911.1976666742,1151887.3543333383,189510.60306666003,660568.7247333335,1898568.2480333347,0.28482835938884665,0.35944792035304896,4378451.0,1895960.0,0.39565323342701014,6274411.0,499,598,1097,300.0,1.0,-0.40339278373354415,-0.4674661101782322,0.2209816492723788,-0.5154208379593228,8.982134263090611,0.057666666666676365,0.9423333333333236,55317.21000000883,327802.06000000914,922678.3766666729,178741.4308332824,1056773.0523333168,2898077.210666655,0.1690472685435237,0.362382539444163,2053400.0,358500.0,0.7027239935320702,2411900.0,379,225,604,300.0,1.0,-0.37436096332857893,-0.40956979514284486,0.34030970389030596,-0.40684302812632767,9.19442579721403,0.10769999999999223,0.8923000000000078,61769.10833333876,418425.4416666755,1111318.3216666712,145538.12166665215,816867.5958333125,2554660.875833316,0.16782028531427945,0.33696127854255026,2245525.0,1323100.0,0.25848190829801393,3568625.0,245,328,573,300.0,1.0,-0.041757291642098654,0.0635527478623573,0.25031989385029346,-0.4286964427337582,9.633556024898937,0.6529666666666647,0.34703333333333525,100446.16969999422,456749.29959999013,1022856.3395999932,99570.96626666957,402839.34960000234,2574098.649600002,0.23268936386353756,0.23897676000420984,713500.0,988843.0,-0.16174354991914086,1702343.0,183,305,488,300.0,1.0,0.26047009787306585,0.17957695821557412,0.18907312697109513,-0.3020524861480216,10.220139143802637,0.7919333333334362,0.20806666666656384,102402.65300000993,446212.2003333418,1189136.427000016,46726.026666665624,318549.0499999919,2218560.289999996,0.1950003083990924,0.22442174695833736,805100.0,659030.0,0.09976573118507237,1464130.0,178,253,431,0.33126186582171374,-0.22679511992205909,-0.18876544704793471,0.0,206,66.98999999999796,294.9599999999991,150400.0,103500.0,0.18471839306813706,253900.0,15,49,64,488,11.003174135330186,-0.018332390432971822,8.98069151324652,583500.0,1049786.0,-0.28548949785891753,1633286.0,112,322,434,2620,48.449041552042225,0.40224206726201783,9.0049527239982,934600.0,1810286.0,-0.3190245423671511,2744886.0,216,593,809,4492,65.53585211449483,0.47328389427647843,9.0049527239982,non_parent_window_path_1000_1030_v1_20260810
SH600000,20260120,1030,1800.0,1.0,0.11050584457353149,0.4856318827062576,0.1777538735161261,0.5501092964827671,9.492015383535897,0.9904166666666586,0.009583333333341418,132192.04510000438,660717.2367944438,2741242.0781277646,71927.28188889123,202511.2562777787,782963.8449166669,0.23646036782502017,0.2449426940201358,300.0,1.0,0.34675950170378383,0.6248955733536016,0.10570742414193696,0.589909162789052,9.197257203442158,1.0,0.0,246723.98333332976,1025349.1996666578,3351683.103333327,125809.83000000198,238926.86333333526,862523.8900000019,0.2946617627556346,0.3000033137907124,4086800.0,6099688.0,-0.19760372760464648,10186488.0,1857,1740,3597,648700.0,583000.0,0.053340910936104574,1231700.0,272,170,442,168600.0,51000.0,0.5355191256830601,219600.0,112,28,140,0.7937451313016279,9.111617312072893,1134055.0,130400.0,300.0,1.0,0.05938903582775412,0.5454059300860995,0.10879959064069186,0.5643662522883816,9.602113845200662,1.0,0.0,139464.8333333215,781325.6333333293,2371062.7399999998,88585.77333334164,231578.18333333722,659358.4033333367,0.22514537206222376,0.33424523152333696,1157200.0,1853200.0,-0.231198511825671,3010400.0,462,575,1037,300.0,1.0,-0.13598816285882098,0.4490058737193891,0.11820969315583059,0.5374837644109769,10.26484841530183,1.0,0.0,106820.38060001633,547111.6287666678,2510445.905433331,87829.986666664,204523.75999999882,754985.456666665,0.25896913606752286,0.23017950935685585,602500.0,1468288.0,-0.41809591324655154,2070788.0,348,326,674,300.0,1.0,-0.08440895657009387,0.5921788445733486,0.13612973293073097,0.6228548683730786,9.360804503864493,0.998166666666657,0.0018333333333430345,129717.7766666928,827925.6146666815,3124301.5766666816,49601.47333333322,191440.25666666852,719015.8633333357,0.17591255018717963,0.2652307250824812,490300.0,824800.0,-0.2543532811193065,1315100.0,224,278,502,300.0,1.0,0.17960949013208757,0.4103281059079284,0.16890905616848478,0.5095278763612479,9.250519282936542,0.9985999999999816,0.0014000000000184325,110604.56333332756,429102.8836666649,2587308.9733333173,47368.37999999963,166323.1033333327,826282.7696666663,0.2653107972818926,0.17442800189009025,813300.0,626900.0,0.12942646854603526,1440200.0,376,214,590,300.0,1.0,0.2976741592064799,0.2919769685971866,0.16339585493244124,0.47651385467385826,9.276549050469532,0.945733333333313,0.05426666666668704,59820.7333333349,353488.460666666,2502650.1699999995,32368.24800000605,182275.37100000432,875616.6865000108,0.17207018444406127,0.1585913293486052,374800.0,743500.0,-0.3296968613073415,1118300.0,175,177,352,300.0,1.0,0.34675950170378383,0.6248955733536016,0.10570742414193696,0.589909162789052,9.197257203442158,1.0,0.0,246723.98333332976,1025349.1996666578,3351683.103333327,125809.83000000198,238926.86333333526,862523.8900000019,0.2946617627556346,0.3000033137907124,648700.0,583000.0,0.053340910936104574,1231700.0,272,170,442,0.13926369064734395,0.25094463854075105,0.16884955794802636,0.0,32,670.489999999998,5.709999999999127,69700.0,125000.0,-0.2840267077555213,194700.0,49,30,79,561,11.156018935483097,0.6073369565217391,9.103322712790169,401500.0,569400.0,-0.17293233082706766,970900.0,219,133,352,2462,23.189954596871658,0.326212930348824,9.095043201455207,906600.0,2322036.0,-0.4384006125187231,3228636.0,579,381,960,5785,33.45232455614096,0.7185294409212473,9.119927040583676,non_parent_window_path_1000_1030_v1_20260810
SH600000,20260121,1030,1800.0,1.0,0.3127972937165006,0.5995682496498634,0.08095607583335444,0.5166039177749203,9.161129287406293,1.0,0.0,449397.6190333265,2046683.012366658,4250833.090699981,147405.46274444746,493513.28030555666,1369565.387961108,0.2349436866353167,0.4519601772572803,300.0,1.0,-0.014944197609292194,0.6458147581911766,0.07388614907217084,0.5234701168746152,9.17327428129226,1.0,0.0,301829.3316666808,2408857.2750000237,5135627.52833334,147755.05419999253,498652.52833332965,1606027.7049999952,0.1546286741153001,0.4312753623112477,2785679.0,4796914.0,-0.26524369697806544,7582593.0,1601,1227,2828,424950.0,606300.0,-0.17585454545454546,1031250.0,193,159,352,92450.0,23800.0,0.5905376344086022,116250.0,46,26,72,0.6775416745884016,9.144947416552354,2232350.0,429104.0,300.0,1.0,0.048568659385796395,0.5278043155838442,0.08462561090929117,0.5661693954216551,9.140386082440433,1.0,0.0,178496.3833333231,1104052.1599999908,3275335.0566666676,105758.64333334022,335859.33590000845,900987.9525333418,0.19741145721528747,0.34477972434795456,737200.0,915400.0,-0.10783008592520876,1652600.0,375,166,541,300.0,1.0,0.42517599844146214,0.617080703285596,0.03391456036593986,0.5895715493344721,9.148770131272459,1.0,0.0,385435.8566666714,1523334.5700000043,3979797.5499999993,124307.10309999662,358560.72909999976,1031328.8348999979,0.27086680115012085,0.3755433717997435,291200.0,651000.0,-0.3818722139673105,942200.0,202,233,435,300.0,1.0,0.747524690161408,0.6247422015077095,0.0373150932114239,0.5200455801673619,9.153630726339868,1.0,0.0,829208.3153666544,2092963.4953666576,4413934.832033336,112342.23170000459,483440.6350333348,1394799.9318333382,0.36545141965770767,0.4435396407538789,550029.0,328071.0,0.25277075503928936,878100.0,351,84,435,300.0,1.0,0.2898092324112757,0.5464224532018086,0.08776105082489948,0.43334602345971546,9.149985159515149,1.0,0.0,525807.100499991,2341998.9971666485,4178278.393833336,215029.75946667246,665624.3034666701,1645597.6468000012,0.24631969695495595,0.5164298277726125,273100.0,1784243.0,-0.7345119408868623,2057343.0,183,430,613,300.0,1.0,0.38064937950835653,0.6355450661290343,0.06410945279757956,0.4670208413916885,9.20072934357744,1.0,0.0,475608.7266666334,2808891.5766666112,4522025.183333331,179239.9846666766,618942.1500000008,1638650.2567000051,0.19103864526419603,0.556405504563971,509200.0,511900.0,-0.002644207227499755,1021100.0,297,155,452,300.0,1.0,-0.014944197609292194,0.6458147581911766,0.07388614907217084,0.5234701168746152,9.17327428129226,1.0,0.0,301829.3316666808,2408857.2750000237,5135627.52833334,147755.05419999253,498652.52833332965,1606027.7049999952,0.1546286741153001,0.4312753623112477,424950.0,606300.0,-0.17585454545454546,1031250.0,193,159,352,0.04624650854131318,0.08938915152351998,0.031726916397225025,0.0,0,1800.0,0.0,30800.0,124400.0,-0.6030927835051546,155200.0,12,32,44,410,11.204497780135739,0.6304590756640582,9.144947416552354,271504.0,221100.0,0.10232154022297829,492604.0,177,127,304,1784,12.935130332356119,0.6645837681987984,9.136592051164916,738904.0,449301.0,0.24373151097664122,1188205.0,354,237,591,3394,17.10027092510654,0.6041697621449086,9.128251939753538,non_parent_window_path_1000_1030_v1_20260810
SH600000,20260122,1030,1800.0,1.0,-0.23456629171850094,-0.1435817500908518,0.43187200963322864,-0.11379862509266579,9.790623425517907,0.3690333333333345,0.630788888888888,109506.67241666286,500864.089922229,1527189.1554777827,247838.80320555592,862489.9592388949,2518615.9420888885,0.2621076130900074,0.3369796656742328,300.0,1.0,-0.003489579845683252,0.18151379358944936,0.3141876028018028,0.39489108962965214,9.848212880030484,0.6455666666667336,0.3544333333332664,142578.54083335004,584129.4275333604,1670517.2475333484,157004.29223329405,382719.7882666594,718970.7082666607,0.3098547613949856,0.4046261097291513,14766314.0,19162302.0,-0.12956579189672812,33928616.0,2978,2538,5516,3941049.0,6805852.0,-0.26657014892013986,10746901.0,756,609,1365,670649.0,917002.0,-0.15516823281691,1587651.0,151,128,279,0.43543547166169555,9.402914903620122,713949.0,280800.0,300.0,1.0,-0.3564482125631034,-0.40693729706729986,0.14800796351870485,-0.22582869395121263,9.32558564076509,0.03189999999999903,0.968100000000001,100310.97533332686,433059.4220000002,1514265.548666665,266099.3620000133,1033296.4655000146,2397805.1304000006,0.2498781779081147,0.3748285774452969,3646515.0,636800.0,0.7026602059386247,4283315.0,519,228,747,300.0,1.0,-0.6420574496548764,-0.5428775286868202,0.07498818520548331,-0.4339675094209783,9.233278765274877,0.0,1.0,65998.65333334064,400453.7566666683,1303738.8833333356,509982.87666665734,1366880.3166666583,3328344.031666661,0.32590416191866484,0.38154197706828563,1285000.0,988100.0,0.13061457920900973,2273100.0,518,394,912,300.0,1.0,-0.310995066460894,-0.515854647915623,0.2542053485634112,-0.49578611948281304,9.743949556598915,0.07776666666662398,0.922233333333376,101513.27000000663,402309.350000005,1463098.5033333336,314193.12666668434,1516677.6033333123,4337338.656666674,0.216628047389588,0.330834883716474,923400.0,1543500.0,-0.2513681138270704,2466900.0,187,359,546,300.0,1.0,-0.11954338438441824,0.006153718054030823,0.27749467971678754,-0.3404517779489064,10.613792586764713,0.4838666666666298,0.5150666666667045,110732.73333331996,493617.11999998667,1603012.029999992,120948.00833333957,598962.1250000113,3672054.278866715,0.21204937099703003,0.2071214238887411,1686300.0,2762600.0,-0.2419249702173571,4448900.0,365,433,798,300.0,1.0,0.025135942597969554,0.41651146148115,0.2049900065995994,0.41835126061826283,9.978921123673116,0.9751000000000204,0.024899999999979626,135905.8616666359,691615.4633333363,1608502.71999999,118805.15333332769,276403.4566666535,657182.8466666669,0.26312607092428136,0.4272521016339295,3284050.0,6425450.0,-0.323538802204027,9709500.0,633,515,1148,300.0,1.0,-0.003489579845683252,0.18151379358944936,0.3141876028018028,0.39489108962965214,9.848212880030484,0.6455666666667336,0.3544333333332664,142578.54083335004,584129.4275333604,1670517.2475333484,157004.29223329405,382719.7882666594,718970.7082666607,0.3098547613949856,0.4046261097291513,3941049.0,6805852.0,-0.26657014892013986,10746901.0,756,609,1365,0.32509554368030114,-0.13700435702341174,0.2539216780722462,0.0,131,174.02000000000407,568.8199999999997,313000.0,671350.0,-0.36404734088484786,984350.0,229,119,348,1722,37.60034642634666,0.3954312443984947,9.394081728511038,1792078.0,3617529.0,-0.337446139802762,5409607.0,687,468,1155,6607,78.33806272206537,0.8628443764770989,9.402914903620122,3177722.0,6614849.0,-0.3509933193233932,9792571.0,1131,807,1938,12002,121.90558181217412,0.4682068559816033,9.385265133740027,non_parent_window_path_1000_1030_v1_20260810
SH600000,20260123,1030,1800.0,1.0,-0.037587509490363394,0.20248147883722986,0.24568091310291826,0.27788544974493934,9.533790007582791,0.7564000000000063,0.24359999999999368,210038.96501666144,1135558.669133325,4356343.649133339,184584.82922222393,699497.1059055537,2445953.085194439,0.2150473024344585,0.26977002719953,300.0,1.0,0.3532069274226408,0.5320139085752071,0.15998489642849836,0.3393000049826471,9.96487665049919,0.9963666666666783,0.0036333333333216917,341162.06666664535,1726792.9433333094,5162011.313333295,79254.6133333403,483039.3610666677,2546790.607133337,0.1902482279596048,0.28666352141348195,3916510.0,6405760.0,-0.24115335095865542,10322270.0,1095,1757,2852,595500.0,2489500.0,-0.6139384116693679,3085000.0,183,488,671,85400.0,235300.0,-0.4674150296227003,320700.0,45,69,114,0.5314607338182976,9.438414346389807,1442100.0,441200.0,300.0,1.0,-0.07714552649148225,0.3892643782157762,0.08792576821725148,0.2522274605263502,9.442189414902204,1.0,0.0,209764.28533332676,1309567.991999987,3958866.478666659,224512.56490000396,549467.8181666695,2356080.051500006,0.23360327319052518,0.29438662723207454,511960.0,692640.0,-0.14999169848912502,1204600.0,211,181,392,300.0,1.0,-0.022232541410842563,0.15953494879822128,0.16663905502378093,0.25036303631124157,9.494340312271836,0.8078999999999845,0.1921000000000155,166226.26269999673,956746.9643999918,4064956.017733321,197549.82896666962,671316.0456333349,2433026.0231000003,0.22344103970473464,0.2505490165720031,721299.0,555420.0,0.12992600564415505,1276719.0,199,225,424,300.0,1.0,-0.5187499620654711,-0.10215343166603577,0.08430018220988146,0.24117754334434213,9.423920185826459,0.11846666666666958,0.8815333333333304,96192.8491333353,710579.013066669,4085373.0463999985,292202.1692333308,869156.5698999971,2497539.3165666675,0.24586077730633835,0.23997518056806394,237500.0,237543.0,-9.051812151742053e-05,475043.0,118,159,277,300.0,1.0,-0.07627713539539299,0.06041012617432256,0.11635871140657769,0.23597174646788147,9.432243701913311,0.7518333333333673,0.2481666666666327,159966.29503334154,909874.4220666726,4185778.802066667,156970.66703332838,795410.8921999966,2583775.150066664,0.1858556802284805,0.25190512201018384,437800.0,1227557.0,-0.4742268474567315,1665357.0,115,430,545,300.0,1.0,0.11567318099836872,0.17581894292588976,0.1462622525429838,0.34827290683716794,9.445169780083218,0.8638333333333382,0.13616666666666183,286922.0312333246,1199790.679933339,4681076.236599991,157019.13186666867,828591.9484666721,2258507.3627999993,0.21886460517075826,0.2922916914748875,1412451.0,1203100.0,0.08004087857587178,2615551.0,269,274,543,300.0,1.0,0.3532069274226408,0.5320139085752071,0.15998489642849836,0.3393000049826471,9.96487665049919,0.9963666666666783,0.0036333333333216917,341162.06666664535,1726792.9433333094,5162011.313333295,79254.6133333403,483039.3610666677,2546790.607133337,0.1902482279596048,0.28666352141348195,595500.0,2489500.0,-0.6139384116693679,3085000.0,183,488,671,0.32953242973797725,-0.3727850607107125,-0.0005531747569095247,0.0,50,471.0199999999968,241.80999999999767,207600.0,283200.0,-0.15403422982885084,490800.0,65,72,137,767,28.327128623191218,0.5892318657821153,9.438414346389807,996000.0,3193461.0,-0.5245211734874725,4189461.0,290,770,1060,4417,40.64701365695906,0.29647782593682886,9.46521533364884,2687400.0,5490300.0,-0.34274918375582375,8177700.0,630,1308,1938,8426,46.77707435964809,0.3890774452329528,9.456264775413711,non_parent_window_path_1000_1030_v1_20260810
SH600000,20260126,1030,1800.0,1.0,0.02911693327017561,0.39360893179948486,0.27635747584133846,0.29363879813437066,9.846140893264176,0.8693777777777844,0.1306222222222156,98717.489255557,795877.4557000006,2962871.179288913,67211.55714444195,307498.5650888903,1666277.8576444453,0.15038304555627655,0.23835396354398586,300.0,1.0,0.0041891680647846785,0.2588451523071916,0.2566532735941891,0.19985319693574907,9.919048032343152,0.8195666666666996,0.18043333333330036,47878.63463331505,624547.4960666491,3297858.422733326,51075.659433321,351660.08609998494,2209281.482766659,0.10136603717727018,0.17726217218336776,7123716.0,13136998.0,-0.29679516723843,20260714.0,2986,1803,4789,1528417.0,2391408.0,-0.2201605939040646,3919825.0,580,225,805,611850.0,457850.0,0.1439655978311676,1069700.0,174,53,227,-0.3780126304936203,9.555661729574773,241300.0,534600.0,300.0,1.0,0.0534222736978631,0.5281819306162121,0.12244615775558347,0.38439243543592144,9.869216134290959,1.0,0.0,118582.43950000036,769058.0761666683,2483884.3361666654,90126.6530333362,241298.57356666884,1103755.4828333333,0.20656972227422962,0.2816215397048857,724390.0,1180045.0,-0.239259937986857,1904435.0,281,461,742,300.0,1.0,0.10335753278751139,0.5485063700403071,0.11999649578742005,0.3730698894164933,9.85965745986433,1.0,0.0,115708.36760000758,926533.25093335,2792989.684266691,58957.87176667082,265252.8501666708,1271476.770166674,0.14655837923051893,0.29322079895629743,785153.0,1496686.0,-0.31182436622390974,2281839.0,458,311,769,300.0,1.0,0.16957638091182395,0.555952400156018,0.12027693476429105,0.3485784998159133,9.737748416613455,0.9989333333333343,0.0010666666666656966,117424.23693332965,1058467.557533323,2919924.3791999905,48041.13303334462,286469.83176668093,1406544.641766692,0.12302830695545879,0.31086259552125456,1343023.0,3048136.0,-0.38830591194716474,4391159.0,589,324,913,300.0,1.0,-0.13514715926786008,0.2845295824410521,0.368047943180191,0.2826900294589653,9.74034697128059,0.7141000000000591,0.2858999999999408,123549.54490002761,918305.0048333639,3133516.7488333494,96442.9215666471,390860.5082333251,1783543.2851666545,0.16804022430391372,0.2662496499969901,1079519.0,2145009.0,-0.3304328571499457,3224528.0,523,252,775,300.0,1.0,-0.02069659657307142,0.18563815523613536,0.2669865897042986,0.17324873774319574,9.950828345192305,0.6836666666666134,0.3163333333333867,69161.7119666589,478353.34866664547,3149053.504533345,58625.1040333312,309449.54070000723,2223065.483166699,0.16220658457183776,0.14664658232075636,1663214.0,2875714.0,-0.26713356105230135,4538928.0,555,230,785,300.0,1.0,0.0041891680647846785,0.2588451523071916,0.2566532735941891,0.19985319693574907,9.919048032343152,0.8195666666666996,0.18043333333330036,47878.63463331505,624547.4960666491,3297858.422733326,51075.659433321,351660.08609998494,2209281.482766659,0.10136603717727018,0.17726217218336776,1528417.0,2391408.0,-0.2201605939040646,3919825.0,580,225,805,-0.1347637794922933,0.07663457333436544,-0.636857782800812,0.0,191,672.25,33.200000000004366,259675.0,485750.0,-0.30328336184056076,745425.0,81,48,129,793,24.386025245341923,0.20462036404667874,9.573958831977022,1593887.0,2987881.0,-0.3042480544628187,4581768.0,491,267,758,5442,60.10499044280784,-0.02607738125031283,9.564801530368245,3334257.0,5499779.0,-0.24513393425156974,8834036.0,943,1065,2008,11957,89.99915191160459,-0.0316036497071416,9.573958831977022,non_parent_window_path_1000_1030_v1_20260810
SH600000,20260127,1030,1800.0,1.0,0.21816865795178417,0.32159185823544534,0.2501910856605726,-0.07397184826247656,9.700087131068742,0.8787833333333401,0.12121666666665988,386592.3442388858,1327293.7641944468,2750536.7258611075,231232.44293888804,649593.372327778,3151866.8209611103,0.31252405651476,0.3349291726396032,300.0,1.0,0.07742682735868847,0.34008595213946535,0.31120082646768976,8.644700505812178e-05,9.69691774967451,0.7658000000000175,0.23419999999998253,210678.7900000012,1149803.4633333376,3263742.4666666747,142465.52333332656,485192.61333333066,3264863.079999994,0.21599092399860503,0.2504357270445683,3891100.0,5827050.0,-0.1992097261310023,9718150.0,1459,2504,3963,654900.0,432500.0,0.20452455398197536,1087400.0,248,279,527,39100.0,133300.0,-0.5464037122969838,172400.0,29,73,102,-0.18746533555185801,9.666505558240695,439500.0,642300.0,300.0,1.0,0.23852052523359712,-0.04131904675954126,0.24230710047458132,-0.2577755695435418,9.684475216205138,0.5069000000000233,0.4930999999999767,166958.18960000208,678826.8460000022,2052272.9759999954,112794.85763333492,864951.0606333384,3472927.3593000094,0.1812132729917222,0.2794066844545497,682300.0,2078250.0,-0.505678216297477,2760550.0,208,709,917,300.0,1.0,0.3217757470393495,0.3446554269198533,0.08069631459160137,-0.13845595224922158,9.705280774244851,1.0,0.0,413847.41583332943,1180075.6691666632,2278131.352499995,189835.55999999808,576130.756666664,2998977.609733331,0.3437426073343727,0.3327970747623303,863000.0,1135300.0,-0.13626582595205924,1998300.0,253,739,992,300.0,1.0,0.16119449192052265,0.32603147831730445,0.12537603890683244,-0.06544464335267933,9.70623561057663,1.0,0.0,445989.0233333274,1477257.7933333255,2703765.3599999915,302112.98666666314,751133.9999999983,3084996.5866666688,0.33571385976114526,0.38495136159753424,752800.0,1280200.0,-0.25941957697983276,2033000.0,292,267,559,300.0,1.0,0.2713320990101056,0.46527314793917546,0.07751045227222869,-0.007243726332095542,9.703679714106705,1.0,0.0,484632.3966666629,1650344.6799999943,3003058.7499999986,285815.4933333365,604319.7133333369,3045072.9768666695,0.34171289185126,0.3727869191932095,212100.0,565900.0,-0.45475578406169664,778000.0,128,334,462,300.0,1.0,0.23876225714844432,0.4948241908564133,0.09232618924591315,0.025002354897620503,9.703933721604187,1.0,0.0,597448.2499999964,1827454.1333333314,3202249.4499999923,354370.2366666658,615832.0899999972,3044363.3131999997,0.38956487274262713,0.3911377759362965,726000.0,334900.0,0.3686492600622113,1060900.0,330,176,506,300.0,1.0,0.07742682735868847,0.34008595213946535,0.31120082646768976,8.644700505812178e-05,9.69691774967451,0.7658000000000175,0.23419999999998253,210678.7900000012,1149803.4633333376,3263742.4666666747,142465.52333332656,485192.61333333066,3264863.079999994,0.21599092399860503,0.2504357270445683,654900.0,432500.0,0.20452455398197536,1087400.0,248,279,527,0.018494093904020015,0.40373428011297763,-0.5275512876913233,0.0,22,1443.8300000000017,95.04000000000087,27600.0,103200.0,-0.5779816513761468,130800.0,21,63,84,490,11.844729232588838,0.19502008032128515,9.675858732462506,169000.0,793900.0,-0.6489770484993249,962900.0,106,241,347,2707,29.83139608882442,0.5009463444693869,9.694619486185168,416900.0,1455578.0,-0.5547077188623845,1872478.0,222,350,572,4424,29.83139608882442,0.6341055864155715,9.694619486185168,non_parent_window_path_1000_1030_v1_20260810
SH600000,20260128,1030,1800.0,1.0,-0.16589265020109545,-0.15594479496054725,0.19027564704811759,-0.14237906969381567,9.813543923642527,0.14364444444444316,0.8563555555555569,222551.09236111058,785675.7575944482,2860995.9062555525,323057.3094722192,1118817.8204777744,3840546.3512222418,0.28648476850502624,0.2841873564174169,300.0,1.0,-0.21380798021624012,-0.011560013984246402,0.21127112449089946,-0.14717678528589834,9.860218560398852,0.33296666666666475,0.6670333333333353,128160.2968333432,651634.7823333442,2937683.0555000044,191632.50050000244,693577.9361000045,3997053.2749333414,0.23772656394877106,0.1939818119010283,8137668.0,7278119.0,0.05575771123459347,15415787.0,2742,2149,4891,533890.0,1955105.0,-0.5709995399749698,2488995.0,227,681,908,279200.0,437400.0,-0.2207647222997488,716600.0,76,171,247,0.6113334811478184,9.828009828009828,1035600.0,249795.0,300.0,1.0,-0.03934039799296891,-0.1844446594239244,0.09324095350472897,-0.046419020694732034,9.797159041911765,0.04406666666667055,0.9559333333333294,168144.28176667244,590504.5144333381,2864974.985100024,205017.1565333213,860029.0699999874,3144712.309999988,0.2572580478691745,0.2413659002883587,1144200.0,1291786.0,-0.060585734072363305,2435986.0,485,350,835,300.0,1.0,-0.07929587376990442,-0.20640172821736635,0.15089417539329117,-0.11188908670164231,9.8021784707213,0.15749999999997574,0.8425000000000242,284518.5565666585,856836.2579666611,3027505.554933318,352211.70626667317,1303200.2988000035,3792208.362133332,0.29477754014795304,0.3167341890047723,2049695.0,855028.0,0.41128431179152025,2904723.0,644,239,883,300.0,1.0,-0.22429818616307864,-0.29157110630669036,0.12006356010727698,-0.17058099090624354,9.771625799418619,0.02560000000000097,0.974399999999999,275649.10566666874,757917.2790000046,2685946.039000003,465292.4948666653,1398843.8515333335,3798214.8615333303,0.3435436544380365,0.33261992779296096,1016043.0,685500.0,0.19426073863546206,1701543.0,471,286,757,300.0,1.0,-0.10915555569316868,-0.1900769448841313,0.09123194965460696,-0.16298601776897664,9.756447511027764,0.0016666666666666668,0.9983333333333333,345013.9566666595,982003.0233333322,2832773.5833333316,443200.5620000001,1442679.4689999945,3942841.323066656,0.32507947789409036,0.3578542354942669,2414740.0,793400.0,0.505383181531978,3208140.0,648,203,851,300.0,1.0,-0.3294579073712102,-0.05161431694692265,0.2524728310854774,-0.2152225168054028,9.893634158378502,0.30006666666668025,0.6999333333333198,133820.35666666008,875158.6885000028,2817092.2196666636,280989.4366666663,1014576.2974333229,4368247.975666664,0.21950686017936794,0.26299867989001474,979100.0,1697300.0,-0.2683455387834404,2676400.0,267,390,657,300.0,1.0,-0.21380798021624012,-0.011560013984246402,0.21127112449089946,-0.14717678528589834,9.860218560398852,0.33296666666666475,0.6670333333333353,128160.2968333432,651634.7823333442,2937683.0555000044,191632.50050000244,693577.9361000045,3997053.2749333414,0.23772656394877106,0.1939818119010283,533890.0,1955105.0,-0.5709995399749698,2488995.0,227,681,908,0.14438478097630084,-0.6267572512095633,0.6228934951320648,0.0,87,85.94000000000233,507.1600000000035,308500.0,476200.0,-0.21371224671849115,784700.0,81,121,202,1342,19.64400122758045,-0.03763257613729775,9.808729769494851,1045501.0,1225199.0,-0.07913771083806756,2270700.0,296,312,608,4107,30.256837626139845,-0.27236804967541633,9.799118079372857,1672701.0,1819199.0,-0.041953664194278185,3491900.0,557,495,1052,7328,39.822160680334704,-0.39692557071936646,9.779951100244498,non_parent_window_path_1000_1030_v1_20260810
SH600000,20260129,1030,1800.0,1.0,-0.10429922611277165,0.490913497910036,0.25213270300926205,0.4871718793785914,10.152131450101946,0.9490388888888871,0.05096111111111289,372617.1002555816,2477343.9222166818,7081709.253927744,206294.95306666935,793723.1814,2440316.30526667,0.17697957118708207,0.343526393967527,300.0,1.0,-0.2986318504539281,0.5095118599921559,0.13570711814437716,0.4994849285751393,10.177645710250147,0.9854000000000087,0.01459999999999127,170510.0667666906,2569878.3578666956,7772882.4827999845,157252.41936666358,813863.5267666565,2592911.9267666657,0.09686391495220953,0.32643343586965967,7952204.0,11644180.0,-0.18840088048897186,19596384.0,2869,1292,4161,1078617.0,2163217.0,-0.3345637068400171,3241834.0,349,156,505,117325.0,251600.0,-0.3639628650809785,368925.0,55,37,92,0.43148525375440355,10.055304172951232,2538621.0,1008214.0,300.0,1.0,-0.24024683139611872,0.2871295117648776,0.11806823143885156,0.3840112054902007,10.09666392970053,1.0,0.0,465224.2894666811,2584890.126,6326153.697199973,402644.16716669116,1401503.2260000075,2817213.760533334,0.2177076821076764,0.43598743793550404,2174595.0,1974238.0,0.04829237522937173,4148833.0,739,284,1023,300.0,1.0,-0.17450900893276056,0.39377972210977563,0.4510857648500277,0.5262188172440182,10.257405752251799,0.7591999999999582,0.2408000000000417,227488.48896668485,1706164.6366666632,6374170.632266631,135035.09183334463,542005.6325000207,1981647.9944999965,0.1612527243919136,0.2690544600818648,1181289.0,2147468.0,-0.2902521872278451,3328757.0,534,279,813,300.0,1.0,0.08869995102822874,0.574442487905177,0.10867630075357257,0.4792873897694089,10.124852231112648,1.0,0.0,712635.6030332991,2813489.0958333,7012435.079166667,230215.37346666292,743674.1784333348,2473743.4650999964,0.26505698608797923,0.3749837996056424,564350.0,954425.0,-0.25683527843163073,1518775.0,436,237,673,300.0,1.0,-0.16107270389391193,0.6183437519272736,0.11235144746465994,0.5137803164151524,10.068971218871738,1.0,0.0,398345.01550010586,2705140.8843334275,7415894.827666672,208620.25769999294,615901.4390666597,2382551.542400002,0.18276348630772252,0.33893560243852094,1364925.0,2150546.0,-0.22347531810104534,3515471.0,398,165,563,300.0,1.0,0.15996508697186043,0.562273653760948,0.20381486916573704,0.5202486187776186,10.187249858426235,0.9496333333333556,0.050366666666644355,261499.13780001432,2484500.432600059,7588718.804466664,104002.40886665633,645391.0856333189,2393829.1422999883,0.11677770444675754,0.3135363371079174,1588428.0,2254286.0,-0.17327805295944482,3842714.0,413,171,584,300.0,1.0,-0.2986318504539281,0.5095118599921559,0.13570711814437716,0.4994849285751393,10.177645710250147,0.9854000000000087,0.01459999999999127,170510.0667666906,2569878.3578666956,7772882.4827999845,157252.41936666358,813863.5267666565,2592911.9267666657,0.09686391495220953,0.32643343586965967,1078617.0,2163217.0,-0.3345637068400171,3241834.0,349,156,505,0.018598362082119846,-0.14616282635104527,-0.07802660623775232,0.0,32,1070.3099999999977,31.07999999999447,262289.0,488700.0,-0.3014837767264234,750989.0,130,27,157,1047,23.593643379149082,0.6996158473155513,10.065425264217414,583139.0,2678721.0,-0.6424500131826627,3261860.0,321,298,619,3734,40.86632530548677,0.689959156246151,10.075566750629722,1016739.0,3359677.0,-0.5353554141105415,4376416.0,497,440,937,5791,43.858792720785914,0.33649215074003974,10.065425264217414,non_parent_window_path_1000_1030_v1_20260810
SH600000,20260130,1030,1800.0,1.0,0.310887413424159,0.34852802060978766,0.1598930270682958,-0.08813914853032172,9.871074958333516,0.9613777777777675,0.03862222222223257,443849.3463833362,1744949.2888555513,3739059.714411132,169388.63649444858,822296.8138222196,4419423.786161144,0.23886996351387804,0.31467197335113706,300.0,1.0,0.25335518116765443,0.3805331739802897,0.12244288747052635,-0.08454012038986608,10.044479920998285,1.0,0.0,472041.52666666073,1690578.6866666614,3177938.916666662,163189.66333332338,743278.4699999795,3758094.979999946,0.26099772875331073,0.3509004126747895,5857600.0,10936800.0,-0.302434144714905,16794400.0,2140,2325,4465,921200.0,949500.0,-0.015128026941786497,1870700.0,282,309,591,63300.0,219900.0,-0.5529661016949152,283200.0,54,80,134,0.413596029478117,9.828009828009828,1879800.0,779800.0,300.0,1.0,0.004217810779974546,0.24389020301461795,0.19672351968270776,-0.08835182103562275,9.81459768697725,0.8213999999999699,0.17860000000003007,297380.89666663186,1472977.6599999466,3805451.983333327,227064.7066666923,856570.3517666861,4491377.26133336,0.22512762161772593,0.28077569672343167,1633600.0,725300.0,0.38505235491118744,2358900.0,518,310,828,300.0,1.0,0.3702143051287948,0.3945371799152451,0.1490929666977755,-0.027470150976963533,9.805660400098112,0.9717000000000068,0.02829999999999321,364906.4816333509,1811303.856466695,4376216.329800007,131820.1422999922,765775.177833326,4618168.5589666525,0.19274792015381967,0.2865208756541659,961900.0,1776100.0,-0.29737034331628925,2738000.0,359,367,726,300.0,1.0,0.34352545468930207,0.47464714367342264,0.1300595606477877,-0.052396748492441234,9.815581677165865,1.0,0.0,441419.27666666394,1929890.3033333337,4068049.346666679,149150.4800000074,668266.6200000081,4498975.6666666875,0.22730334390618395,0.30327411432669765,972800.0,2084700.0,-0.36366312346688473,3057500.0,348,291,639,300.0,1.0,0.2931573963108191,0.29010897220912807,0.117716023043426,-0.11496360772801455,9.828451460297925,1.0,0.0,514635.6133333683,1810700.883333362,3963888.0233333437,228486.61666666393,990818.1299999949,4993957.663333323,0.26525689330083696,0.3127447280659552,473400.0,2083700.0,-0.6297368112314732,2557100.0,293,412,705,300.0,1.0,0.6008543324684094,0.30745145086602227,0.10772494684364099,-0.16111244255901805,9.917678604464749,0.9751666666666279,0.024833333333372138,572712.2833333317,1754244.3433333375,3042813.6866666772,116620.21000000842,909072.1333333406,4155968.586666677,0.2588248521618004,0.36996763835079083,894700.0,3317500.0,-0.5751863634205403,4212200.0,340,636,976,300.0,1.0,0.25335518116765443,0.3805331739802897,0.12244288747052635,-0.08454012038986608,10.044479920998285,1.0,0.0,472041.52666666073,1690578.6866666614,3177938.916666662,163189.66333332338,743278.4699999795,3758094.979999946,0.26099772875331073,0.3509004126747895,921200.0,949500.0,-0.015128026941786497,1870700.0,282,309,591,0.032005153370502026,0.2873061177731185,0.03306285549782734,0.0,51,870.9800000000032,21.700000000004366,567200.0,2359500.0,-0.6123962141661257,2926700.0,80,398,478,2240,32.69444066464214,-0.0683109041600573,9.857072449482505,1437050.0,4602450.0,-0.524116234787648,6039500.0,305,1063,1368,6012,43.53578149755309,0.3659075458871516,9.876543209876543,3098936.0,5739350.0,-0.2987472910471555,8838286.0,788,1434,2222,11216,63.105835343321914,0.48229510715108687,9.866798223976321,non_parent_window_path_1000_1030_v1_20260810
SH600036,20260105,1030,1800.0,1.0,-0.0483863897093264,0.07741688337697929,0.2872608016772338,0.3122604886067612,2.5197919891484633,0.6377388888888972,0.3615111111110996,26076.24366666841,123228.53088889267,599529.1320000016,26449.54077777719,97155.6235999992,307548.16199999914,0.23833739120791952,0.24296072225228882,300.0,1.0,-0.19410469855693088,-0.11168627797670422,0.24243701236959025,0.2011603605448024,2.7503967236517854,0.33093333333328095,0.6685333333333984,16954.87200000036,75778.12533333262,548172.0319999995,25389.145333336524,90771.29626666917,348711.20333333407,0.25424295639425043,0.18569799840009543,4650300.0,4623700.0,0.0028682337718352385,9274000.0,3619,2895,6514,737300.0,558400.0,0.13807208458748166,1295700.0,449,449,898,174400.0,116800.0,0.1978021978021978,291200.0,126,79,205,-0.41508054435246117,2.3510050546608676,24800.0,59998.0,300.0,1.0,0.005757279136061198,0.13503931808782788,0.2843109782565436,0.3069124497058554,2.4873972188358575,0.6985666666666657,0.2997333333333275,43674.733333334574,165851.37333333024,603206.046666669,32194.516666663636,121020.27999999427,319815.2499999932,0.26447105915983804,0.3107963536370328,1136500.0,1483600.0,-0.13247585970001144,2620100.0,827,888,1715,300.0,1.0,-0.10089470040198839,0.10091078233453242,0.29970833757299503,0.28255127618747333,2.4228873887788303,0.6495666666666269,0.3501666666667006,28119.520000004533,165694.4000000066,611418.0266666721,36836.66999999884,125454.87999999737,342938.9466666636,0.22310269838208938,0.30507377022990745,789500.0,975700.0,-0.10548379786992976,1765200.0,554,416,970,300.0,1.0,-0.15988587979862656,-0.03597014547239769,0.3284258928233879,0.35590923296890903,2.6412518284954882,0.40133333333338667,0.5986666666666133,15667.480000003477,74702.78000001116,572111.5900000042,27657.059999998084,83193.8898666659,266101.782666665,0.27438539417318575,0.18837288334394967,1028600.0,680400.0,0.203744880046811,1709000.0,761,365,1126,300.0,1.0,0.02233364063868628,0.13012047049159015,0.13866737461210027,0.273805949869598,2.389963163551444,0.85,0.1479999999999806,19775.15666666821,98866.6133333363,539148.1499999991,19952.810000002002,74907.2761333342,298401.6066666688,0.2286187343138795,0.2074788847868174,463900.0,463100.0,0.0008629989212513484,927000.0,629,411,1040,300.0,1.0,0.1364760207268391,0.2460871527970267,0.23424477836595628,0.45322366236393974,2.4268556115772557,0.8960333333334226,0.10396666666657742,32265.700000000135,158477.89333334027,723118.94666667,16667.042666663263,87586.11933333284,269320.18266666296,0.19886184142233507,0.24793864469246152,494500.0,462500.0,0.03343782654127482,957000.0,399,366,765,300.0,1.0,-0.19410469855693088,-0.11168627797670422,0.24243701236959025,0.2011603605448024,2.7503967236517854,0.33093333333328095,0.6685333333333984,16954.87200000036,75778.12533333262,548172.0319999995,25389.145333336524,90771.29626666917,348711.20333333407,0.25424295639425043,0.18569799840009543,737300.0,558400.0,0.13807208458748166,1295700.0,449,449,898,-0.1891031613536835,0.13520385081564643,-0.30339426637575695,0.0,347,194.01000000000204,78.01000000000204,189600.0,195300.0,-0.014809041309431021,384900.0,134,152,286,1226,17.826517847375204,0.43149038461538464,2.352664392424421,781900.0,955500.0,-0.0999194198227236,1737400.0,433,657,1090,5464,25.50459815673754,0.2586989409984871,2.3532180256500763,1681600.0,1770900.0,-0.025865314989138306,3452500.0,1057,1111,2168,9533,31.13482306396166,0.04608853850818678,2.3565453045834803,non_parent_window_path_1000_1030_v1_20260810
SH600036,20260106,1030,1800.0,1.0,-0.013207197756322954,0.2749402097694926,0.363109673391048,0.6896174789345854,2.5966153501003677,0.7879333333333125,0.21186666666668316,39223.39211111179,189755.25657777232,1200061.1976888892,40850.884022225466,99023.3133666685,224940.6972277777,0.2772860747552806,0.20265135855228347,300.0,1.0,-0.16946176890801345,0.05086479481703659,0.3155676976446956,0.5468404180280162,2.5017692060697203,0.6017000000000553,0.3982999999999447,29979.493999999133,143843.77013333442,1259606.8634666794,53155.529866666104,135243.60319999765,375907.27986666537,0.2978817094937925,0.17064198097640632,5863388.0,8624372.0,-0.1905735600258425,14487760.0,3810,4197,8007,615108.0,743392.0,-0.09443062200956938,1358500.0,386,434,820,50208.0,155584.0,-0.5120510029544394,205792.0,69,111,180,-0.09482341557813256,2.369387513327805,187100.0,226300.0,300.0,1.0,0.046849752421167824,0.3786246520447771,0.5176389693897436,0.7237262244482721,3.006994510795769,0.8252999999998186,0.1747000000001814,41805.0406666661,204958.05866662617,1030106.0986666407,13521.912266668194,56819.2650000032,153538.81816666454,0.211351205514625,0.2211620393445207,1183600.0,2841280.0,-0.4118582417363996,4024880.0,879,1153,2032,300.0,1.0,-0.0045355085768988505,0.37564451207993,0.31769423568373334,0.7811574473282006,2.530541631213776,0.8756666666666812,0.12426666666663853,29743.433333332316,178067.90000000226,1101542.2733333397,29594.083333335868,68251.4166666717,134670.94666666913,0.2408967249083649,0.19925310025941337,1037700.0,1932000.0,-0.30114152944741895,2969700.0,787,1027,1814,300.0,1.0,0.028032232095930414,0.36638326138768734,0.29556552265201813,0.7280265814928849,2.4844797486159034,0.9031666666666327,0.0961333333333702,45343.76999999765,219236.22666665394,1196380.6166666765,51360.00000000719,88660.86999999979,188591.82333333243,0.31407821329572855,0.22231279682839883,940200.0,1080400.0,-0.06938533108977532,2020600.0,643,577,1220,300.0,1.0,0.025908347023333007,0.17962200780400875,0.26703555844565735,0.6520993318328719,2.5653543171294713,0.7181666666667055,0.2813999999999457,38462.38333334253,158807.5166666835,1152690.6266666779,48539.38000000111,105078.76333333542,237135.5700000001,0.32969415209209585,0.18986998563771265,1131200.0,1201100.0,-0.029970415469708012,2332300.0,661,588,1249,300.0,1.0,-0.0060362405934561575,0.2985020304835147,0.2736018596816042,0.7058548704772661,2.49055268677771,0.8035999999999816,0.19640000000001842,50006.23133333278,233618.06733333325,1460040.7073333417,48934.39866667358,140085.96200000218,259799.74533333536,0.2647566583012504,0.21728994032783294,955580.0,826200.0,0.07261278047794902,1781780.0,454,418,872,300.0,1.0,-0.16946176890801345,0.05086479481703659,0.3155676976446956,0.5468404180280162,2.5017692060697203,0.6017000000000553,0.3982999999999447,29979.493999999133,143843.77013333442,1259606.8634666794,53155.529866666104,135243.60319999765,375907.27986666537,0.2978817094937925,0.17064198097640632,615108.0,743392.0,-0.09443062200956938,1358500.0,386,434,820,-0.22407541495245603,0.09614293801627312,-0.14568821039516916,0.0,405,141.50999999999476,41.37999999999738,72200.0,149200.0,-0.34778681120144533,221400.0,50,86,136,627,4.104385826333898,-0.1708898055391868,2.369387513327805,383700.0,852900.0,-0.37942746239689473,1236600.0,357,824,1181,3672,9.177813027539202,0.8085363746327977,2.3710729104919976,1177300.0,3105415.0,-0.4502085709649136,4282715.0,873,2304,3177,10826,17.757776233847103,0.8928643995788462,2.3738872403560833,non_parent_window_path_1000_1030_v1_20260810
SH600036,20260107,1030,1800.0,1.0,0.12814843045429114,0.5606388020106293,0.2608199085650466,0.7456730565643084,2.4596896162394626,0.9735555555555442,0.026433333333342388,65179.209394439175,366381.4280166674,1203993.219238889,28509.420900003246,90071.27656666716,169093.88378888805,0.20525375214933725,0.3324280765414055,300.0,1.0,0.23529184177097748,0.6682754206837913,0.15112498809266248,0.7892946941287635,2.427041837457383,1.0,0.0,103930.12773332374,504929.97946665384,1186140.610133325,22466.476066668598,89526.7627333327,140749.86606666658,0.2126254020304645,0.44800739236776976,2898833.0,9805998.0,-0.5436644533091388,12704831.0,2732,4470,7202,437013.0,1295258.0,-0.49544499677013587,1732271.0,382,667,1049,92500.0,183200.0,-0.32898077620602106,275700.0,98,108,206,0.7136440202133633,2.3565453045834803,305200.0,51000.0,300.0,1.0,0.056499056799120734,0.713428108859605,0.16341866280882222,0.6830086690681697,2.504164294852101,0.994366666666659,0.005633333333341094,34568.700000000805,329022.8700000152,757888.1533333176,18606.436666667658,54398.45333333578,144245.476666666,0.1386859139819863,0.4250161069079732,378800.0,1207500.0,-0.5224106411145433,1586300.0,375,553,928,300.0,1.0,-0.021720027149165034,0.43117725603166784,0.3063631071733026,0.7227636047940944,2.47881209908722,0.9304999999999806,0.06943333333333915,56095.66333333512,311311.19333333435,1463067.9600000037,44788.280666671744,114048.36800000416,230751.8146666712,0.2371733309197859,0.2511244511931882,486160.0,1359940.0,-0.47331130491305995,1846100.0,510,495,1005,300.0,1.0,0.28505670219827217,0.7275325045514324,0.2270536861070127,0.8232247286161318,2.528235482007807,0.9822333333333275,0.01776666666667249,96457.65863332579,518159.7586333479,1503351.4586333332,18927.725333332495,67908.75866666173,133689.03533333098,0.19688036562385808,0.3580048993656378,393660.0,2718900.0,-0.7470506592643997,3112560.0,503,1004,1507,300.0,1.0,0.06729653784483192,0.4028879580915326,0.20993670444870488,0.7319465621461105,2.404517353342703,0.9589666666666502,0.041033333333349825,45454.646666652414,243335.51666665374,1122160.8033333265,37079.176666668776,103301.75000000207,172887.60333333534,0.23809852912523097,0.2676635598192572,628000.0,1607500.0,-0.43815701185417133,2235500.0,535,943,1478,300.0,1.0,0.14646647126171014,0.42053156384572526,0.21230448985224812,0.7238000806325854,2.4153666306900643,0.9752666666666482,0.024733333333351766,54568.45999999755,291529.2499999928,1191350.329999994,29188.430000008768,111243.56666666838,192239.50666666907,0.20795070206866606,0.29110709401929347,575200.0,1616900.0,-0.4752064230646412,2192100.0,427,808,1235,300.0,1.0,0.23529184177097748,0.6682754206837913,0.15112498809266248,0.7892946941287635,2.427041837457383,1.0,0.0,103930.12773332374,504929.97946665384,1186140.610133325,22466.476066668598,89526.7627333327,140749.86606666658,0.2126254020304645,0.44800739236776976,437013.0,1295258.0,-0.49544499677013587,1732271.0,382,667,1049,0.10763661867316199,0.04821945653900295,0.04536859952957195,0.0,62,342.0199999999968,9.389999999999418,115600.0,173600.0,-0.20055325034578148,289200.0,117,106,223,984,6.234150783315044,0.3620499226861056,2.3565453045834803,667400.0,2100929.0,-0.5178318761967959,2768329.0,523,948,1471,6882,13.53823785009927,0.5839347271549646,2.359882005899705,1179300.0,2899929.0,-0.4218025023846418,4079229.0,862,1418,2280,11134,24.779217415394456,0.1504424778761062,2.3571007660577488,non_parent_window_path_1000_1030_v1_20260810
SH600036,20260108,1030,1800.0,1.0,0.14043106742267097,0.64099356586806,0.3045661416061955,0.8599551288331093,2.497174797293933,0.9539777777777797,0.045899999999997415,77685.08641111429,620279.5842833287,2102336.3649833775,28002.601111110183,81128.00944444386,155903.9133333347,0.15067941731358492,0.3105991866598892,300.0,1.0,-0.2153256216900322,0.34658840124666673,0.3705277258995207,0.8939345441598366,2.5293870824221147,0.8541333333333508,0.14526666666664823,15610.987466663815,357997.62463331595,2120185.1855000015,17007.796666663766,59749.03999999831,119703.17999999948,0.07808269196346401,0.18650334144668962,3379000.0,8753483.0,-0.442982940919843,12132483.0,4209,3814,8023,441000.0,883185.0,-0.3339299267096365,1324185.0,531,325,856,72500.0,418785.0,-0.7048556336953092,491285.0,126,69,195,0.9279420429257184,2.39721922569819,1166537.0,43600.0,300.0,1.0,0.25235987583853337,0.7588368923169301,0.15931634128514338,0.8549176584073772,2.542550149234932,0.9963333333333382,0.0035333333333255725,54351.03333332906,484677.6166666655,1986406.0566666352,18406.436666666457,54592.89333333401,138866.1866666704,0.13491831771033722,0.25374184963437924,580500.0,1104800.0,-0.31110188097074704,1685300.0,689,623,1312,300.0,1.0,0.2993677976457352,0.6153358457004958,0.2705938411236779,0.8271619224625811,2.4871127427578155,0.9693000000000029,0.03069999999999709,81954.656666667,579599.7400000165,2186095.2800000035,42966.953333332945,118890.17666666885,208674.50666666962,0.17884525892105566,0.2916730954915408,560100.0,2660700.0,-0.6521982116244411,3220800.0,679,1062,1741,300.0,1.0,0.08670706650737933,0.5581580882543853,0.2268625173244184,0.8257739898394064,2.447261393109435,1.0,0.0,64329.23133333405,489382.8579999913,2050443.4613333317,53395.42000000168,117979.98666666694,192119.66999999995,0.1938291951295557,0.27083422365262305,791000.0,1942120.0,-0.4211743355578972,2733120.0,850,815,1665,300.0,1.0,0.2678250490061158,0.8013705406622055,0.10024705201687754,0.8778974913215817,2.4391085519372253,1.0,0.0,98846.69733334455,821495.3166667132,2185381.8566666837,20776.276666663853,73750.37333333139,142738.13333333313,0.13362027355865005,0.38453588897711327,522900.0,1248200.0,-0.4095195076506126,1771100.0,760,486,1246,300.0,1.0,0.1516522372282963,0.7656716270276879,0.33137099583250224,0.8800451668078538,2.537628864301459,0.9040999999999865,0.09590000000001359,151017.91233334655,988524.3497333217,2085506.3497333308,15462.723333333095,61805.586666664974,133321.80333333134,0.15850318066463306,0.47337146635187427,483500.0,914478.0,-0.3082866826230456,1397978.0,700,503,1203,300.0,1.0,-0.2153256216900322,0.34658840124666673,0.3705277258995207,0.8939345441598366,2.5293870824221147,0.8541333333333508,0.14526666666664823,15610.987466663815,357997.62463331595,2120185.1855000015,17007.796666663766,59749.03999999831,119703.17999999948,0.07808269196346401,0.18650334144668962,441000.0,883185.0,-0.3339299267096365,1324185.0,531,325,856,-0.29440516462139327,0.10905301421020652,0.5813536416790517,0.0,112,791.3799999999974,8.389999999999418,101800.0,140700.0,-0.16041237113402063,242500.0,134,57,191,1147,8.559593862620037,0.9479789322880983,4.793863854266538,414800.0,2055937.0,-0.6642297419757749,2470737.0,556,652,1208,7170,22.032873587955002,0.7894736842105263,2.398369109005876,764100.0,3499713.0,-0.6415884092477789,4263813.0,1124,1144,2268,13156,26.85760977786093,0.8313912098617408,2.3989444644356483,non_parent_window_path_1000_1030_v1_20260810
SH600036,20260109,1030,1800.0,1.0,-0.0004690117190100747,0.3291408999970594,0.4433573154322058,0.8344692696163087,2.846029659231612,0.7727833333333587,0.22700555555553162,30867.579916670322,316768.48708890704,3075585.497950054,24326.962744444085,89231.85163333274,233855.66941111194,0.13594703599219182,0.12267942477006485,300.0,1.0,-0.018760531121128726,0.5771192084912892,0.39604195391719416,0.8886978596740517,2.715549032892869,0.8682333333333372,0.13176666666666279,58931.070000010135,674974.7800000363,4202616.6400000155,33651.97333332782,100101.46666666689,249183.19333333347,0.11945023954933602,0.17410401987601357,3708570.0,9290400.0,-0.4294055605944163,12998970.0,3655,5494,9149,495300.0,1368400.0,-0.46847668616193594,1863700.0,544,658,1202,86700.0,489100.0,-0.698853768669677,575800.0,125,221,346,0.6862342988977186,2.4186721489902046,986700.0,183600.0,300.0,1.0,-0.16393408365487933,0.05767427029632621,0.4199626321314094,0.6901187636472228,3.365339891610651,0.5842666666667113,0.4155333333332722,9429.476166669634,93329.56963334602,1545459.5562666324,15487.154000001763,49207.92066666694,211616.44400000403,0.17480755494029582,0.08112198349893965,848870.0,1610500.0,-0.3096850006302427,2459370.0,700,797,1497,300.0,1.0,-0.08975493181802525,0.1461176087349154,0.4769836685776406,0.8206415142275284,2.8616170678571753,0.6164333333334313,0.3835666666665687,11651.090000002088,114170.16000002407,2546151.113333328,16915.723333331516,60734.26999999439,238100.9033333308,0.16332812915790978,0.06281918050271044,952800.0,1819000.0,-0.3125045097048849,2771800.0,687,1306,1993,300.0,1.0,0.24734680232898096,0.4756600984751857,0.41447778030196497,0.8505827718033856,2.6865779426832335,0.8846999999999632,0.11530000000003686,47885.879999989935,287518.14956665627,3038452.0514333285,15538.03246666868,83629.14913333702,245888.1058000007,0.17088609478988984,0.11300513373518574,432400.0,1459600.0,-0.5429175475687104,1892000.0,600,902,1502,300.0,1.0,-0.05049401717896686,0.307032722712017,0.3413299172593473,0.8465804654136,2.5985669300224514,0.8221000000000398,0.1773666666666395,41718.24000000853,490603.88999995537,3380068.250000002,51854.41333333644,162684.4666666688,281549.8900000004,0.14323330942372126,0.1784152065257749,520700.0,1673300.0,-0.525341841385597,2194000.0,577,1199,1776,300.0,1.0,0.07278269112995817,0.41124149127261667,0.36466834052552094,0.9101942429320542,2.848527090323964,0.8609666666666695,0.1385000000000097,15589.723333341253,240014.3733334197,3740765.376666691,12514.479999997902,79033.8366666638,176795.47999999722,0.08808763833319046,0.0814405242632402,458500.0,1359600.0,-0.4956273032286453,1818100.0,547,632,1179,300.0,1.0,-0.018760531121128726,0.5771192084912892,0.39604195391719416,0.8886978596740517,2.715549032892869,0.8682333333333372,0.13176666666666279,58931.070000010135,674974.7800000363,4202616.6400000155,33651.97333332782,100101.46666666689,249183.19333333347,0.11945023954933602,0.17410401987601357,495300.0,1368400.0,-0.46847668616193594,1863700.0,544,658,1202,0.24797830849422975,-0.03907112556751963,0.10911509040642942,0.0,645,230.79000000000087,22.60000000000582,85200.0,486300.0,-0.7018372703412074,571500.0,116,185,301,1874,9.212430451529327,0.9822522579422724,2.4198427102238353,449300.0,2503700.0,-0.6956992888587876,2953000.0,633,1350,1983,9455,23.42774810551311,0.961643019401929,4.839099927413501,984200.0,4253400.0,-0.6241790132885291,5237600.0,1257,2867,4124,18143,36.08913108044966,0.9634026107189336,2.4198427102238353,non_parent_window_path_1000_1030_v1_20260810
SH600036,20260112,1030,1800.0,1.0,-0.00863203707413135,0.3049892660615005,0.40788667194146094,0.5868755286775206,2.552363453336504,0.7192888888889016,0.28069999999998496,39056.96591111028,273291.44035555935,1486540.4764666674,35749.437255553756,105867.47877777493,331029.34883333225,0.19729564409998163,0.20860762203221112,300.0,1.0,-0.22438975577545733,0.657403278201557,0.13303707159260555,0.6113069784059537,2.4723409332484287,1.0,0.0,45866.20213332361,677528.7754666583,1810742.1621333258,65598.40706666444,140327.4558666605,436455.1300666629,0.1362887570328488,0.3639450057064833,3723216.0,3609640.0,0.01548864453358964,7332856.0,3391,3419,6810,472816.0,372684.0,0.11842933175635718,845500.0,423,274,697,156116.0,115684.0,0.14875643855776305,271800.0,106,72,178,0.6113109089626966,2.426301103967002,776900.0,187408.0,300.0,1.0,0.262409412237821,0.5950728772925272,0.18138602598765555,0.8020679584148838,2.505184509939697,0.9929333333333246,0.007066666666675398,52772.7666666636,204976.49999999534,1654212.2899999775,18900.1966666667,49673.09999999977,168283.95666666894,0.28145719974950545,0.13972571985580237,644700.0,1013500.0,-0.2224098419973465,1658200.0,544,944,1488,300.0,1.0,0.1054061886409285,0.2531263879619664,0.37264344000402944,0.5485948519281455,2.4805972102168283,0.6390000000000146,0.3609333333333052,39533.54000000391,188871.65666667276,1506434.4833333474,29289.303333330146,83518.56666666502,239592.5933333311,0.2526626781648915,0.15600572692913506,664400.0,436400.0,0.20712209302325582,1100800.0,739,614,1353,300.0,1.0,-0.10814571971747788,0.12165686230136179,0.29808072928455914,0.5899173657913089,2.5312675682969714,0.7012333333333663,0.2987666666666337,29704.39333333347,164620.76999999967,1529817.270000008,40534.19333333118,115748.50666666473,310412.24666666525,0.25052169589242285,0.15235560245469568,694300.0,677556.0,0.012205362661970353,1371856.0,653,455,1108,300.0,1.0,-0.06121267372111735,0.1371223002109543,0.4382159802998557,0.5155006098344186,2.7755965479538767,0.5700333333332916,0.4299666666667084,13285.710000000681,128522.12666666714,1042388.6033333405,22002.03000000331,76937.30666667134,324503.1333333397,0.1717504006873852,0.15031141664106806,760600.0,472400.0,0.23373884833738848,1233000.0,519,535,1054,300.0,1.0,-0.025859674109485167,0.06555389040063284,0.44466581486762397,0.45386540769040684,2.5491939503632377,0.4125333333334129,0.5874666666665871,53179.18333333425,275228.81333335687,1375648.0500000054,38172.49313332673,168999.93679998914,506929.03293333104,0.20564107217112707,0.23596842549531688,486400.0,637100.0,-0.13413440142412106,1123500.0,513,597,1110,300.0,1.0,-0.22438975577545733,0.657403278201557,0.13303707159260555,0.6113069784059537,2.4723409332484287,1.0,0.0,45866.20213332361,677528.7754666583,1810742.1621333258,65598.40706666444,140327.4558666605,436455.1300666629,0.1362887570328488,0.3639450057064833,472816.0,372684.0,0.11842933175635718,845500.0,423,274,697,0.35241401214005647,0.10294068722276754,-0.0460923692388604,0.0,152,317.51000000000204,64.38999999999942,230708.0,113592.0,0.3401568399651467,344300.0,82,108,190,895,7.477264236706853,0.8422949002217295,2.4257125530624624,509308.0,268292.0,0.3099485596707819,777600.0,383,324,707,3638,10.290283551824016,0.4307342922028766,2.4251242876197403,1065908.0,655892.0,0.23813218724590546,1721800.0,777,799,1576,7753,17.233933506748897,0.38457449129781046,2.4251242876197403,non_parent_window_path_1000_1030_v1_20260810
SH600036,20260113,1030,1800.0,1.0,-0.10295598259438284,-0.19116769130778818,0.5858090373624498,-0.3026037467331122,3.1450475932934636,0.36505000000001825,0.6349499999999817,12009.229888892127,75062.12282778416,498578.00176111143,22451.093772222997,180913.99017777952,1028307.6985055496,0.13462320079985793,0.1676458905606746,300.0,1.0,-0.07646706291596674,-0.43893801221173534,0.5414389486467649,-0.4688784237539312,3.410797443161311,0.20303333333332071,0.7969666666666793,14881.656666664441,73621.7699999911,458363.82666665345,37838.14426667165,291724.98666666873,1282672.244533333,0.14430072245430473,0.2098444499285126,6865498.0,9541825.0,-0.16311783464005675,16407323.0,4816,3311,8127,1518600.0,1787500.0,-0.08133450288859986,3306100.0,898,443,1341,100300.0,321700.0,-0.5246445497630332,422000.0,175,81,256,0.935374149659864,2.42101440503571,170700.0,5700.0,300.0,1.0,0.09954151980256012,0.43756201761702984,0.46373622819398463,0.12644380839377856,3.1276447826132134,0.8067666666667356,0.19323333333326445,13141.581333345042,94284.29320000992,498202.6278666736,5036.565600000288,32479.40693332818,466207.4646666657,0.14340183281352945,0.13144169800250813,602544.0,1864100.0,-0.5114463213986291,2466644.0,655,787,1442,300.0,1.0,-0.03097905136300445,-0.13860614836670804,0.5709304912359415,-0.3862670288698606,3.281606658038716,0.4420000000000679,0.5579999999999321,10686.403200000153,70290.09230002173,448299.72016667546,15506.093833332832,132735.17716667068,1033850.2339666631,0.12901101967324333,0.13698024879365725,794610.0,1466845.0,-0.29725773893356267,2261455.0,640,649,1289,300.0,1.0,-0.4439154408947159,-0.6357778184222521,0.2976241041959138,-0.42451341464912495,3.0094281294827274,0.06720000000001164,0.9327999999999883,7432.849333336359,54136.92946667291,505496.1245333472,37275.474666670765,304070.9966666635,1240520.8365666666,0.12481109640037742,0.20515718582003958,1362140.0,1126180.0,0.09482703189300412,2488320.0,782,512,1294,300.0,1.0,-0.10767568570048532,-0.2866087128545405,0.46827072919568213,-0.404894100773893,3.114077452115844,0.19463333333335564,0.8053666666666444,14013.555466671027,82710.22866667375,452318.4246666642,25375.807599998083,195022.04363332994,1065237.8781666623,0.14182494076209157,0.1830128290999606,1847904.0,1931000.0,-0.021989444558528082,3778904.0,1024,553,1577,300.0,1.0,-0.0582401744946866,-0.08463747360852657,0.48930256531870986,-0.25751332074564265,2.9267310943496256,0.47666666666661817,0.5233333333333818,11899.333333335437,75329.42333333605,628787.2866666721,13674.476666663302,129451.32999999898,1081357.5331333354,0.12488385545867474,0.11974468534032286,739700.0,1366200.0,-0.29749750700413125,2105900.0,817,367,1184,300.0,1.0,-0.07646706291596674,-0.43893801221173534,0.5414389486467649,-0.4688784237539312,3.410797443161311,0.20303333333332071,0.7969666666666793,14881.656666664441,73621.7699999911,458363.82666665345,37838.14426667165,291724.98666666873,1282672.244533333,0.14430072245430473,0.2098444499285126,1518600.0,1787500.0,-0.08133450288859986,3306100.0,898,443,1341,-0.24777032090394716,0.08178333175145688,1.3743121618715994,0.0,480,65.22000000000116,150.2300000000032,79600.0,345800.0,-0.6257639868359192,425400.0,117,101,218,1519,21.658097270781173,0.8636363636363636,2.42160067804819,519000.0,1999700.0,-0.5878826378687418,2518700.0,616,444,1060,6407,36.21663725019994,0.49576669802445905,2.4251242876197403,1513900.0,4341600.0,-0.4829135001280847,5855500.0,1258,1077,2335,13593,42.22081321185371,0.8015665796344648,2.4268899405411966,non_parent_window_path_1000_1030_v1_20260810
SH600036,20260114,1030,1800.0,1.0,-0.04310186975063668,0.14212205438827896,0.4587436536019628,0.48142254389272476,2.778421935052008,0.6220555555555741,0.37748888888887855,25810.672044440656,149367.32086110665,1858217.0194499833,23431.600411110427,76566.12504444443,302629.2669611117,0.21795034488225462,0.10455785185942092,300.0,1.0,-0.11862904797591539,0.08244030139075596,0.4333415479174658,0.7878563454300621,2.758117978495862,0.5390666666666463,0.4609333333333537,18537.451533329353,135114.06153332128,2951277.884866608,30508.79213333639,99556.84039999872,302788.284500002,0.2090001072250614,0.07211620468645777,7335692.0,7143804.0,0.013252394972863697,14479496.0,4082,3254,7336,1009800.0,1026700.0,-0.008298551436287748,2036500.0,587,385,972,151600.0,321400.0,-0.358985200845666,473000.0,68,70,138,-0.6177291547512551,2.4405125076266017,39100.0,165467.0,300.0,1.0,-0.03805806591100215,-0.30824490534759674,0.36776807682445467,-0.3534285360959292,2.809301387817146,0.18813333333336535,0.8117333333332984,9573.083999998782,33666.27956666558,225711.35526665885,12153.893333331218,69819.50666666531,447929.48333332746,0.20995131915354898,0.15362160413018197,1743000.0,1175400.0,0.19449013157894737,2918400.0,950,906,1856,300.0,1.0,-0.06940911468656658,0.11054575402543909,0.3942228828943475,0.05417694286739773,2.8764971886252955,0.6499333333333925,0.34919999999995827,13690.453400001581,71902.95406667147,520842.1299000285,14182.423266665082,54089.889733333745,378907.0215333323,0.22122587145433978,0.14003107821695654,1025792.0,1231304.0,-0.09105151043641918,2257096.0,557,716,1273,300.0,1.0,-0.09968091416609719,0.31831946443188075,0.39260994938136634,0.8047317446335186,2.7898001855316097,0.8104000000000815,0.1890666666665978,18512.673333327642,179469.25666666415,2124269.659999949,25739.513333327926,82392.54453333287,202166.17679999923,0.16899061437700091,0.11255921915310262,1595800.0,1301800.0,0.1014632799558255,2897600.0,765,421,1186,300.0,1.0,-0.06327750168538608,0.0957803540469667,0.38701876299677823,0.7260170928814689,2.9146171188199523,0.5966999999999583,0.4028666666667171,24214.859999998607,98169.66000000288,2031557.8466666227,24173.73706667161,65163.38226666968,253058.29560000906,0.2962572446772071,0.07149255371391418,1057000.0,1363800.0,-0.1267349636483807,2420800.0,590,473,1063,300.0,1.0,0.1304434259211473,0.5538913577822281,0.26488109342522154,0.8691816736398332,2.5221977510221536,0.9481000000000009,0.051133333333345944,70335.5099999883,377881.7133333072,3295643.239999969,33831.2433333314,88374.58666666759,230926.33999999956,0.22341092942513663,0.13221242043379133,904300.0,1044800.0,-0.07208455184444103,1949100.0,633,353,986,300.0,1.0,-0.11862904797591539,0.08244030139075596,0.4333415479174658,0.7878563454300621,2.758117978495862,0.5390666666666463,0.4609333333333537,18537.451533329353,135114.06153332128,2951277.884866608,30508.79213333639,99556.84039999872,302788.284500002,0.2090001072250614,0.07211620468645777,1009800.0,1026700.0,-0.008298551436287748,2036500.0,587,385,972,-0.059681752997523,-0.021550946409151443,-0.7001694561420111,0.0,535,117.20999999999913,84.75999999999476,120500.0,140100.0,-0.07521105141980046,260600.0,100,70,170,887,10.356938822759224,-0.6375246585651498,2.4405125076266017,953368.0,715532.0,0.14251063574809755,1668900.0,548,442,990,4729,20.993271783737278,0.24977046430617184,2.4405125076266017,2458468.0,1352032.0,0.2903650439574859,3810500.0,1105,939,2044,10127,31.50507120266065,-0.9385819883926162,2.4345709068776626,non_parent_window_path_1000_1030_v1_20260810
SH600036,20260115,1030,1800.0,1.0,0.14924723029850617,0.4879006654066944,0.46766799760805156,0.8246773001927,2.666829192832916,0.7986833333333319,0.2011888888888926,351907.6482222071,1520994.6834887387,4523821.987700046,42658.135355552804,140734.82622222137,410117.68088888394,0.23744284570500906,0.33679566863982396,300.0,1.0,-0.09404234636513295,-0.11785617743296202,0.32212554085046297,0.7507567908917677,2.8040557129500754,0.3130666666666851,0.6869333333333149,24774.76273332523,141393.10979998927,3939344.45806663,30912.46026666522,178682.8274666732,443695.2431333357,0.17398128542726463,0.07302601826285848,5576360.0,10432931.0,-0.3033595304126835,16009291.0,5557,4819,10376,653854.0,970700.0,-0.19503568363994056,1624554.0,562,482,1044,117200.0,164200.0,-0.1670220326936745,281400.0,99,84,183,-0.08142587277054046,2.4940765681506423,187210.0,220400.0,300.0,1.0,0.10984332404897643,0.7760515197040434,0.15494948987777304,0.8377673412274718,2.553179151028807,1.0,0.0,159802.37773334497,2041203.014399937,4916442.834400015,65534.34199999566,168583.42086666406,430962.9548666648,0.10197217076597484,0.4132445754728559,1093400.0,2630600.0,-0.412781954887218,3724000.0,1147,1242,2389,300.0,1.0,0.39571232766592923,0.8921592957049786,0.05972310370323533,0.8369392362536687,2.5604047460124675,1.0,0.0,723005.1843332857,3648297.0181330997,4964849.108133292,50907.6435333295,183059.13353332886,438795.4278666645,0.20199448895660765,0.7090318628735314,1062406.0,2666131.0,-0.43012178771459153,3728537.0,1342,1172,2514,300.0,1.0,0.49097549638044163,0.6418932782669277,0.34416778420401706,0.8274351897335943,2.505232739228388,0.9190333333333304,0.08073333333333721,1129977.1578666705,2018575.8586000372,4101335.1789333234,54390.60833332796,155828.34499999884,388096.7896666636,0.5446861095278923,0.4843383792890208,1302400.0,1860000.0,-0.17632178092587908,3162400.0,1233,806,2039,300.0,1.0,0.03177570730234074,0.5067816724980739,0.4001895390416827,0.8453927040928849,2.7050310989387705,0.8701666666666279,0.12930000000005143,61787.37999995109,1023913.6033330014,4405409.503333341,41566.791999998495,94741.20266666595,368040.6200000085,0.09239147898496608,0.23434932325604757,839900.0,1574900.0,-0.3043730329633924,2414800.0,620,698,1318,300.0,1.0,-0.03878112724152775,0.22837440369907971,0.4444260816719827,0.8497725389567713,2.8730717088407034,0.6898333333333478,0.3101666666666521,12099.026666671278,252585.49666662782,4815550.843333294,12636.96599999755,63514.02779999758,391115.04980000324,0.07825381170189175,0.060710545088653894,624400.0,730600.0,-0.07837638376383764,1355000.0,653,419,1072,300.0,1.0,-0.09404234636513295,-0.11785617743296202,0.32212554085046297,0.7507567908917677,2.8040557129500754,0.3130666666666851,0.6869333333333149,24774.76273332523,141393.10979998927,3939344.45806663,30912.46026666522,178682.8274666732,443695.2431333357,0.17398128542726463,0.07302601826285848,653854.0,970700.0,-0.19503568363994056,1624554.0,562,482,1044,-0.6057568428396565,0.10832384677274293,0.03643030466242156,0.0,217,781.3799999999974,62.62000000000262,300000.0,169400.0,0.2782275244993609,469400.0,207,63,270,1213,7.883792570548602,-0.21269144761824396,2.4922118380062304,946710.0,1074100.0,-0.06303907838935872,2020810.0,732,801,1533,6241,25.056095907393416,0.5067829005640763,2.4940765681506423,1504710.0,1746000.0,-0.07422686120878208,3250710.0,1473,1453,2926,11558,34.274125545680526,-0.10644391408114559,2.4922118380062304,non_parent_window_path_1000_1030_v1_20260810
SH600036,20260116,1030,1800.0,1.0,0.05193013924818076,0.3012531341778372,0.5460206756347451,0.5940596644979657,3.4026756153536657,0.699433333333327,0.3001833333333424,48047.60950000079,311213.64816667256,1756352.8031943876,14863.53533333372,56711.47066666621,185526.96680555548,0.17098899100126877,0.1894685368875075,300.0,1.0,0.19761932082411623,0.22253844888893629,0.40893487970688686,0.09271449038947198,2.907456260157672,0.6845333333333837,0.3148999999999311,27213.096666675367,72698.65000000017,270339.25000000204,12954.753333329569,48603.63666666102,220140.1034999938,0.3311384402042332,0.24731374685002355,8213400.0,14816915.0,-0.2867314233435366,23030315.0,8446,10320,18766,940700.0,925300.0,0.0082529474812433,1866000.0,731,584,1315,81800.0,82800.0,-0.006075334143377886,164600.0,148,67,215,0.2577866136514248,2.5611473940325267,94900.0,56000.0,300.0,1.0,0.21277046268069474,0.6437133576340948,0.27259256775872037,0.7118885025018904,2.751395497708576,0.9717000000000068,0.02819999999999709,172885.37483332006,805741.7543332827,1752460.817666666,41726.59200000487,130313.46733333987,292997.48733333475,0.2292727628303956,0.4576261561423626,2296300.0,3684845.0,-0.23215370969939703,5981145.0,2543,1953,4496,300.0,1.0,-0.03463718079684889,0.3955450191834377,0.5882506503385249,0.8789119203747083,3.1381640603773544,0.7730666666666851,0.22686666666663466,22433.726000011022,329847.10150004167,2646379.8708333126,13608.930000003513,64367.476666669136,173456.80666667054,0.09142902874782151,0.13980050026025423,1226000.0,2481670.0,-0.33866822020298465,3707670.0,1643,2243,3886,300.0,1.0,-0.0390184473859594,0.40512465965197353,0.6342173830750176,0.9117230612340734,3.540311037306801,0.7110666666666172,0.28893333333338284,34525.963499990685,449353.7409999579,3208264.1866666763,8527.933333330764,38293.07999999921,147677.02666666606,0.08828909567181457,0.1453085110855068,1356200.0,3008200.0,-0.37851709284208596,4364400.0,1537,1894,3431,300.0,1.0,-0.032791844945978636,0.18711830404365423,0.5266038003053854,0.7729907812916625,4.0633623954982285,0.6020666666665784,0.3969000000001203,17245.99933334026,173113.4755000483,2400488.1706666453,4988.433333333695,22723.683333333163,114131.77333333348,0.113535310658745,0.07787942639231019,1143400.0,2307900.0,-0.3374090922261177,3451300.0,1140,1803,2943,300.0,1.0,0.007638525113061019,-0.04652098433508578,0.49455645754756994,0.1961292311960119,4.015364441073262,0.4541666666666909,0.5452999999999883,13981.496666665558,36527.166666670935,260184.52333333815,7374.569999999841,35967.479999995114,164758.6033333299,0.2945881889025771,0.1705984686358558,1250800.0,2409000.0,-0.3164653806218919,3659800.0,852,1843,2695,300.0,1.0,0.19761932082411623,0.22253844888893629,0.40893487970688686,0.09271449038947198,2.907456260157672,0.6845333333333837,0.3148999999999311,27213.096666675367,72698.65000000017,270339.25000000204,12954.753333329569,48603.63666666102,220140.1034999938,0.3311384402042332,0.24731374685002355,940700.0,925300.0,0.0082529474812433,1866000.0,731,584,1315,-0.07871468528890094,0.29498437082477985,0.035248164762488515,0.0,1118,155.5,44.94000000000233,154288.0,89412.0,0.2662125564218301,243700.0,158,70,228,1284,12.538914625722695,-0.5235507246376812,2.5585262888576183,861188.0,795912.0,0.039391708406251884,1657100.0,761,640,1401,6716,23.586536819156866,0.388035305655443,2.557871850620284,1451888.0,1575812.0,-0.040930078937807576,3027700.0,1329,1308,2637,12739,31.495459002822393,-0.026169706582077717,2.559836170485089,non_parent_window_path_1000_1030_v1_20260810
SH600036,20260119,1030,1800.0,1.0,0.037665264993581984,0.11310277289291283,0.4608467080785735,0.2308532185806654,2.950542078606877,0.5046611111111674,0.4948222222221658,44134.1327555617,175581.11218889448,1059262.5840166935,28254.543411108978,130141.03265555261,610147.1745777744,0.2367793023416815,0.1831318783603163,300.0,1.0,0.1820275894506198,0.6932943767380415,0.19911660190749023,0.8048691528058288,3.106066376297123,0.9853666666666928,0.01463333333330714,79032.18866666914,330272.85806666355,1895658.0447333395,15901.045366671318,50411.85140000442,199126.46083334365,0.24937495957308112,0.18172977146576935,5476500.0,6444748.0,-0.0812203554527177,11921248.0,4612,3164,7776,858600.0,943013.0,-0.0468541246094472,1801613.0,640,448,1088,110200.0,158100.0,-0.17853149459560194,268300.0,128,77,205,0.7786235331430383,2.5796465884173867,280400.0,34900.0,300.0,1.0,0.11256613410524925,0.0895083953113409,0.2717989673148915,0.21386735213714303,2.7116623283618213,0.634800000000032,0.3633333333333091,32093.47000000319,150341.17666667266,1000177.5900000241,26317.756666660905,123323.86666666053,613990.8685333258,0.2134405839898129,0.16953933270508093,820500.0,812100.0,0.005145167217934583,1632600.0,814,641,1455,300.0,1.0,0.00041151445141105283,-0.1399681714545615,0.2270568705951163,0.10660118041203163,2.7263657901336713,0.2750333333334856,0.7248333333331781,30569.484400003857,124332.00696668029,903295.075733342,33644.956666665414,166661.39666666545,712238.8593333262,0.22067318456324886,0.18012212391028312,771000.0,966449.0,-0.11249193501507095,1737449.0,1000,568,1568,300.0,1.0,-0.185737730564725,-0.2993440303937487,0.25811155589717144,-0.04515243410134148,2.812457935162461,0.08766666666667637,0.9116999999999825,30971.730133333105,110784.60786666545,741220.7690000025,47282.80333333433,210622.02373332542,817328.030833332,0.24347516750699694,0.20622173116065465,1164700.0,993686.0,0.07923235232252247,2158386.0,891,386,1277,300.0,1.0,-0.10322820720478078,-0.15548084181507243,0.2559915394860937,-0.06782786873601702,2.6994088728815413,0.24593333333345072,0.7535999999998846,33339.276666670106,125779.4166666703,710355.9946333478,35403.55456665711,171094.83316665754,822027.5263666472,0.23155538505586476,0.19373364811414517,794200.0,1426200.0,-0.28463339938749777,2220400.0,688,586,1274,300.0,1.0,0.21995228972371797,0.49060690897147463,0.43711002407377036,0.3727619289663497,3.647291168804578,0.7991666666666667,0.20083333333333334,58798.6466666915,211976.6069000141,1104868.030000065,10977.143866665698,58732.224300003,496171.3015666627,0.25775217684643004,0.1690831860670842,1067500.0,1303300.0,-0.09946009785726337,2370800.0,579,535,1114,300.0,1.0,0.1820275894506198,0.6932943767380415,0.19911660190749023,0.8048691528058288,3.106066376297123,0.9853666666666928,0.01463333333330714,79032.18866666914,330272.85806666355,1895658.0447333395,15901.045366671318,50411.85140000442,199126.46083334365,0.24937495957308112,0.18172977146576935,858600.0,943013.0,-0.0468541246094472,1801613.0,640,448,1088,0.5801916038451287,0.03436623084327051,0.08532915640499683,0.0,316,129.87000000000262,109.32999999999447,142100.0,149100.0,-0.02403846153846154,291200.0,141,79,220,1159,11.389867191982008,0.7047705562914437,2.5789813023855577,517800.0,1272300.0,-0.4214848332495391,1790100.0,570,673,1243,6165,19.307515699548127,0.8678007788481246,2.582311168495804,984660.0,2079970.0,-0.35740366700058407,3064630.0,1080,1126,2206,12313,32.28189036515573,0.7288987337587198,2.580978190734288,non_parent_window_path_1000_1030_v1_20260810
SH600036,20260120,1030,1800.0,1.0,0.013102964879039725,0.03026749327055184,0.5685074644475869,0.12863732875189596,3.0419060168214007,0.4315222222222292,0.5681388888888856,24958.049750004215,139534.12746111455,694400.716372244,18910.219388888945,93186.16789444369,529320.9901388839,0.18850212041828873,0.19017419901707203,300.0,1.0,0.02380689315087196,-0.20497530444040257,0.4060759683945453,-0.45013854926408403,2.77416420264,0.33843333333337794,0.661566666666622,18793.05999999685,71201.84666666397,316327.8733333309,24410.06333333317,148944.22999999492,866349.989999992,0.19624752794821498,0.18614204551540972,6779120.0,6650323.0,0.009590643483873456,13429443.0,4378,3661,8039,1814100.0,941000.0,0.3169031977060724,2755100.0,838,593,1431,1067600.0,291900.0,0.5705774181684443,1359500.0,286,179,465,-0.47863247863247865,2.573671342169605,97600.0,276800.0,300.0,1.0,0.22892038760719713,0.676081473196509,0.25430672761509654,0.786356782793314,3.171192519513547,0.9801999999999922,0.01980000000000776,25807.713966672964,287604.31063334085,1028210.0273000019,8774.744733332542,32418.056166665516,122289.6128333329,0.10806263026489439,0.2781594671015438,723900.0,1670299.0,-0.3952883615772958,2394199.0,617,807,1424,300.0,1.0,0.09802745955464338,0.3263677052888586,0.4977691194639357,0.7109650404059069,2.9201331856382726,0.6330999999999525,0.3660666666667142,62811.73000001363,234398.26666667868,1126788.226666676,14538.810000002011,49121.98666666838,178655.08000000412,0.27282192044697157,0.21718312230447437,686700.0,1041600.0,-0.20534629404617255,1728300.0,629,483,1112,300.0,1.0,0.03768671546165468,0.07604427569716973,0.6126261375832197,0.5368922053826971,3.7390835906432085,0.4339000000000912,0.565466666666592,16748.644000001335,127611.57733333301,958433.2440000132,10026.540799998726,49917.16733333425,255840.66253333061,0.15082168721619627,0.1462015643352642,717344.0,1088956.0,-0.20573105242761447,1806300.0,631,522,1153,300.0,1.0,-0.1946266403668495,-0.27349047379687835,0.3676630690553188,-0.17064320553118725,2.8334479894495908,0.11113333333334595,0.888866666666654,11054.097200001128,59504.33346666804,496985.04693332425,25942.740799998515,98573.81053333319,634737.1754666625,0.2340414497781512,0.13967927895307455,988776.0,878668.0,0.058961875161986116,1867444.0,719,508,1227,300.0,1.0,-0.1151970261332775,-0.4184227163219414,0.3091864797145589,-0.641608301275249,2.813414613044064,0.09236666666661525,0.9070666666667239,14533.053333338052,56884.43000000231,239659.8800000009,29768.416666667934,180141.75666666732,1118053.419999993,0.18690538215639113,0.17457749487072913,1848300.0,1029800.0,0.28438900663632255,2878100.0,944,748,1692,300.0,1.0,0.02380689315087196,-0.20497530444040257,0.4060759683945453,-0.45013854926408403,2.77416420264,0.33843333333337794,0.661566666666622,18793.05999999685,71201.84666666397,316327.8733333309,24410.06333333317,148944.22999999492,866349.989999992,0.19624752794821498,0.18614204551540972,1814100.0,941000.0,0.3169031977060724,2755100.0,838,593,1431,-0.2352427977109544,0.30731255422219894,-0.2736571741920761,0.0,319,181.5,139.23999999999796,929800.0,298300.0,0.514208940640013,1228100.0,380,282,662,2927,15.754513479340615,-0.8090709583028529,2.5703637064644647,2089119.0,1060205.0,0.3267094779705105,3149324.0,1422,902,2324,10744,25.847517277114537,0.2894356005788712,2.573671342169605,2756819.0,2678805.0,0.014352354025959116,5435624.0,2135,1677,3812,17060,35.33186345256094,-0.22415940224159403,2.5749967812540238,non_parent_window_path_1000_1030_v1_20260810
SH600036,20260121,1030,1800.0,1.0,0.16551129083701122,0.43659132876717416,0.35214264662095507,0.6999139533253307,2.6696263045380757,0.8754722222222093,0.1241722222222274,56750.22557777382,322042.654466657,1771758.2981889078,41451.18462221755,116661.40899999894,302622.6241444431,0.22384431414653455,0.211486742258111,300.0,1.0,-0.0875212442594871,-0.05936078121080341,0.28543174798550547,0.4388176287577113,2.7014664399190176,0.48339999999991656,0.5155000000000534,21011.97666666368,108141.57999997691,1109703.3334999317,31950.80600000389,115470.03466666806,413209.3647333332,0.23685166240413436,0.1468315386207347,3692323.0,4643542.0,-0.1141116128920034,8335865.0,2684,5037,7721,617530.0,604400.0,0.010745296375406119,1221930.0,368,461,829,152200.0,180300.0,-0.08451127819548872,332500.0,88,103,191,0.43047337278106507,2.577651759247326,96700.0,38500.0,300.0,1.0,0.1335978562594916,0.6569102017275816,0.24875104933313436,0.8104931381857539,2.6415492198244226,0.9827999999999883,0.01720000000001164,65653.46223333686,349737.8663333292,1632798.6229999957,17934.562833332802,43278.79709999908,170596.7366333317,0.21268315784999692,0.217931504222811,629523.0,1166500.0,-0.29898113776939383,1796023.0,493,1228,1721,300.0,1.0,0.17977721649684938,0.5525220168076838,0.21530811185788504,0.7610424075426333,2.6703635608986875,0.9609666666666695,0.03903333333333042,33639.54963333657,299689.89546667103,1789210.652133329,14590.949899998357,72870.96656666296,242354.89349999776,0.12945669942383703,0.1833860900201429,395900.0,768277.0,-0.3198628730854501,1164177.0,412,1290,1702,300.0,1.0,0.2863826214389373,0.5029407128703024,0.23182996849223786,0.7846528550178736,2.710976880189216,0.9843666666666346,0.014600000000015522,29460.092933325424,236095.50933332776,2011279.2359999875,12944.623333334277,51948.50333333428,240334.03000000262,0.1472161003246834,0.1279278360170504,556000.0,472400.0,0.08129132633216647,1028400.0,486,799,1285,300.0,1.0,0.26612496249211526,0.4208707766625224,0.36678387793583456,0.6328911538054459,2.6138383509766605,0.8485333333333983,0.15146666666660166,113655.21533332329,640081.3024999906,2063661.9345000037,148407.52899996456,339015.67233332904,492938.2956666605,0.26765759783692633,0.3829683512034623,976170.0,1240165.0,-0.11911331093900517,2216335.0,495,917,1412,300.0,1.0,0.21470633259416624,0.5456650457457567,0.20383789100098595,0.7715865366425645,2.679563375420275,0.9927666666666483,0.007233333333351766,77081.05666665819,298509.773166652,2023896.0099999905,22878.63666667058,77384.4800000032,256302.424333337,0.26592503740409934,0.16485155305202953,517200.0,391800.0,0.13795379537953795,909000.0,430,342,772,300.0,1.0,-0.0875212442594871,-0.05936078121080341,0.28543174798550547,0.4388176287577113,2.7014664399190176,0.48339999999991656,0.5155000000000534,21011.97666666368,108141.57999997691,1109703.3334999317,31950.80600000389,115470.03466666806,413209.3647333332,0.23685166240413436,0.1468315386207347,617530.0,604400.0,0.010745296375406119,1221930.0,368,461,829,-0.49595210997797756,0.12485690926740953,0.48983415399186847,0.0,148,345.8899999999994,62.20999999999913,64200.0,112800.0,-0.2745762711864407,177000.0,67,87,154,639,1.8229099937389193,-0.1752136752136752,2.5783163594173004,295100.0,331461.0,-0.05803265763429259,626561.0,390,330,720,3247,11.23833649180106,0.2196478220574606,2.5769875016106174,834200.0,1108761.0,-0.14131060788147576,1942961.0,715,1427,2142,8407,18.804163160120375,-0.07565435640014342,5.150656708730364,non_parent_window_path_1000_1030_v1_20260810
SH600036,20260122,1030,1800.0,1.0,-0.06157610597706265,-0.12251094586541282,0.5402489271968889,0.004207544446683392,3.0728485612804612,0.44486666666669206,0.5549944444444231,32774.91581667123,134973.9899944523,636414.1738833342,46807.53399444347,195113.5090722173,656599.220516663,0.24109501279550422,0.255285444448038,300.0,1.0,-0.02685385874715753,0.10002703342540102,0.5559225522109417,0.516044934536894,3.2462919354918416,0.6196333333334042,0.38036666666659585,64696.091000006134,249050.03499999986,1397955.6983333111,104896.33200000395,262129.91633330786,430174.99700000416,0.33176657761647954,0.27961893131503185,11991367.0,12192483.0,-0.008316128325308005,24183850.0,5327,4740,10067,3146480.0,4082520.0,-0.129484022686402,7229000.0,1607,994,2601,1365680.0,813420.0,0.25343490431829657,2179100.0,435,221,656,0.628698224852071,2.623638987275351,330300.0,75300.0,300.0,1.0,-0.12587983387443102,-0.3765384459778682,0.3215694703331386,-0.5925845643341529,3.028817734840744,0.1722000000000844,0.8277999999999156,17712.226666667826,68800.4266666717,229120.11000000814,31884.55450000098,193083.37449999832,907914.8244999956,0.18938468490880067,0.23032168425135505,2610000.0,704100.0,0.5750882592559066,3314100.0,872,649,1521,300.0,1.0,-0.28521917331394303,-0.7842240195730025,0.19197878170882932,-0.7394640325208209,2.821493579173324,0.01439999999999903,0.9856000000000009,8054.86596666716,32781.845099999395,195962.94843333447,40480.84799999427,352449.91393332876,1304945.7439333312,0.12599094656279983,0.2566656859224969,1609931.0,531800.0,0.5033923494593859,2141731.0,904,529,1433,300.0,1.0,-0.06322332210677165,-0.01372458800520711,0.48305574514089095,-0.09473980632387584,2.9759309711724495,0.49166666666671516,0.5074999999999757,22629.920933336372,109837.67353334744,429943.3635333393,23692.109466666774,92126.9963333294,640577.9076666621,0.22935709711298397,0.1886601184862814,1134656.0,1597853.0,-0.16951343984594378,2732509.0,618,845,1463,300.0,1.0,0.11520057830971263,0.16604255982683466,0.36936624116685274,0.5060173587387848,2.7931302497620596,0.7455333333332965,0.25446666666670353,42354.631666673835,198042.7250000111,801996.1116666748,39285.164999993445,161100.14166666966,279690.21000000153,0.22731844133336743,0.33202127037467644,1580350.0,2396600.0,-0.20524522561259256,3976950.0,543,868,1411,300.0,1.0,0.016518973870212252,0.1733517851113529,0.4444961397165902,0.4299713765832607,3.571426897242213,0.625766666666653,0.3742333333333469,41201.758666675334,151331.23466667667,763506.8113333316,40606.195000000575,109790.71166667734,376291.6400000039,0.313294055958966,0.22909484218713727,1909950.0,2879610.0,-0.20245283491594218,4789560.0,783,855,1638,300.0,1.0,-0.02685385874715753,0.10002703342540102,0.5559225522109417,0.516044934536894,3.2462919354918416,0.6196333333334042,0.38036666666659585,64696.091000006134,249050.03499999986,1397955.6983333111,104896.33200000395,262129.91633330786,430174.99700000416,0.33176657761647954,0.27961893131503185,3146480.0,4082520.0,-0.129484022686402,7229000.0,1607,994,2601,0.22253797929081384,-0.12116789436109399,0.5286711914266701,0.0,531,146.55999999999767,220.9300000000003,608400.0,1914400.0,-0.517678769621056,2522800.0,585,187,772,4433,7.189662778336236,-0.23881586645344982,2.6291573550677008,5003332.0,7733500.0,-0.2143522031224091,12736832.0,3060,1381,4441,24389,39.164763114621174,-0.5583789704271632,2.6284662899198317,6938632.0,9933600.0,-0.17750870187180925,16872232.0,4476,1962,6438,35187,45.86735516147611,-0.1295387634936212,2.6284662899198317,non_parent_window_path_1000_1030_v1_20260810
SH600036,20260123,1030,1800.0,1.0,0.02852593979522884,0.1064067996223292,0.5300509799085213,-0.10369184328370541,2.8525363110530466,0.6142499999999967,0.38561666666667105,42655.16111110593,185630.0477777719,703319.4394444533,37595.08488888899,220658.53155555573,1159575.6901667,0.19752030965693462,0.21809525017016565,300.0,1.0,0.0951487393001462,0.5119819358451745,0.29024955723697354,0.5915434380195173,2.940460150608391,0.920799999999969,0.07883333333338668,36506.73999998031,242335.49999998987,1141438.5166666335,21424.563333338392,69100.62333333529,257440.75666666904,0.1860134357995323,0.22263259544279565,5170400.0,7854600.0,-0.2060806142034549,13025000.0,4405,4507,8912,783800.0,2481900.0,-0.5199804023639648,3265700.0,826,1065,1891,159200.0,314000.0,-0.32713440405748095,473200.0,230,130,360,0.5908152734778122,2.638870563398865,308300.0,79300.0,300.0,1.0,0.14990499742962063,0.19083579768257186,0.525228354280947,-0.13137942148647308,2.710695738859451,0.6994333333333391,0.3005666666666608,64219.166666657205,221769.72999999323,682378.929999999,31393.316666670045,140769.71333333984,953778.4800000112,0.2637298784767465,0.22157980712462796,651200.0,874900.0,-0.14658279273966318,1526100.0,550,560,1110,300.0,1.0,-0.1704272611119612,-0.2533118082671685,0.34991806730859787,-0.43161790220610186,2.6814237036063804,0.3244000000000233,0.6754333333333004,58084.50999999772,189522.2100000022,699914.5899999955,54255.439999998816,335448.9199999741,1829784.9099999936,0.21399262469919367,0.20752311885264574,1247300.0,614800.0,0.3396702647548467,1862100.0,1082,528,1610,300.0,1.0,-0.22190882389493222,-0.5439489255769009,0.27613850318724026,-0.5713356652228022,2.7162964236594718,0.054566666666675395,0.9454333333333246,28874.223333330974,118828.02666666447,661685.7700000018,85049.32266666733,608287.1123333386,2433114.2456666674,0.1566788255250422,0.23494737473153687,1013900.0,649500.0,0.21906937597691475,1663400.0,687,523,1210,300.0,1.0,0.16359111709611956,0.331427876151904,0.3344404330737406,-0.06562240976195215,2.935459206060442,0.8887333333332935,0.11100000000003396,30542.636666663624,143913.73666666012,489712.5066666641,15722.756666664527,91222.36699999291,723106.4533333356,0.1967600577362527,0.19387568253934048,846800.0,2015900.0,-0.4083906801271527,2862700.0,785,975,1760,300.0,1.0,0.15484686995238056,0.40145592189839385,0.39166455764280406,-0.013739099044434697,3.130882643523929,0.7975666666666803,0.20243333333331975,37703.69000000312,197411.0833333311,544786.3233333315,17725.109999994085,79122.45333333105,760229.2953332978,0.2004415112471944,0.2119005571360166,627400.0,1217600.0,-0.3198915989159892,1845000.0,475,856,1331,300.0,1.0,0.0951487393001462,0.5119819358451745,0.29024955723697354,0.5915434380195173,2.940460150608391,0.920799999999969,0.07883333333338668,36506.73999998031,242335.49999998987,1141438.5166666335,21424.563333338392,69100.62333333529,257440.75666666904,0.1860134357995323,0.22263259544279565,783800.0,2481900.0,-0.5199804023639648,3265700.0,826,1065,1891,0.4055751362228453,-0.3138997881605099,0.07883333763263767,0.0,159,206.64999999999418,283.4300000000003,169300.0,470000.0,-0.4703582042859377,639300.0,179,159,338,1807,9.143100940299009,0.643581322290447,2.6402640264026402,1443300.0,3518200.0,-0.418200141086365,4961500.0,1083,1068,2151,12068,33.951153707787036,0.3258157559215874,2.644453259288642,3108900.0,6397648.0,-0.34594555247604075,9506548.0,2703,1842,4545,25648,45.49143601185833,-0.024096385542168676,2.641658961828028,non_parent_window_path_1000_1030_v1_20260810
SH600036,20260126,1030,1800.0,1.0,-0.11515094140345421,-0.37530914563247336,0.4391924798482732,-0.44150926703776044,3.12572930858959,0.21008888888889082,0.7897833333333256,24826.135222226414,85974.07101111718,347917.9946555534,39295.52173333999,262364.8525278063,1216407.465994447,0.1840783576642173,0.22267675896177225,300.0,1.0,-0.20250365603890225,-0.3769131170880948,0.39026300372796047,-0.5838666005772387,2.8443292157872335,0.19353333333339834,0.8062999999999253,17445.440500006618,67795.86256667026,248126.0407333453,36802.46293334068,239433.84216669292,1194088.3981666698,0.17657115375750423,0.21302636864992766,26017844.0,14507206.0,0.28403760143417467,40525050.0,15816,8000,23816,2864650.0,1877851.0,0.20807565459659366,4742501.0,1766,1255,3021,616901.0,310300.0,0.33067371583939187,927201.0,373,232,605,-0.9647739221871714,2.6160889470241986,20100.0,1121100.0,300.0,1.0,-0.13931221833494134,-0.03474461081200964,0.3889936472652419,0.38687769926421683,3.408845293175876,0.4553000000001824,0.5444333333331451,17465.681666678873,73971.26250001363,489643.067533336,28519.176666659925,78425.50833333854,192427.99313333342,0.30174430916009254,0.22343239527622918,2299800.0,2244800.0,0.012102275227742815,4544600.0,2603,986,3589,300.0,1.0,-0.015166183672559737,-0.4408084648232486,0.3615820058558216,-0.6196245101878434,3.0046632419644874,0.14053333333329646,0.859266666666687,17911.312466665542,49421.079666668316,208016.15466666332,33949.35353332891,202578.47326669577,1222847.8339333173,0.20579665874926334,0.17611705580761128,2595792.0,1955604.0,0.1406575037636804,4551396.0,2757,1149,3906,300.0,1.0,-0.20333550515733273,-0.42532778693837503,0.4968541733367266,-0.6594557164814063,3.081102040738068,0.20656666666654927,0.7933000000001145,17056.10299999575,116547.14519998529,340753.40180000494,38819.17666670575,297758.02533338784,1624342.004466669,0.13486503099820868,0.21083208948133367,3858300.0,2049850.0,0.3060941242182409,5908150.0,2744,1131,3875,300.0,1.0,-0.13456566263337244,-0.6325275156332015,0.2948620881783642,-0.5760611567724253,2.9754675522521743,0.04943333333341191,0.9505666666665881,21964.00536666627,70770.18613334831,481700.52319999464,55537.93893333168,439286.7193999685,1780096.9379333109,0.15194764242817518,0.22550954022105305,7073002.0,2017651.0,0.5561042754574397,9090653.0,3312,1434,4746,300.0,1.0,0.003977577416388625,-0.3415333784999382,0.44619365321430854,-0.5969253174718544,3.4399685076222153,0.2151666666665066,0.7848333333334934,57114.26833334519,137338.8900000136,319268.78000000655,42145.021666672794,316706.5466667628,1284641.628333394,0.218610918609153,0.28308653295577046,7326300.0,4361450.0,0.25367157921755684,11687750.0,2634,2045,4679,300.0,1.0,-0.20250365603890225,-0.3769131170880948,0.39026300372796047,-0.5838666005772387,2.8443292157872335,0.19353333333339834,0.8062999999999253,17445.440500006618,67795.86256667026,248126.0407333453,36802.46293334068,239433.84216669292,1194088.3981666698,0.17657115375750423,0.21302636864992766,2864650.0,1877851.0,0.20807565459659366,4742501.0,1766,1255,3021,-0.0016039714556214113,-0.07596194683758101,-0.5878608050990766,0.0,817,15.480000000003201,110.63999999999942,2233834.0,462783.0,0.6567677204438005,2696617.0,1071,284,1355,5501,18.31089715142279,-0.3770856507230256,2.6147208785462155,4890134.0,2193533.0,0.38067867955961227,7083667.0,3163,1255,4418,18849,34.98018392919743,-0.31007751937984496,2.618143736091111,6914384.0,4566033.0,0.20455276145457085,11480417.0,6637,2347,8984,35561,50.34086204985094,0.410484668644906,2.625705658395694,non_parent_window_path_1000_1030_v1_20260810
SH600036,20260127,1030,1800.0,1.0,0.04290493486816814,0.01654814334843097,0.4557507314668179,-0.08618346358457575,2.789011503556231,0.5135166666666757,0.4863999999999901,44063.92126666844,154865.05357778177,520339.73886666173,40992.102455556116,180480.70205555335,1008621.7610666627,0.2536367981207559,0.21932910387080312,300.0,1.0,-0.11463168131398134,-0.49130947547667164,0.2863916922939292,-0.6750654638428722,2.8716541476413315,0.08456666666669965,0.9154333333333003,45912.52453333578,150282.98453334044,476734.4662666702,84492.16853333736,472794.10146666656,2385230.6129999785,0.20929142797376388,0.2177095347926693,12810294.0,8800162.0,0.18556443232849876,21610456.0,5638,7759,13397,4736844.0,1470900.0,0.5261080353829024,6207744.0,1157,1164,2321,686400.0,408600.0,0.2536986301369863,1095000.0,157,385,542,-0.4645161290322581,2.6011184809468073,99600.0,272400.0,300.0,1.0,0.10574902778354403,0.16385170745336283,0.46264822451657,0.3467040417243132,2.73364499725649,0.6124666666666113,0.38753333333338863,42592.23333333495,182764.6500000003,600791.9166666643,36283.410000003205,129354.63000000356,312337.06666665623,0.25270993619278237,0.34181291547732046,2492500.0,2663500.0,-0.03316524437548487,5156000.0,1375,2005,3380,300.0,1.0,0.2356742493805292,0.4160994704799451,0.3232084055425442,0.6755873056505396,2.6921331491046336,0.8474000000000039,0.1525,73211.82999999859,199020.59333333312,811900.3733333271,32693.29000000068,84066.61999999969,154017.34000000486,0.37410774846724315,0.29307591053115023,1520000.0,1975500.0,-0.13031039908453726,3495500.0,1082,2152,3234,300.0,1.0,0.08275300773074852,0.14748593793130932,0.40418783466118297,0.2583319165310874,2.856253628849954,0.622900000000033,0.37699999999994666,30421.13166666254,101590.37333332896,467535.21333333175,23304.62333333307,69167.64000000303,301945.95000000315,0.31463094440621686,0.22191318185570783,1333950.0,645500.0,0.34779863093283486,1979450.0,756,988,1744,300.0,1.0,-0.06027940554244668,-0.28776056254833476,0.27560431633267085,-0.534291819023712,2.9077012578189496,0.15026666666669675,0.8497333333333033,19524.485733336547,77649.17666667167,272619.04666667146,27964.012066661617,164152.10226665981,979686.2162666378,0.19639473376437974,0.19308493391375972,1531514.0,1082624.0,0.17171625981489883,2614138.0,586,816,1402,300.0,1.0,0.008164411170613808,0.15092178225097957,0.19833265659820595,-0.5883667625468064,2.672681840665787,0.7635000000000097,0.23620000000000194,52721.32233334165,217882.5436000022,492457.4169333317,41215.11080000011,163349.1185999964,1918513.380466653,0.24640249603418724,0.15812371622714083,1195486.0,962138.0,0.10815044697315195,2157624.0,682,634,1316,300.0,1.0,-0.11463168131398134,-0.49130947547667164,0.2863916922939292,-0.6750654638428722,2.8716541476413315,0.08456666666669965,0.9154333333333003,45912.52453333578,150282.98453334044,476734.4662666702,84492.16853333736,472794.10146666656,2385230.6129999785,0.20929142797376388,0.2177095347926693,4736844.0,1470900.0,0.5261080353829024,6207744.0,1157,1164,2321,-0.5078576188251026,0.3405436030544037,0.026793346444413557,0.0,411,140.55999999999767,100.70999999999913,2172598.0,626602.0,0.5522992283509575,2799200.0,353,279,632,4455,19.493017169555568,-0.41496118560338746,5.1961548454143935,3347198.0,2019802.0,0.24732550773243897,5367000.0,1042,1289,2331,13346,28.900444129411365,-0.656554092730395,2.599766021058105,4721798.0,3422002.0,0.15960558952823006,8143800.0,1798,2190,3988,21005,36.358671032661064,-0.45154398912410176,2.599766021058105,non_parent_window_path_1000_1030_v1_20260810
SH600036,20260128,1030,1800.0,1.0,-0.03293397107558938,-0.21064317463277282,0.5177809666102714,-0.32157280208151656,3.1921446906461695,0.33511666666662576,0.6647222222222626,22095.343677774774,93066.09842777603,358442.0895500013,34730.7657888975,195923.81748334997,1019497.7916056154,0.1966369978257241,0.20972606995652313,300.0,1.0,0.20467613720070654,0.5497763499363104,0.2566579556823107,0.47219621347306306,3.2150386493624947,0.9708333333333576,0.029166666666642412,38850.66429999551,188701.76839999645,587980.6150666688,15854.757800000714,51024.08066666465,213021.4944666663,0.22819993051639653,0.2992824191266184,18756158.0,11701964.0,0.23160305156043437,30458122.0,9652,6591,16243,1219386.0,2377360.0,-0.3219504518806721,3596746.0,975,928,1903,267086.0,413507.0,-0.21513738754292214,680593.0,183,189,372,0.7351318209687309,5.242463958060288,141500.0,21600.0,300.0,1.0,-0.10201599526252417,-0.35768879780865276,0.4074515032390607,-0.31262579527791623,3.2316319042009267,0.22126666666668218,0.7787333333333178,13005.026799997595,48256.58906666505,270830.6657333341,21675.885266666643,117867.7251999982,546263.2558666599,0.20876481699719365,0.2033111615141704,2145309.0,1546910.0,0.1620702888967312,3692219.0,2120,998,3118,300.0,1.0,-0.0963121117673786,-0.34652397159675513,0.44547342026929,-0.5944205697081693,3.494949487416282,0.20560000000004947,0.7937999999999495,18766.98876665991,72269.5298333368,221160.73993333316,34538.54199999984,196713.11346667283,879783.1088666803,0.19817461124138577,0.24432003829549562,6318877.0,2141925.0,0.4936827501695466,8460802.0,2184,1313,3497,300.0,1.0,0.00589811789949487,-0.47917167912661474,0.3318370416487638,-0.6470993570849708,3.3441007146748776,0.08343333333308692,0.9165666666669131,16427.4076666623,67474.64766666466,306151.8109999995,30610.069200033962,237069.69773344736,1551957.021066907,0.15445197908665212,0.1639001656654017,3436766.0,1925534.0,0.2818253361430729,5362300.0,1767,1464,3231,300.0,1.0,-0.20880083385827805,-0.5915868697918448,0.2784574912553488,-0.7095983488186964,2.7685465504800635,0.02449999999999515,0.9755000000000048,21812.04453334113,86281.00893333812,377375.402233334,78257.83713334506,453603.05116663495,2348502.892699988,0.18535439191917566,0.19805875453187807,3869420.0,1740435.0,0.37950802649979365,5609855.0,1559,989,2548,300.0,1.0,-0.001049140665557461,-0.038664079409077526,0.35421102800143983,-0.13788895507241689,3.098600837742214,0.5050666666665833,0.49456666666674814,23709.929999992593,95413.04666665927,387153.3033333207,27447.50333333658,119265.23666667087,577458.9766666779,0.23829812936363584,0.2225539605750514,1766400.0,1969800.0,-0.05444034045286655,3736200.0,1047,899,1946,300.0,1.0,0.20467613720070654,0.5497763499363104,0.2566579556823107,0.47219621347306306,3.2150386493624947,0.9708333333333576,0.029166666666642412,38850.66429999551,188701.76839999645,587980.6150666688,15854.757800000714,51024.08066666465,213021.4944666663,0.22819993051639653,0.2992824191266184,1219386.0,2377360.0,-0.3219504518806721,3596746.0,975,928,1903,0.7604195245690832,-0.5535535034411065,0.18535547103242045,0.0,685,86.94999999999709,145.41999999999825,308200.0,353900.0,-0.06902280622262498,662100.0,410,165,575,2178,23.097843435602034,0.29264475743348983,2.6174584478471403,1323000.0,1413000.0,-0.03289473684210526,2736000.0,1460,647,2107,9160,37.93572209460511,-0.6498402555910543,5.216484089723526,2628500.0,2464300.0,0.0322415959786365,5092800.0,2803,1259,4062,17932,45.19718181925247,-0.648061354921176,2.6072220049537216,non_parent_window_path_1000_1030_v1_20260810
SH600036,20260129,1030,1800.0,1.0,-0.02924372783097245,0.010237503380836595,0.4522807070984084,-0.06639565266465766,2.88956926070534,0.5100111111111174,0.4895277777777705,19133.00468333456,82408.87449444679,510405.08060556086,22663.70785555689,95513.93374444338,504506.4942999978,0.23491486534302336,0.175308679729509,300.0,1.0,-0.12927602949457445,-0.11156491977998644,0.34389652327325787,-0.4393817951925114,2.7455291482738557,0.311833333333343,0.6879999999999806,21282.758099997598,68209.30696666734,288681.280300004,24011.85813333455,92560.99563333228,734139.4039666554,0.28173496908832873,0.15718327276033578,5420769.0,6818931.0,-0.11423172136571975,12239700.0,3652,3791,7443,524729.0,1149721.0,-0.3732521126339992,1674450.0,465,553,1018,119300.0,254400.0,-0.3615199357773615,373700.0,105,81,186,0.28421052631578947,2.645852626008731,61000.0,34000.0,300.0,1.0,0.1161248464798185,0.2639316904982723,0.4102988652982329,0.5566162665389109,2.9801958768560253,0.7267333333333712,0.27326666666662885,21814.446666669857,122039.64666667489,1031588.3700000147,18909.814000003953,72614.90183333658,263860.3051666699,0.2092129928660332,0.15026033237091804,972140.0,1315960.0,-0.1502644115204755,2288100.0,795,566,1361,300.0,1.0,0.03666256710054932,0.27482392704492964,0.35239085744668003,-0.015420524765628307,2.976936043436692,0.7787333333331965,0.22126666666680345,15125.523333330866,93982.88666666835,402832.0066666625,12696.76000000253,54285.8916666729,399968.1533333315,0.18764761972195326,0.18468952264950014,830600.0,1057550.0,-0.12019701824537246,1888150.0,575,692,1267,300.0,1.0,0.03067680942589692,0.3140967960256185,0.30649260187730587,0.2954713979183705,2.820387196943695,0.8655000000000048,0.13449999999999515,17717.48166666688,92322.91166666558,778325.5116666555,11415.086666667921,43214.8766666678,367180.98333333986,0.21494056153320087,0.11832127441000143,748000.0,1207000.0,-0.23478260869565218,1955000.0,531,788,1319,300.0,1.0,-0.15427061649314575,-0.3980728687013919,0.3473191289106774,-0.1716852452183745,2.9301695369910394,0.1722666666667404,0.8251333333332634,17692.746666671443,51834.99000000238,396863.35000001214,38346.20666666562,171728.38999999204,552024.31666666,0.25066248923834694,0.23560573907061685,1226500.0,861300.0,0.1749209694415174,2087800.0,688,514,1202,300.0,1.0,-0.07537994400438085,-0.2817896048024187,0.3293314951968545,-0.6239740152687153,2.8841977617308685,0.2050000000000485,0.7949999999999515,21165.071666669777,66063.50500000159,164139.96499999386,30602.521666665656,138678.54666665848,709865.8033333268,0.2528429939620714,0.2342570942719194,1118800.0,1227400.0,-0.04628761401415054,2346200.0,598,678,1276,300.0,1.0,-0.12927602949457445,-0.11156491977998644,0.34389652327325787,-0.4393817951925114,2.7455291482738557,0.311833333333343,0.6879999999999806,21282.758099997598,68209.30696666734,288681.280300004,24011.85813333455,92560.99563333228,734139.4039666554,0.28173496908832873,0.15718327276033578,524729.0,1149721.0,-0.3732521126339992,1674450.0,465,553,1018,-0.12180242316082303,-0.25902039126827947,0.3957754460957759,0.0,456,102.91999999999825,164.2300000000032,58050.0,174500.0,-0.5007525263384218,232550.0,60,92,152,755,6.9992429511672,0.22260668973471742,2.6451527575717497,349550.0,1080600.0,-0.5111701569765409,1430150.0,348,540,888,4463,21.5005611189236,-0.16756756756756758,2.649357530798781,848850.0,2294900.0,-0.4599761431411531,3143750.0,768,1011,1779,8792,30.99022364156356,0.500570125427594,2.648655807177857,non_parent_window_path_1000_1030_v1_20260810
SH600036,20260130,1030,1800.0,1.0,0.15282764021339748,0.284277457723556,0.47873232461137105,0.16395255707713044,2.896519068989932,0.7190777777777597,0.2807944444444608,41655.04121666332,172653.79641666668,608705.2666611018,21099.10746110895,90769.57436110888,579271.3778444363,0.23822544101719734,0.22174120341180456,300.0,1.0,0.1829935143243229,0.3778730996021349,0.41009209369796934,0.4028576060585096,2.962862511283412,0.7882666666667258,0.21153333333328192,30870.463966667765,152108.61730002984,607219.2006333326,8813.821433329747,42756.46756666322,261278.14133333106,0.2036500557662522,0.2243703871625352,8350232.0,11273328.0,-0.14895849682728313,19623560.0,6637,11181,17818,890400.0,1695500.0,-0.31134227928380837,2585900.0,999,854,1853,151800.0,754700.0,-0.6650854936569223,906500.0,269,281,550,0.6584070796460177,2.580312217778351,93700.0,19300.0,300.0,1.0,0.030210584926877716,-0.11632923530234326,0.5530571555094476,-0.513375960728705,2.883895732623178,0.41703333333326253,0.582766666666721,37202.407600001716,149621.0375999992,470181.9634666675,31806.387333321676,203827.72926664582,1403958.0702666598,0.19524412419115944,0.1885925066989618,2968460.0,2063400.0,0.1798658945201178,5031860.0,2085,2320,4405,300.0,1.0,0.05469777169836863,0.13251272759468058,0.4362907674810113,-0.25230211721109413,2.8014710248934493,0.5159666666666939,0.48366666666663755,32978.77666666717,116463.91666666744,492322.4247999949,33004.68333333366,111768.86333333985,940251.5525333044,0.2891059732962054,0.1593165753470246,1273300.0,1551400.0,-0.09845293305483768,2824700.0,1089,1884,2973,300.0,1.0,0.10500592355271625,0.3731138425805708,0.43806002128864097,0.20636366043087023,2.8617778859260294,0.7887999999999981,0.21120000000000194,35199.855733326054,212484.86359998255,655446.9677333004,25016.825999996698,80894.6026666605,487795.8362666647,0.205251862032477,0.256620435519183,928672.0,1645528.0,-0.2784771967990055,2574200.0,804,2322,3126,300.0,1.0,0.23492911480152534,0.4597997394632058,0.34777549153903,0.601890825013151,2.9940619551224015,0.8883333333333333,0.11166666666666666,47861.52333333765,221096.51333333948,845415.1800000041,16051.036666668517,61329.3733333383,215016.74333334103,0.22629851942515627,0.266330992543967,1214900.0,2067900.0,-0.25983916169123916,3282800.0,873,2028,2901,300.0,1.0,0.30912893197657176,0.47869457240308794,0.3592905391302251,0.5382813289000524,2.875045304090706,0.9160666666665445,0.08393333333345557,65817.21999997801,184147.82999998066,581645.8633333059,11901.890000002199,44040.410000004296,167327.92333333808,0.3405920918623384,0.30466785895879134,1074500.0,2249600.0,-0.3535092205408983,3324100.0,787,1773,2560,300.0,1.0,0.1829935143243229,0.3778730996021349,0.41009209369796934,0.4028576060585096,2.962862511283412,0.7882666666667258,0.21153333333328192,30870.463966667765,152108.61730002984,607219.2006333326,8813.821433329747,42756.46756666322,261278.14133333106,0.2036500557662522,0.2243703871625352,890400.0,1695500.0,-0.31134227928380837,2585900.0,999,854,1853,0.09359564187857888,-0.16238378245652524,0.28053398004388286,0.0,440,197.65000000000146,48.970000000001164,421300.0,604000.0,-0.17819174875646152,1025300.0,455,563,1018,2664,18.16826929813619,0.869751499571551,2.58364552383413,1606300.0,2701800.0,-0.2542884334161231,4308100.0,1991,1817,3808,11651,40.160868429081304,0.656353591160221,5.175983436853002,3144799.0,4836001.0,-0.21190883119486767,7980800.0,3187,3129,6316,21693,64.96749088488036,-0.17647058823529413,2.582311168495804,non_parent_window_path_1000_1030_v1_20260810
SZ000001,20260105,1030,1800.0,1.0,0.01556205248825991,0.3221538272675077,0.2872394079669801,0.2754663686200407,8.750812895672297,0.7499888888888907,0.25001111111110935,520525.2344722271,3180061.0681333328,8805787.986616625,476423.85778888967,1509326.993572223,5006102.669399992,0.21259684187845204,0.3395181860683791,300.0,1.0,-0.2589729248345615,-0.0909875180510373,0.07703860242998337,0.23690017218150136,8.72785707948018,0.1353000000000126,0.8646999999999874,460837.30799999106,1851339.466666659,9316074.669999965,831137.1912999972,2234092.6429666593,5752515.679633322,0.31623937557389675,0.27112238204370204,7953345.0,4659049.0,0.2611951386865967,12612394.0,1658,2449,4107,1832200.0,1096100.0,0.2513745176382201,2928300.0,317,425,742,403100.0,82800.0,0.6591891335665775,485900.0,101,33,134,0.0005762458989702065,8.722197993894461,1880489.0,1878323.0,300.0,1.0,0.09858996139757771,0.5106441150643612,0.0518608871386482,0.2563980232498505,8.758650002587256,1.0,0.0,912827.1266666861,3729771.796666666,7945675.170000014,440063.543333323,1207107.5747999933,4702352.563099997,0.2740376193550967,0.3903280001945914,1621400.0,1184100.0,0.15587239351274282,2805500.0,351,767,1118,300.0,1.0,-0.3147535479038429,0.5356840188664002,0.09053265226176897,0.2636320365537165,8.763806969944932,1.0,0.0,297282.84993333754,4064070.215166669,8361190.30183334,680000.839999997,1234609.1266666653,4874379.630000002,0.18443910772588779,0.4003363186566898,1116600.0,638383.0,0.2724909586018782,1754983.0,231,400,631,300.0,1.0,0.2170902498488919,0.5333480943274974,0.18546058047908276,0.31000757771150333,8.749720185891885,1.0,0.0,483957.45220000506,3838201.196666685,8751509.280000009,293967.163333329,1127103.583333324,4611631.906666663,0.15667207754633194,0.3715671869840181,450400.0,611200.0,-0.15146948003014318,1061600.0,213,235,448,300.0,1.0,0.4294894157521875,0.38885485873721304,0.1004095851234033,0.29350211173806995,8.744843512781948,0.9689333333333343,0.031066666666665698,558241.4100000017,3407374.6800000053,9100190.223333333,210531.72893333342,1481086.062666665,4971750.266666661,0.1572628234944088,0.3473906634369708,668600.0,360000.0,0.300019443904336,1028600.0,230,130,360,300.0,1.0,-0.07807083933069067,0.05537939466062311,0.24841567537866144,0.29235829028560617,8.759999623348168,0.3956999999999971,0.604300000000003,410005.260033335,2189609.0536333453,9360088.27453335,402842.679833345,1771962.9710000227,5123985.970333332,0.20518317849892093,0.27351226993588446,2264145.0,769266.0,0.4928046347824281,3033411.0,316,492,808,300.0,1.0,-0.2589729248345615,-0.0909875180510373,0.07703860242998337,0.23690017218150136,8.72785707948018,0.1353000000000126,0.8646999999999874,460837.30799999106,1851339.466666659,9316074.669999965,831137.1912999972,2234092.6429666593,5752515.679633322,0.31623937557389675,0.27112238204370204,1832200.0,1096100.0,0.2513745176382201,2928300.0,317,425,742,-0.41314134531854496,-0.00982062104837661,0.09156376395000751,0.0,46,1035.0800000000017,102.86000000000058,364600.0,155100.0,0.4031171829901867,519700.0,102,170,272,937,0.0,-0.15932435148552487,8.722197993894461,1193800.0,1664224.0,-0.16459763808841354,2858024.0,272,475,747,3903,22.26347412941951,-0.2996420197274156,8.729812309035356,1966788.0,2407389.0,-0.10072774832842842,4374177.0,521,593,1114,6171,44.96465466941995,0.14909021526379304,8.73743993010048,non_parent_window_path_1000_1030_v1_20260810
SZ000001,20260106,1030,1800.0,1.0,-0.41748633748212616,-0.4616804168534301,0.10113320321894846,-0.2323582460698857,8.654133210865524,0.0,1.0,435875.9753388925,1339662.5836722208,4999628.085338871,1056887.6192222156,3723358.434111085,8044684.751666578,0.2948365391567485,0.38814010987378395,300.0,1.0,-0.5032797042721917,-0.5051831657113595,0.052335925964788164,-0.26908815176915696,8.639308855291588,0.0,1.0,418071.3219999996,1550879.3053333361,5010395.801999997,1282525.65,4734833.666666666,8709192.503333341,0.2705495748175883,0.45815609274197394,8898920.0,5555661.0,0.23129407901896293,14454581.0,1968,2001,3969,906400.0,1007900.0,-0.053021992373191246,1914300.0,266,449,715,168800.0,147500.0,0.06734113183686374,316300.0,30,81,111,-0.545213247455422,8.639308855291576,1482100.0,5035680.0,300.0,1.0,-0.4516026933256012,-0.45107544535955013,0.02328113525783981,-0.21106288190910502,8.661758336942446,0.0,1.0,298459.85333333403,1021605.3733333332,5109079.8166666655,789366.1399999962,2703049.4393333257,7846485.269333349,0.29206088833625454,0.28749458537254996,752300.0,595000.0,0.11675202256364581,1347300.0,341,218,559,300.0,1.0,-0.17738575054265823,-0.37444488962615396,0.12152338788605749,-0.20826362024422562,8.656559158799686,0.0,1.0,586808.2100000085,1294403.4966666773,5148843.133333335,766932.2379999927,2819840.700666662,7866318.121333329,0.32903745695927156,0.31611165753771603,2474600.0,540200.0,0.64163460262704,3014800.0,420,221,641,300.0,1.0,-0.3415980587687617,-0.3921621088347598,0.10735287335080629,-0.21839199688744307,8.675581055689966,0.0,1.0,498108.662700018,1426959.4393666806,5085914.2593666995,914418.5839999754,3272217.7846666467,7947584.509333312,0.30059033302166327,0.36054610564880835,2771320.0,1257701.0,0.37567910417940237,4029021.0,302,457,759,300.0,1.0,-0.5458262333816398,-0.5234555444676107,0.08578042167697503,-0.22740839697186307,8.652283003178168,0.0,1.0,345229.1899999896,1298328.4699999925,4740352.429999988,1212603.5099999849,4184955.796666649,7552524.089999997,0.28410577023521727,0.4460537985349135,951200.0,1575300.0,-0.24702157134375619,2526500.0,329,466,795,300.0,1.0,-0.48522558460189913,-0.5237613471211457,0.048141864917843516,-0.2599344286375252,8.639308855291592,0.0,1.0,468578.61399999977,1445799.4173333298,4903183.070666665,1375479.5933333344,4625253.216666671,8346004.016666649,0.30374604183234527,0.4582207643368656,1043100.0,579560.0,0.28566674472779263,1622660.0,310,190,500,300.0,1.0,-0.5032797042721917,-0.5051831657113595,0.052335925964788164,-0.26908815176915696,8.639308855291588,0.0,1.0,418071.3219999996,1550879.3053333361,5010395.801999997,1282525.65,4734833.666666666,8709192.503333341,0.2705495748175883,0.45815609274197394,906400.0,1007900.0,-0.053021992373191246,1914300.0,266,449,715,-0.043502748857929374,-0.2843160713921542,-0.04003008174406253,0.0,0,0.0,1800.0,63400.0,163500.0,-0.4411635081533715,226900.0,28,39,67,420,0.0,-0.601935003253295,8.639308855291576,2877400.0,1252300.0,0.3935152674528416,4129700.0,322,246,568,3841,46.139300648087854,-0.7029947156343959,8.631851532153647,3441100.0,3349700.0,0.013459386228426694,6790800.0,500,701,1201,7102,56.343904283514675,-0.154723564143854,8.654262224145391,non_parent_window_path_1000_1030_v1_20260810
SZ000001,20260107,1030,1800.0,1.0,0.03961798223373317,0.06807634443113908,0.28631062280731806,-0.3038145968416033,8.773269068748574,0.6041388888888913,0.39586111111110867,152925.15522777833,835593.4174388916,3271190.3962166477,129740.8072388868,756104.2895944414,6224853.979188878,0.1775877173269972,0.16761691964664602,300.0,1.0,0.12841692234666569,0.1914333960673396,0.29461099414126063,-0.2769558573867121,8.730135943253545,0.8669000000000475,0.13309999999995245,107107.11000000816,833654.3200000238,3469606.5033333506,93682.4809333179,580045.9301332699,6192320.464133181,0.14203123392981942,0.1463165944943985,5696201.0,7713350.0,-0.1504262894410111,13409551.0,1276,1971,3247,1284976.0,1013624.0,0.11805098755764379,2298600.0,200,307,507,299500.0,107100.0,0.4731923266109198,406600.0,76,59,135,0.2862299465240642,8.550662676357417,962100.0,533900.0,300.0,1.0,0.0190537303745036,0.08820484881629778,0.21718024069418415,-0.2883354209839057,8.731134188913936,0.6686999999999776,0.3313000000000223,234730.68250001525,967058.6532333344,2986919.239899998,137981.98053331656,778886.7075999799,5507718.2858666135,0.21347326863392876,0.2055350043527312,1263789.0,2576462.0,-0.34181958418863767,3840251.0,249,400,649,300.0,1.0,0.1065269048543456,-0.012162137897456984,0.24432346803913615,-0.2900475000033726,8.703740292154169,0.3902666666666725,0.6097333333333275,132444.13060000117,747606.365933342,3243325.2652666774,104193.89396666744,815591.0494333353,5968258.096466685,0.15138076754762336,0.16969910101020108,1122100.0,1138200.0,-0.00712294828120161,2260300.0,205,306,511,300.0,1.0,0.14248667858226538,-0.11441052045478417,0.3908353217790121,-0.37605187850430216,9.03537958791515,0.3320000000000194,0.6679999999999806,144954.27026664995,665119.7421333034,3252832.46546664,119249.20760000753,955889.0126666786,7270191.011933374,0.1629870764635431,0.15404401199725293,722376.0,980124.0,-0.15139383259911895,1702500.0,214,319,533,300.0,1.0,-0.10746530836150862,0.1009124268476525,0.24936221881568052,-0.325682328158693,8.669298297884588,0.6190333333332819,0.3809666666667181,114579.97133332727,791399.1033333214,3376195.1699999883,137840.01306668506,682564.3546667031,6689908.203600088,0.17125253888078962,0.14642840464620333,531300.0,983100.0,-0.29833597464342315,1514400.0,210,301,511,300.0,1.0,-0.05131103439387185,0.15448005320778702,0.13909141469289193,-0.26581459601262974,8.769926102369903,0.7479333333333489,0.2520666666666511,183734.76666667205,1008722.3200000072,3298263.733333327,185497.2673333284,723648.683066666,5720727.813133313,0.2131368126956521,0.19208034447547098,771660.0,1021840.0,-0.1394926122107611,1793500.0,198,338,536,300.0,1.0,0.12841692234666569,0.1914333960673396,0.29461099414126063,-0.2769558573867121,8.730135943253545,0.8669000000000475,0.13309999999995245,107107.11000000816,833654.3200000238,3469606.5033333506,93682.4809333179,580045.9301332699,6192320.464133181,0.14203123392981942,0.1463165944943985,1284976.0,1013624.0,0.11805098755764379,2298600.0,200,307,507,0.12335705163620053,0.26847727699865487,0.09479655045672458,0.0,158,193.13999999999942,248.98999999999796,60200.0,38500.0,0.2198581560283688,98700.0,39,49,88,530,28.984318075495953,0.17454259737344258,8.550662676357417,342841.0,791159.0,-0.39534215167548503,1134000.0,158,376,534,2735,49.477294821829986,0.6107196844897946,8.565310492505352,990141.0,1710359.0,-0.2666980188853916,2700500.0,276,579,855,5157,54.08020262963867,0.06622301268994855,8.557980316645272,non_parent_window_path_1000_1030_v1_20260810
SZ000001,20260108,1030,1800.0,1.0,0.47950789473596295,0.567313815234577,0.10721491157313809,0.5334797666495978,8.69898653183627,1.0,0.0,965415.608688903,3426790.3392889146,7940403.519288911,292995.72904444335,940265.3873777757,2403221.5268222257,0.28816012812684516,0.4221977988566552,300.0,1.0,0.3477475309909459,0.685097079943517,0.027305749333916055,0.6171791105383408,8.655484340401722,1.0,0.0,522889.91466667515,3515758.941333345,9707641.178000003,219449.92000000022,654314.7833333334,2298634.7166666705,0.1780159977210024,0.3473244960595211,4559560.0,9878035.0,-0.36837679682800356,14437595.0,1548,3190,4738,753900.0,713695.0,0.027395160108885624,1467595.0,175,249,424,71400.0,48895.0,0.18708175734652313,120295.0,66,52,118,0.6715393142118276,8.654262224145391,3419305.0,671900.0,300.0,1.0,0.4434262064892431,0.6163761304220157,0.1041790032958701,0.6051388844130605,8.767978567547676,1.0,0.0,813504.0338666998,3076916.0808000127,7556776.92746665,228825.14519999197,741483.0618666535,1866104.5385333248,0.2729754381671994,0.40522627356020235,420160.0,1891092.0,-0.6364221642642169,2311252.0,199,604,803,300.0,1.0,0.4489704990890698,0.5030495559555512,0.08165408811390237,0.5310925695098853,8.749268500411338,1.0,0.0,1120278.5535999984,2929202.7135999985,7306103.956933352,385172.05906666676,965781.6457333337,2237508.632399992,0.3865100533867969,0.4081247350386643,560300.0,1987848.0,-0.5602296255947457,2548148.0,280,952,1232,300.0,1.0,0.426783030174846,0.45525203799035696,0.11707939121675395,0.46545195399831263,8.690723179631913,1.0,0.0,815783.7433333512,2936632.2966667083,6972161.726666682,327851.79333333304,1083209.2433333355,2536275.31666666,0.2844976662106616,0.422765752318724,1491000.0,2970000.0,-0.33154001344989914,4461000.0,315,583,898,300.0,1.0,0.5324595266263437,0.5431939046557005,0.040273518275808565,0.4846804110227643,8.662707238137479,1.0,0.0,1014343.2800000153,3698767.6900000176,7716468.169999993,319421.6499999941,1098407.8366666627,2678278.64,0.27803129624626777,0.46149998786422425,501800.0,1705200.0,-0.5452650657000453,2207000.0,215,615,830,300.0,1.0,0.6776605750453221,0.6009141824403068,0.026380385898688522,0.49733567041522214,8.66775736488812,1.0,0.0,1505694.1266666562,4403464.3133333335,8383269.156666665,277253.80666667,1098395.7533333336,2802527.316666668,0.3240627554552719,0.4918612706554217,832400.0,610200.0,0.15402745043671148,1442600.0,364,187,551,300.0,1.0,0.3477475309909459,0.685097079943517,0.027305749333916055,0.6171791105383408,8.655484340401722,1.0,0.0,522889.91466667515,3515758.941333345,9707641.178000003,219449.92000000022,654314.7833333334,2298634.7166666705,0.1780159977210024,0.3473244960595211,753900.0,713695.0,0.027395160108885624,1467595.0,175,249,424,0.11778326470893996,0.39577195693688916,-0.01355776573168943,0.0,0,1800.0,0.0,13100.0,451505.0,-0.9436080111062085,464605.0,12,176,188,840,8.658009198854199,0.7120317070869114,8.661758336942398,687928.0,1373177.0,-0.3324668078530691,2061105.0,139,502,641,2713,19.35989711845661,0.6409449919619766,8.661758336942398,1040128.0,4027277.0,-0.58948297994733,5067405.0,281,1014,1295,5560,21.21076875838541,0.5755458515283843,8.669267446900736,non_parent_window_path_1000_1030_v1_20260810
SZ000001,20260109,1030,1800.0,1.0,0.14437091565014173,0.6593858905616278,0.09424021494430102,0.4558087698913284,8.728897262134122,1.0,0.0,2030615.2814167712,8669821.405133374,16226084.855133655,694743.7016111097,1780299.5210500055,6071785.399949987,0.26079688477090607,0.4686600471989418,300.0,1.0,-0.35459838474474675,0.6057118429136846,0.061601989097330175,0.4304547005209525,8.709776794606004,1.0,0.0,1211140.7703665772,8695409.290533284,15915382.083866667,788393.4073333513,2121628.6058666753,6338998.072533344,0.18485043658443664,0.48606331968716504,4555993.0,12223574.0,-0.4569594078321568,16779567.0,1562,2459,4021,553700.0,1277107.0,-0.39513012567681904,1830807.0,209,241,450,61700.0,133707.0,-0.3684975461472721,195407.0,50,49,99,0.5260789731880343,8.707009142359599,8385192.0,2604006.0,300.0,1.0,0.3574122953373306,0.752777074634931,0.03271051692480191,0.5154250725950863,8.809967675747705,1.0,0.0,1557472.0808001831,9249864.08423355,17308026.247566797,242159.80223331728,1298462.1061333138,5533154.286866645,0.17060828898873012,0.46181177783105803,918547.0,2046293.0,-0.38037330850905954,2964840.0,377,402,779,300.0,1.0,0.3412233050564081,0.57242962196896,0.042047949612307456,0.4276130426580215,8.706783924086313,1.0,0.0,3120660.9217333724,9174084.170000017,17141617.85333333,1472601.7193333386,2495169.053333341,6872073.120000001,0.3936209586987291,0.4859416753672646,620400.0,2710960.0,-0.6275395033860045,3331360.0,252,397,649,300.0,1.0,0.1535128461043942,0.6036032989864977,0.05355039958478318,0.43406021129641675,8.707009142359604,1.0,0.0,1183370.7246666627,7388402.481333343,15856545.62133332,813964.4460333352,1862001.55936667,6267397.579366675,0.21591869521721474,0.4181173291209378,1216300.0,3223860.0,-0.45213685993297537,4440160.0,180,572,752,300.0,1.0,0.13869568900354742,0.6920249661447134,0.07964851838893167,0.45215030349825897,8.714723411367062,1.0,0.0,1846237.7971999517,8142090.361366634,15292119.921366697,415082.2729333371,1471568.801166672,5774119.810499995,0.23521949674960246,0.45635382891759363,535446.0,1273054.0,-0.40785623444843794,1808500.0,262,420,682,300.0,1.0,0.22997974314392233,0.7297685387209771,0.09564533764722317,0.4751492887792413,8.725122624637622,1.0,0.0,3264809.3937338684,9369078.04333358,15842817.403333372,436260.56179996766,1432967.0004332834,5644969.530433293,0.3426267841448667,0.5027062617971212,711600.0,1692300.0,-0.407962061649819,2403900.0,282,427,709,300.0,1.0,-0.35459838474474675,0.6057118429136846,0.061601989097330175,0.4304547005209525,8.709776794606004,1.0,0.0,1211140.7703665772,8695409.290533284,15915382.083866667,788393.4073333513,2121628.6058666753,6338998.072533344,0.18485043658443664,0.48606331968716504,553700.0,1277107.0,-0.39513012567681904,1830807.0,209,241,450,-0.053674047647943146,0.061829282155337784,-0.07963286972565031,0.0,0,1800.0,0.0,110200.0,437293.0,-0.5974377754601429,547493.0,45,86,131,812,15.087551542589907,0.6578166636738373,8.714596949891067,971300.0,1348353.0,-0.1625471568376822,2319653.0,231,336,567,3010,15.087551542589907,0.7399516160864786,8.714596949891067,1764900.0,7272092.0,-0.6094054304795223,9036992.0,526,1457,1983,9422,37.9980379437259,0.4616300637458677,8.714596949891067,non_parent_window_path_1000_1030_v1_20260810
SZ000001,20260112,1030,1800.0,1.0,0.2297560373959304,0.5388421153795392,0.09700772957911642,0.49062440704631693,8.742432257326188,1.0,0.0,908228.9533444362,5170580.5517888535,14531328.841233464,347070.19264444546,1514546.1885722238,4956950.913816681,0.18777492106620558,0.3430331883771686,300.0,1.0,-0.14887940773402136,0.5662795398244607,0.06531469031184599,0.49782018382461823,8.739306362170662,1.0,0.0,592776.9748666305,5649266.16333331,15381193.16,331811.58400000446,1537978.3320000016,5157339.442000007,0.12864298125199047,0.3499395324198297,4026200.0,5533354.0,-0.15765944729220632,9559554.0,1386,2307,3693,283390.0,619520.0,-0.3722740915484378,902910.0,225,257,482,107300.0,64300.0,0.2505827505827506,171600.0,89,59,148,0.6680037233711844,8.745080891998251,7592401.0,1511177.0,300.0,1.0,0.6027706330130312,0.604809641988835,0.1522905619202048,0.4693268706406719,8.75357547279336,1.0,0.0,1298586.4805333568,5366508.044733383,13147134.631400026,262885.70473333314,1255113.6192666637,4748155.651400005,0.235814165245349,0.37002035504081116,1745862.0,1314300.0,0.14102586725800792,3060162.0,362,756,1118,300.0,1.0,0.5039793182145824,0.42978562463694253,0.07140297877178339,0.4749512337939249,8.737439930100553,1.0,0.0,1006431.8366666619,4142982.796666657,13709408.503333313,260302.9112000001,1628698.912366668,4873079.67903334,0.21947411720297758,0.31059789477009897,569400.0,297200.0,0.314101084698823,866600.0,215,133,348,300.0,1.0,0.46771331845202846,0.5337441366369111,0.024412191287283027,0.5045088034043784,8.737439930100544,1.0,0.0,1387040.1300000034,5464760.776666656,15115151.633333314,501959.6166666662,1663394.8717333316,4978264.991066667,0.2650054010942762,0.3547508013019585,579300.0,798300.0,-0.15897212543554007,1377600.0,205,302,507,300.0,1.0,0.25896600542068116,0.5787774149303658,0.05872671322604548,0.506050398840204,8.749391918693545,1.0,0.0,879285.8956666455,5315694.686999972,14778981.59366667,259255.37060000823,1393628.0074000063,4845595.0774000045,0.1696954101219415,0.341883690377475,523048.0,1565390.0,-0.49910124217237956,2088438.0,223,622,845,300.0,1.0,-0.3060136429907098,0.5196563342597187,0.029574474229358008,0.4910889517741096,8.737439930100544,1.0,0.0,285252.4023333292,5084270.842333323,15056103.525666669,466205.96866665967,1608463.388666664,5139270.641999989,0.11227972679974632,0.3313993677678543,325200.0,938644.0,-0.4853795246881735,1263844.0,156,237,393,300.0,1.0,-0.14887940773402136,0.5662795398244607,0.06531469031184599,0.49782018382461823,8.739306362170662,1.0,0.0,592776.9748666305,5649266.16333331,15381193.16,331811.58400000446,1537978.3320000016,5157339.442000007,0.12864298125199047,0.3499395324198297,283390.0,619520.0,-0.3722740915484378,902910.0,225,257,482,0.027437424444921477,-0.2146146442562315,0.10172418354672375,0.0,0,1800.0,0.0,170300.0,51100.0,0.5383920505871725,221400.0,82,31,113,576,8.741259506578569,0.699675627123504,8.745080891998251,423400.0,389148.0,0.04215381737448126,812548.0,234,196,430,2331,23.127920476015444,0.5090966884413819,8.745080891998251,722800.0,1179422.0,-0.24004664019236452,1902222.0,435,401,836,4316,23.127920476015444,0.5267931756288581,8.745080891998251,non_parent_window_path_1000_1030_v1_20260810
SZ000001,20260113,1030,1800.0,1.0,-0.30077271570941116,-0.24333006964718198,0.15357737729630655,0.03953129933206637,8.695178647573668,0.02950555555555588,0.9704944444444441,307282.16318888974,1562189.3793722377,8650547.823261252,703112.0429222145,2564866.0351055353,8037937.628233289,0.24482205946802313,0.24729957829146046,300.0,1.0,-0.3121024816883333,-0.3321158255348455,0.1218235205667132,0.00022532547125895326,8.68750988630996,0.0,1.0,350314.2834000076,1698935.9700666773,8763884.233400015,994775.2933333562,3364705.5206666775,8762881.599999981,0.26563681081982715,0.2889090627937639,8517658.0,6887710.0,0.10580389900455478,15405368.0,1499,3518,5017,821100.0,1073969.0,-0.13343524694879183,1895069.0,286,497,783,132800.0,342100.0,-0.4407243630237945,474900.0,49,134,183,-0.33678159457040124,8.669267446900736,1772231.0,3572105.0,300.0,1.0,-0.32354573143031834,-0.1712107878906722,0.13069327231558048,0.11291544997742067,8.693202484399107,0.03709999999999127,0.9629000000000087,313093.06640000426,1795323.9501666634,8780625.473500034,752088.4015333281,2456898.599533328,6992211.5928667,0.25049993397182013,0.26959148387877746,2115258.0,1448981.0,0.18693387284073823,3564239.0,209,710,919,300.0,1.0,-0.1853673646871685,-0.20256682294463021,0.09400583138147979,0.08023145389859354,8.696052709100972,0.01646666666667443,0.9835333333333256,375588.9106666702,1370296.527666675,8393259.107333357,570805.2866666578,2059242.9934999922,7146411.861999987,0.2759537225019007,0.22069576170143296,1475440.0,791460.0,0.30172482244474835,2266900.0,172,476,648,300.0,1.0,-0.07119312018607404,-0.12027945535841632,0.08879913248566809,0.08717187653213321,8.687387643174436,0.05446666666665503,0.945533333333345,401899.8033333275,1694420.7833333306,8880749.766666634,493431.6266666452,2155339.6399999876,7457490.373333317,0.23256809036047738,0.23562883091111975,1321800.0,1705600.0,-0.1267754508819449,3027400.0,270,633,903,300.0,1.0,-0.4737688733282421,-0.3416402047263123,0.1970301891728469,-0.0165104135148571,8.675146348507058,0.06879999999999806,0.9312000000000019,206703.93866666616,1252264.3858333374,8459721.66866666,756096.709999986,2501861.5748666534,8759843.738,0.25646466281252034,0.21801513987377164,2023940.0,1084900.0,0.30205478570785244,3108840.0,386,641,1027,300.0,1.0,-0.43865872293632807,-0.2921673214282041,0.11006329348626274,-0.026845896372148743,8.731772813948151,0.00020000000001649216,0.9997999999999835,196092.97666665938,1561894.6591666671,8625046.68999996,651474.9393333065,2851147.882066641,9108786.603200013,0.1920597655881869,0.24884876655096827,760120.0,782800.0,-0.014699401135509294,1542920.0,176,561,737,300.0,1.0,-0.3121024816883333,-0.3321158255348455,0.1218235205667132,0.00022532547125895326,8.68750988630996,0.0,1.0,350314.2834000076,1698935.9700666773,8763884.233400015,994775.2933333562,3364705.5206666775,8762881.599999981,0.26563681081982715,0.2889090627937639,821100.0,1073969.0,-0.13343524694879183,1895069.0,286,497,783,-0.08878575588766349,-0.2392391459533466,-0.004665769035555767,0.0,44,15.559999999997672,476.1100000000006,294700.0,537631.0,-0.29186825914209613,832331.0,31,147,178,1059,8.673027430047211,-0.15509252611515037,8.676789587852495,925000.0,1679531.0,-0.2896993738987941,2604531.0,168,737,905,4534,16.236314069402678,-0.23742951784075098,8.676789587852495,1447900.0,2620631.0,-0.2882443319222589,4068531.0,356,1295,1651,7756,24.550325788052557,0.01712384217255607,8.684324793747287,non_parent_window_path_1000_1030_v1_20260810
SZ000001,20260114,1030,1800.0,1.0,0.2321806691804518,0.7063107441422931,0.06435979201680558,0.53434768478709,8.757246543974208,1.0,0.0,1424619.8767555412,9803357.792222204,19554513.86111111,575784.76222779,1653658.4538000226,5937137.544027726,0.17460083812640606,0.4494419001709955,300.0,1.0,0.10382652383548824,0.6931435027876286,0.0452779525848334,0.5363030192691017,8.745080891998205,1.0,0.0,567413.0899999979,8871777.043333331,20141080.180000037,508389.29426666786,1611745.3809333334,6080831.200933341,0.10261840827243897,0.39980008596511013,5612700.0,5518034.0,0.008504919801335654,11130734.0,2151,2087,4238,791800.0,365100.0,0.36883049528913475,1156900.0,287,196,483,62600.0,70700.0,-0.060765191297824456,133300.0,47,37,84,0.7040213935187739,8.745080891998251,9203866.0,1598658.0,300.0,1.0,0.2704319651065017,0.7116927088618439,0.08391262321303433,0.534268637405981,8.75942703019396,1.0,0.0,1195321.123333313,8831149.02333331,18123253.799999997,426699.9966666736,1409356.346666674,5500064.9566666735,0.158392682918928,0.43349139363028905,1190100.0,1429600.0,-0.09142268198648701,2619700.0,500,371,871,300.0,1.0,0.4435523409293928,0.7274026318118519,0.04879668088711782,0.5260441431372004,8.796192715432966,1.0,0.0,2947204.16999993,11901870.06999991,19493904.76999994,841561.8501333885,1874978.7570667155,6059424.943733377,0.2750096243118917,0.5391410427292547,1251100.0,720900.0,0.26886409736308314,1972000.0,506,331,837,300.0,1.0,0.4838457727800811,0.7511696483234231,0.031460583363048356,0.5445497799050704,8.751993523983801,1.0,0.0,2503823.959933368,11465077.676666707,19797398.4233333,481195.6966666752,1625911.506666678,5841963.159333338,0.22802093980800017,0.5105817140229999,1330300.0,725574.0,0.29414545833061756,2055874.0,432,279,711,300.0,1.0,0.4141820191151927,0.7257569099369492,0.0292635125253647,0.5572643003271474,8.745080891998184,1.0,0.0,702854.6000000034,8952308.446666671,20077230.243333284,309562.91053333296,1424584.3692666679,5708692.285933325,0.09756461095741553,0.4024247262883743,615600.0,772200.0,-0.11284046692607004,1387800.0,267,471,738,300.0,1.0,-0.32275460668394107,0.6286990631320895,0.04973108602409561,0.5076562286780314,8.745704210236562,1.0,0.0,631102.3172666656,8797964.493333332,19694215.75,887298.8250999996,1975374.3621999992,6431848.71756665,0.1409406278525059,0.41235980523999477,433800.0,1504660.0,-0.55242821621287,1938460.0,159,439,598,300.0,1.0,0.10382652383548824,0.6931435027876286,0.0452779525848334,0.5363030192691017,8.745080891998205,1.0,0.0,567413.0899999979,8871777.043333331,20141080.180000037,508389.29426666786,1611745.3809333334,6080831.200933341,0.10261840827243897,0.39980008596511013,791800.0,365100.0,0.36883049528913475,1156900.0,287,196,483,-0.013167241354664516,0.3603255754877991,0.010877890731145312,0.0,0,1800.0,0.0,289000.0,94000.0,0.5091383812010444,383000.0,81,23,104,630,0.0,0.7477383679448997,8.745080891998251,998200.0,559100.0,0.2819623707699223,1557300.0,385,171,556,3166,33.2854730452479,0.7493365365458277,8.745080891998251,1637300.0,2360600.0,-0.18091998299107032,3997900.0,625,475,1100,6259,33.2854730452479,0.8073184291755406,8.745080891998251,non_parent_window_path_1000_1030_v1_20260810
SZ000001,20260115,1030,1800.0,1.0,0.011521110582443865,0.48977532146802066,0.09219137062944954,0.5221538094144319,8.826035443423851,1.0,0.0,848586.4915333426,5753251.584311108,15190016.830977783,604568.6833888835,1950641.120172229,4775703.153944448,0.18862609211529538,0.38585599268652393,300.0,1.0,-0.5800946495526728,0.39677872886246046,0.05133919882253745,0.4918719494457635,8.814455707360093,1.0,0.0,271943.18933332956,5367235.299333336,15662205.315999975,1052394.7500000028,2325410.3233333365,5339409.243333331,0.17215636912106289,0.366288296594225,2918790.0,8077548.0,-0.46913417903305626,10996338.0,838,2248,3086,136500.0,1660540.0,-0.8480835151137426,1797040.0,71,311,382,24200.0,288400.0,-0.8451695457453615,312600.0,12,66,78,0.3464798539768524,8.814455707360072,5259660.0,2552800.0,300.0,1.0,0.24283734430277676,0.5457607729394922,0.08599652739471716,0.5512108384093589,8.812899172435795,1.0,0.0,984148.1847333335,5122439.8447333295,14802875.288066661,434589.1003999893,1478210.930633326,4287637.567066656,0.2149390012312103,0.34575555017589704,538592.0,913458.0,-0.2581632863882098,1452050.0,210,315,525,300.0,1.0,0.16929303870649426,0.47368765866409857,0.05176835802529676,0.5108138972679513,8.816228448503464,1.0,0.0,1041356.0372666618,5785105.800600003,14962121.433933316,638003.2074000003,2040270.0207333355,4843943.89406667,0.21460429288117203,0.3950999702232904,278800.0,1872690.0,-0.7408307730921362,2151490.0,106,679,785,300.0,1.0,0.39002530166032123,0.5426819246028172,0.03685709566302985,0.5128516677971441,8.820809477049819,1.0,0.0,1630755.9712000203,7055791.191200029,14849284.487866635,549398.2092000019,2094664.5358666682,4779160.552533323,0.238256349784985,0.46618342452664524,1069598.0,1239960.0,-0.07376389768085495,2309558.0,158,304,462,300.0,1.0,0.1906311900809353,0.5099563195211656,0.09153658380503957,0.544205547153909,8.814455189852039,1.0,0.0,513498.56666667236,5372546.570000033,15538904.29000002,361680.9299999889,1748722.0204666643,4589042.303333323,0.12289657180439333,0.3538000539421821,590500.0,1165900.0,-0.32760191300387154,1756400.0,135,329,464,300.0,1.0,-0.34356556170319064,0.4697865242180807,0.11357613756025688,0.5219689564124667,8.877364665342247,1.0,0.0,649817.0000000391,5816390.800000047,15324710.169999994,591345.9033333301,2016568.8899999924,4815025.36333332,0.15845388620062756,0.3889306131669749,304800.0,1225000.0,-0.6015165381095569,1529800.0,158,310,468,300.0,1.0,-0.5800946495526728,0.39677872886246046,0.05133919882253745,0.4918719494457635,8.814455707360093,1.0,0.0,271943.18933332956,5367235.299333336,15662205.315999975,1052394.7500000028,2325410.3233333365,5339409.243333331,0.17215636912106289,0.366288296594225,136500.0,1660540.0,-0.8480835151137426,1797040.0,71,311,382,-0.0929965926055602,-0.3789493360806863,-0.05029887488560808,0.0,0,1800.0,0.0,35900.0,167660.0,-0.6472784437021025,203560.0,27,38,65,515,8.81834272312721,0.5535164380221064,8.822232024702249,343100.0,838260.0,-0.41914403738064604,1181360.0,114,188,302,2120,8.81834272312721,0.49201194496595607,8.822232024702249,1346600.0,1618960.0,-0.09184100136230594,2965560.0,277,467,744,4744,15.273817635012312,0.6421913295029933,8.822232024702249,non_parent_window_path_1000_1030_v1_20260810
SZ000001,20260116,1030,1800.0,1.0,0.31550832654978733,0.3712414511004073,0.15664736643535052,0.34746572637138445,8.980426316003147,0.9985333333333296,0.0014666666666703855,869272.426505543,2901741.059566677,7842748.180233324,370031.408805564,1333608.3902055605,3700306.855972218,0.2926095827530246,0.3669175479531016,300.0,1.0,0.156994215578319,0.46447596914228373,0.13216278512458532,0.47899377022195627,8.882689806158067,1.0,0.0,450369.0653333398,2941852.2613333473,9849771.02533334,272258.96939999727,1032475.4173666621,3471156.249399995,0.18182396952475408,0.29835217899870786,5879542.0,12417996.0,-0.357340643314964,18297538.0,1958,3247,5205,437182.0,643709.0,-0.19107107007089522,1080891.0,183,223,406,47800.0,33700.0,0.17300613496932515,81500.0,30,22,52,0.5359156029965176,8.884940026654819,3346959.0,1011300.0,300.0,1.0,0.24009702737616379,0.2524285948224894,0.09971075717097401,0.14860219631586338,8.88720247436025,1.0,0.0,1223452.6747332476,2932311.668066652,6168253.768066632,587246.4404667066,1766493.6038000297,4584319.267133362,0.38535308667529067,0.4369935694911824,1313000.0,4292306.0,-0.5315153178078057,5605306.0,483,923,1406,300.0,1.0,0.528914806908638,0.3282635398507262,0.13160925058956022,0.2507008744274862,8.886136537179238,0.9916666666666667,0.008333333333333333,1611141.111333335,2826965.837999998,6537097.791333332,461359.09430000006,1413520.0780666678,3911411.3270333316,0.488741207176492,0.40584602722053703,1227100.0,3442000.0,-0.4743740763744619,4669100.0,385,908,1293,300.0,1.0,0.2996658290242024,0.23957662575694277,0.14343555991923987,0.2838458138674062,8.921522083685677,0.9995333333333111,0.0004666666666889796,693826.3613333431,2696570.640666681,6475767.137333353,312939.30133332906,1613897.5533333265,3598412.3833333254,0.23356294893163765,0.42787287889373987,728900.0,2171020.0,-0.49729647714419706,2899920.0,327,701,1028,300.0,1.0,0.08108233205971448,0.3972851995610831,0.08802122114241635,0.43207789460237167,9.420066967980603,1.0,0.0,703748.4829666561,2928529.082666664,8545526.175999993,434233.55400002055,1263004.618666674,3394131.9093333515,0.2714953804629273,0.3510597767018312,1664660.0,1461461.0,0.06500036306975962,3126121.0,365,313,678,300.0,1.0,0.5862957483516819,0.5454187774689103,0.034216113506751446,0.4905738087932307,8.884940026654817,1.0,0.0,533096.8633333344,3084216.866666672,9480073.183333337,152151.0933333343,912259.0700000004,3242409.999599997,0.17146305082927918,0.31412703630276934,508700.0,407500.0,0.11045623226369788,916200.0,215,179,394,300.0,1.0,0.156994215578319,0.46447596914228373,0.13216278512458532,0.47899377022195627,8.882689806158067,1.0,0.0,450369.0653333398,2941852.2613333473,9849771.02533334,272258.96939999727,1032475.4173666621,3471156.249399995,0.18182396952475408,0.29835217899870786,437182.0,643709.0,-0.19107107007089522,1080891.0,183,223,406,0.09323451804187644,0.1662695732440688,0.07143963385423391,0.0,6,1053.0199999999968,2.4899999999979627,292600.0,116000.0,0.4322075379344102,408600.0,85,80,165,725,12.559623937164426,0.6090817441544226,8.884940026654819,717200.0,599600.0,0.08930741190765493,1316800.0,210,175,385,2374,12.559623937164426,0.5833542376933846,8.884940026654819,1328800.0,907757.0,0.18825498299395008,2236557.0,338,304,642,4112,12.559623937164426,0.6703173489072233,8.884940026654819,non_parent_window_path_1000_1030_v1_20260810
SZ000001,20260119,1030,1800.0,1.0,0.13754202336892785,0.34550283683345784,0.1519469938281765,0.5439056409002128,8.975173033212732,0.9922611111111109,0.00773888888888905,467608.1455666592,2219869.908100021,10216257.724766577,275204.75575555366,1022282.2717555457,3033386.208977773,0.22911105343466762,0.24469730628748565,300.0,1.0,0.6458496154635319,0.5471205341320695,0.03391258615579965,0.5454754059427531,8.956560680698653,1.0,0.0,949051.7015333291,3265201.3615333275,10689710.048200035,206359.87639999928,957950.0564000005,3144041.6463999967,0.2735899009036122,0.30527882176617527,4490932.0,4923162.0,-0.045913074587952914,9414094.0,1289,2109,3398,299500.0,1068094.0,-0.5620045130353014,1367594.0,169,741,910,30200.0,273300.0,-0.800988467874794,303500.0,32,286,318,0.5881632199821858,8.956560680698612,3361006.0,871564.0,300.0,1.0,-0.2341530934937458,0.273461705405482,0.09349808959648162,0.5547095538665344,8.99622239814468,1.0,0.0,284138.9554666398,2205718.6754666558,9583712.722133335,336160.7389333405,1246406.9266666733,2741127.8866666756,0.1796863051612752,0.28009494903069904,802200.0,619100.0,0.12882572292971223,1421300.0,194,168,362,300.0,1.0,0.025455920409795163,0.3534827533023907,0.1428974136943225,0.6080580244471178,9.052554732353624,1.0,0.0,431291.9217333036,2217479.77839999,10156310.171733353,270158.4605333437,1016026.6017333462,2475358.601733339,0.21693180708606563,0.25598410139802286,1002808.0,587992.0,0.26075936635655017,1590800.0,278,145,423,300.0,1.0,-0.013689833313751825,0.2623498246193337,0.1324663533041473,0.5655719235775837,8.966382202088115,0.9535666666666657,0.046433333333334305,310209.6481333414,1459822.1880000154,10101230.414666709,341974.490933324,842230.8346666626,2806010.3846666473,0.2833054376441691,0.1783536123991408,1256324.0,213684.0,0.7092750515643452,1470008.0,293,105,398,300.0,1.0,0.07430827591316985,0.21777281334384152,0.08426224021133877,0.4554989157463672,8.931614503271387,1.0,0.0,299931.29133333376,1572488.509999997,10312771.243333329,276211.8699999992,1025227.4566666656,3858021.406666658,0.22178835897622343,0.18331479620278437,840500.0,748200.0,0.058097815824258825,1588700.0,206,379,585,300.0,1.0,0.32748125523456795,0.4188293901976265,0.09517763025741449,0.5341200218209223,8.94770368271898,1.0,0.0,531025.3552000165,2598508.935200018,10453811.748533322,220363.09773332308,1045851.7543999902,3175757.327733326,0.20617839915724953,0.2673863472283935,289600.0,1686092.0,-0.7068368956294807,1975692.0,149,571,720,300.0,1.0,0.6458496154635319,0.5471205341320695,0.03391258615579965,0.5454754059427531,8.956560680698653,1.0,0.0,949051.7015333291,3265201.3615333275,10689710.048200035,206359.87639999928,957950.0564000005,3144041.6463999967,0.2735899009036122,0.30527882176617527,299500.0,1068094.0,-0.5620045130353014,1367594.0,169,741,910,0.20161769729861168,-0.5160914384473485,0.04104268585011628,0.0,6,1077.9199999999983,10.209999999999127,157200.0,204100.0,-0.12980902297259894,361300.0,47,235,282,1317,0.0,0.6318538139702937,8.956560680698612,307600.0,2288230.0,-0.7630045110812341,2595830.0,138,1574,1712,7525,8.960574076253522,0.4482719698491501,8.964589870013448,557500.0,3713278.0,-0.7389234467349977,4270778.0,246,2952,3198,13310,8.960574076253522,0.3133458543344979,8.964589870013448,non_parent_window_path_1000_1030_v1_20260810
SZ000001,20260120,1030,1800.0,1.0,-0.05292444569138934,0.07226152825044961,0.25635960696306453,0.1001147820537136,9.173261541543193,0.6002333333333445,0.3997666666666555,435336.4926166829,3007766.741066673,8647103.601372305,388608.4343888701,2511928.9525277573,7061043.449749988,0.14927361447873577,0.3513906303289965,300.0,1.0,-0.08611588587015542,0.015168969527234143,0.20550178113990603,0.15029254625027888,9.017868297319325,0.4150000000000485,0.5849999999999514,360541.63000002963,2783075.0868667453,9300055.853333334,510665.3633332892,2599840.466666621,6867212.386666642,0.16184667670691125,0.33295145930809233,5459709.0,6066901.0,-0.0526774133938773,11526610.0,1779,1648,3427,1026500.0,653100.0,0.22231483686592046,1679600.0,256,328,584,689800.0,91000.0,0.766905737704918,780800.0,98,38,136,-0.12827917101668185,8.964589870013448,1962200.0,2539700.0,300.0,1.0,-0.26899995327824644,0.17227522768379577,0.18234414662477658,0.0502240871579989,9.824930665038409,1.0,0.0,438720.72666677664,3340205.6366667817,7940265.610000032,258070.09666664546,2327888.17666658,7180567.046666638,0.12293212608696127,0.37485328632575926,414700.0,1470500.0,-0.5600466793974114,1885200.0,333,376,709,300.0,1.0,0.5857045750272921,0.4078160901929787,0.1716960776919101,0.08122476321763078,9.125246820671066,1.0,0.0,921635.8783999488,4107738.205066601,8192075.248399986,149457.4773333432,1723382.6306666944,6962959.0473333355,0.18368567311615247,0.3847646083767004,772904.0,635800.0,0.0973263368315842,1408704.0,309,168,477,300.0,1.0,-0.15103323760592433,0.015362001828415583,0.19764646341781955,0.08335232166722514,9.080014670314966,0.7062999999999495,0.2937000000000504,341357.27383330645,2967341.730499912,8600996.163833331,452521.23516667186,2764530.226666676,7277771.323333324,0.13850248486576677,0.3609771326268951,1144700.0,1320901.0,-0.07146371209291366,2465601.0,224,327,551,300.0,1.0,-0.3669204178483659,-0.07866393799396626,0.21652132025509574,0.09880603092523668,9.017547894028233,0.36780000000006113,0.6321999999999389,235630.81413337274,2511989.7400001273,8712204.23333335,535604.4093332932,2865128.149999945,7139103.143333357,0.1434291081660952,0.33922235953327406,1220800.0,1085700.0,0.05857359635811836,2306500.0,438,220,658,300.0,1.0,-0.030181754572936505,-0.0983891817357626,0.14973004791586822,0.1367889431039118,8.973960901887223,0.11230000000000775,0.8876999999999923,314132.63266667206,2336250.0473000174,9137024.499333354,425332.02449997445,2790804.0645,6938647.751166638,0.1442279798578201,0.318932485802611,880105.0,900900.0,-0.011675991925907002,1781005.0,219,229,448,300.0,1.0,-0.08611588587015542,0.015168969527234143,0.20550178113990603,0.15029254625027888,9.017868297319325,0.4150000000000485,0.5849999999999514,360541.63000002963,2783075.0868667453,9300055.853333334,510665.3633332892,2599840.466666621,6867212.386666642,0.16184667670691125,0.33295145930809233,1026500.0,653100.0,0.22231483686592046,1679600.0,256,328,584,-0.05709255872321547,0.2749922502597978,-0.143448140543916,0.0,51,627.0,196.7699999999968,1121300.0,122024.0,0.8037132718422552,1243324.0,124,45,169,1065,8.960574076253216,-0.3940512510231541,8.956560680698612,1845600.0,1126724.0,0.24185654053864922,2972324.0,286,275,561,3727,8.960574076253216,-0.26851507257164126,8.956560680698612,2376200.0,2510124.0,-0.027407924648467846,4886324.0,492,673,1165,7068,27.637248677102303,0.2423581800435379,8.972633467922835,non_parent_window_path_1000_1030_v1_20260810
SZ000001,20260121,1030,1800.0,1.0,0.032859416795518785,0.5430715161524716,0.08618191016433169,0.32512847326668215,8.983989593995512,1.0,0.0,778217.4989611302,5645995.325188867,11754490.905188957,639855.9732666652,1672934.7477222222,5971000.130305581,0.19375420424856712,0.41290422128533677,300.0,1.0,0.18337112950100232,0.5650643699566814,0.11434749962626825,0.3760288429431779,8.981424928586648,1.0,0.0,903441.6453333189,6040830.766033289,13016452.26269999,504476.9713333268,1629219.5207333267,5903773.274066667,0.18356054576275374,0.40538894591197233,2019572.0,4669780.0,-0.3961830682553407,6689352.0,710,1684,2394,867772.0,579569.0,0.19912584525692287,1447341.0,139,237,376,43500.0,68700.0,-0.22459893048128343,112200.0,21,41,62,0.4345385553482878,8.972633467922835,4388800.0,1729962.0,300.0,1.0,0.05098629856442728,0.585264156905091,0.07259497037498165,0.2833051762320815,8.996148387390683,1.0,0.0,639744.733333357,5024997.783333347,10175392.179999996,401944.67999999115,1295387.986666659,5671990.713333325,0.16481421407499738,0.39882836254678156,360800.0,677500.0,-0.30501781758643937,1038300.0,152,381,533,300.0,1.0,0.4719354685815072,0.6207027797789945,0.035307563495217784,0.33974708567194467,8.980691513246576,1.0,0.0,1101387.4500000002,5744713.143333337,11382188.666666662,405063.1022666671,1347360.125600002,5608484.584433337,0.21241328101694024,0.4174097850109729,212200.0,638500.0,-0.5011167274009639,850700.0,118,159,277,300.0,1.0,0.27654592222909574,0.558243317505725,0.026356214214076856,0.3381454036364686,8.980691513246581,1.0,0.0,1065940.4333333352,5817227.533333329,12007382.673333338,605772.5133333298,1650723.4233333308,5939735.386666671,0.22385162360691754,0.4161086438335189,227400.0,507500.0,-0.3811402911960811,734900.0,136,163,299,300.0,1.0,-0.30353845590405615,0.43450790062669276,0.0321252059057733,0.2954731862928576,8.98069151324657,1.0,0.0,597551.9450666725,5617128.991733348,11922076.891733367,1044678.1333333357,2214857.573333333,6484027.533333329,0.20968244324178392,0.42551027551492887,116000.0,1507492.0,-0.857098156319834,1623492.0,71,488,559,300.0,1.0,-0.48214386219886063,0.494646572141626,0.024362091486837652,0.3180711448235665,8.984289708257943,1.0,0.0,361238.7867000797,5631073.733366746,12023452.75669999,877200.4393333141,1900059.8566666564,6217989.2899999935,0.16444260498476976,0.4128584555296077,235400.0,759219.0,-0.5266529193590712,994619.0,94,256,350,300.0,1.0,0.18337112950100232,0.5650643699566814,0.11434749962626825,0.3760288429431779,8.981424928586648,1.0,0.0,903441.6453333189,6040830.766033289,13016452.26269999,504476.9713333268,1629219.5207333267,5903773.274066667,0.18356054576275374,0.40538894591197233,867772.0,579569.0,0.19912584525692287,1447341.0,139,237,376,0.02199285380420979,0.5953089135122636,-0.13052581460839363,0.0,0,1800.0,0.0,125686.0,98700.0,0.12026597024769817,224386.0,45,62,107,710,33.587321985424445,0.4059427312516487,8.972633467922835,1177748.0,238716.0,0.6629409572004654,1416464.0,223,145,368,2572,46.209020709430696,0.12336813123781118,8.964589870013448,1585448.0,572216.0,0.46959674907677934,2157664.0,359,336,695,4670,60.859389408869475,0.03226689166077577,8.964589870013448,non_parent_window_path_1000_1030_v1_20260810
SZ000001,20260122,1030,1800.0,1.0,-0.0874992744246817,0.062624918669143,0.38426789577155124,-0.021816103455680042,9.09600581082905,0.518322222222224,0.481677777777776,369329.0081944562,1678708.7304166656,7018005.8648611475,476372.35732221976,1646714.9048500084,7295488.59233894,0.25431387344092693,0.23232786690980922,300.0,1.0,0.27803818942710506,0.5436932957573454,0.16024724617529795,0.13235701965477656,9.197909827425777,1.0,0.0,475680.3630666737,2325236.2521333364,8485710.995466625,155159.34493333884,648615.3180000067,6565815.969600035,0.21212884810243793,0.19757806480600973,6329500.0,9719700.0,-0.21123794332427784,16049200.0,1349,2025,3374,825200.0,3369172.0,-0.6065203563250947,4194372.0,281,544,825,380300.0,731700.0,-0.31600719424460433,1112000.0,121,139,260,0.6851900777924556,9.03750564844103,2870300.0,536200.0,300.0,1.0,-0.4191918290123142,-0.3154843352178393,0.13258515627807568,-0.036629683301150955,8.987071234138801,0.0,1.0,288577.366666657,1169477.2599999863,6106478.339999978,749232.6166666656,2223997.936666669,6564613.953333337,0.3058251271006027,0.2678123651938102,2535300.0,729200.0,0.5532547097564712,3264500.0,291,137,428,300.0,1.0,-0.3881836496085427,-0.2741080560575816,0.042532209784541954,-0.04997516378876809,8.973365675641219,0.0,1.0,424401.9733333343,1463688.4733333322,6150966.359999981,912609.9408333251,2561344.0441666637,6797822.962833332,0.3321741894888085,0.31084238202890785,1525700.0,570200.0,0.455890071091178,2095900.0,265,158,423,300.0,1.0,-0.1279444710356289,-0.2513540347109864,0.1981019437970253,-0.11230192040073914,8.98455890088965,0.13003333333334013,0.8699666666666599,382383.86600000475,1490617.8926666707,6303861.696000001,625959.2999666801,2638383.4012333383,7901508.707133339,0.24420994187053496,0.29066481033041264,243100.0,1884500.0,-0.77147960142884,2127600.0,147,423,570,300.0,1.0,0.02342834035409538,0.2126016356279789,0.15124983035042747,-0.0914002418783435,9.007298275765418,0.9799000000000039,0.02009999999999612,278873.35836666974,1679601.798366672,6799527.928366669,250763.8200999992,1092703.3457666656,8157562.125866674,0.19104577271642334,0.18535056846493247,277600.0,1577600.0,-0.7007330746011212,1855200.0,145,395,540,300.0,1.0,0.10885777332718934,0.46040100661594113,0.10816149060792889,0.02705336898014504,9.42583095111333,1.0,0.0,366057.1217333984,1943630.7060000391,8261489.869333467,164509.1214333264,715245.3832666636,7785607.835266635,0.1995453061195683,0.165692023455712,922600.0,1589028.0,-0.2653370642467754,2511628.0,220,368,588,300.0,1.0,0.27803818942710506,0.5436932957573454,0.16024724617529795,0.13235701965477656,9.197909827425777,1.0,0.0,475680.3630666737,2325236.2521333364,8485710.995466625,155159.34493333884,648615.3180000067,6565815.969600035,0.21212884810243793,0.19757806480600973,825200.0,3369172.0,-0.6065203563250947,4194372.0,281,544,825,0.4810683770882024,-0.3952824130008169,0.14149678203511018,0.0,13,688.9300000000003,860.989999999998,142900.0,223400.0,-0.21976521976521976,366300.0,91,50,141,830,0.0,0.7489739697531905,9.03750564844103,1346300.0,1482400.0,-0.048113974617315376,2828700.0,396,322,718,4443,35.564108926858715,0.7120409197732823,9.03750564844103,2023277.0,2193323.0,-0.04032775221742636,4216600.0,561,496,1057,7157,43.31323194203338,0.6183604619665591,9.021199819576003,non_parent_window_path_1000_1030_v1_20260810
SZ000001,20260123,1030,1800.0,1.0,0.1975921185544737,0.44854645441380736,0.07644973008910451,0.25576275988654285,9.040200475595972,1.0,0.0,1485342.0025999881,5757514.376361104,11637212.654694432,527575.6187777803,2203477.084372232,6899352.229583326,0.252847604636464,0.4294750138676258,300.0,1.0,0.6495678448516224,0.43241294133527275,0.04915491847132233,0.22464554236061304,9.075970724867556,1.0,0.0,2717473.056966683,6030219.931633328,11575825.741633313,188596.31320000353,2381843.8365333374,7327091.703200001,0.3454644960210565,0.4450140457268892,4482282.0,6603481.0,-0.19134442978800828,11085763.0,938,1445,2383,316100.0,1425900.0,-0.6370838117106774,1742000.0,149,427,576,55800.0,273000.0,-0.6605839416058394,328800.0,35,101,136,0.3558317620348636,9.03750564844103,5285100.0,2511000.0,300.0,1.0,0.3136314872208412,0.4960215082191786,0.0693569196970997,0.272684356458207,9.030393695914775,1.0,0.0,1246933.0706332817,5715111.3813000005,11105027.657966666,513841.1690666836,1920165.3996000148,6340418.163333353,0.23061040093590587,0.4376659019844436,633600.0,1484160.0,-0.4016319129646419,2117760.0,179,197,376,300.0,1.0,0.2517809815961236,0.5423238186294518,0.04583094994288059,0.3098073161815033,9.025936730096772,1.0,0.0,995723.9905999901,5804057.733933315,11953559.883933319,456413.3323999986,1705253.3057333296,6299934.43906666,0.1933782360764287,0.41139032925902175,564382.0,429100.0,0.13616955314741486,993482.0,165,117,282,300.0,1.0,-0.28089450906378366,0.4411963745131342,0.0285976618712968,0.285785551980185,9.021199819575997,1.0,0.0,489533.2466666649,5278825.543333334,12319179.21999999,879589.7866666657,2046587.0112333319,6842614.177899988,0.18690046780775763,0.3822926384004061,274500.0,306100.0,-0.054426455390974855,580600.0,94,105,199,300.0,1.0,0.6736256216623466,0.4080905633861096,0.05657821884363068,0.2154543212148548,9.03477930637056,1.0,0.0,2738839.307299989,5721061.391300014,11150274.811299996,392586.83800000494,2413435.79980001,7189416.020666663,0.3849563251095711,0.44354603715136454,851000.0,2170721.0,-0.43674482190778036,3021721.0,241,334,575,300.0,1.0,-0.42215871494030716,0.37123352039970414,0.05239298047563767,0.22619947112388672,9.05292257675047,1.0,0.0,723549.343433347,5995810.276666673,11719408.613333337,734426.2733333373,2753577.1533333375,7396638.873333338,0.1666374507279857,0.4576985611749842,1842700.0,787500.0,0.40118622158010797,2630200.0,110,265,375,300.0,1.0,0.6495678448516224,0.43241294133527275,0.04915491847132233,0.22464554236061304,9.075970724867556,1.0,0.0,2717473.056966683,6030219.931633328,11575825.741633313,188596.31320000353,2381843.8365333374,7327091.703200001,0.3454644960210565,0.4450140457268892,316100.0,1425900.0,-0.6370838117106774,1742000.0,149,427,576,-0.01613351307853461,-0.44573938192266915,-0.07658117930040914,0.0,0,1800.0,0.0,91200.0,396300.0,-0.6258461538461538,487500.0,44,156,200,813,0.0,0.24861496730939006,9.03750564844103,1013000.0,5367355.0,-0.6824628096712487,6380355.0,225,934,1159,6217,32.59850679071309,-0.17347044228068292,9.045680687471732,2011200.0,6438315.0,-0.523949007724112,8449515.0,410,1116,1526,8992,39.41960318104947,0.004618995038814699,9.03750564844103,non_parent_window_path_1000_1030_v1_20260810
SZ000001,20260126,1030,1800.0,1.0,-0.0891879143916295,-0.02005095407836856,0.39242274461713156,0.16247760753160778,9.181880521513138,0.3586666666666699,0.6413333333333301,279921.9248222222,1611124.1434888558,7822495.812377845,368919.189722226,1478419.339500018,5562719.07249995,0.21001197041471933,0.23081762299381123,300.0,1.0,-0.03957401195290954,-0.2936126998638919,0.05902712444495117,-0.2621233171886019,9.080376958532069,0.0,1.0,434949.7226666726,1328224.6293333431,4938832.582666692,591595.0400000077,2432537.602000005,8414119.946666682,0.2729618889792794,0.28164274703080205,9807750.0,5973572.0,0.24295670540148664,15781322.0,2049,1476,3525,1464100.0,934524.0,0.220783249062796,2398624.0,457,288,745,496000.0,84500.0,0.7088716623600344,580500.0,123,31,154,-0.44907525874788345,9.070294784580499,1011900.0,2661560.0,300.0,1.0,0.14995514449641004,0.6353593922801904,0.09938003022015271,0.37321335394174987,9.206893094138303,1.0,0.0,325281.53666666074,3312884.413333303,8260806.163333322,253066.98833333384,741812.5283333384,3775013.171666674,0.14263668365859924,0.3368858262831878,923350.0,1288500.0,-0.16508804846621605,2211850.0,199,261,460,300.0,1.0,-0.20325812010315525,0.2775279377817182,0.2329841271195238,0.352952347468958,9.388815400479123,0.7499000000000039,0.2500999999999961,130896.6229333214,2215214.03159995,9301431.51826663,258404.4899999874,1167682.3199999898,4453550.053333328,0.11507923166170579,0.24593972256456081,921500.0,729848.0,0.11605791147595783,1651348.0,296,232,528,300.0,1.0,-0.2220890704479838,-0.18603964194831946,0.18382748778869573,0.35240797582043204,9.145282008261823,0.18353333333337407,0.8164666666666259,214270.34333335224,974422.8333333576,9945948.350000009,344770.67333334225,1406416.0500000012,4762950.833333338,0.2348084200825861,0.1618638385958269,1615100.0,1354600.0,0.08771929824561403,2969700.0,231,285,516,300.0,1.0,-0.1885259757419225,-0.3089749399267592,0.24760431080044332,0.2458357027688172,9.185858169311546,0.21856666666664146,0.7814333333333585,182350.97666666046,763131.0399999841,8806730.563333318,318629.5500000281,1349213.7433333558,5208360.1433333615,0.23716797116620666,0.15071930874685974,2684700.0,922100.0,0.4886880337140956,3606800.0,377,210,587,300.0,1.0,-0.03163545260021899,-0.2445657727931497,0.08272159315046516,-0.08742041762170867,9.084057498356183,0.0,1.0,391782.34666666924,1072867.9133333322,5681225.696666674,447048.3966666593,1772853.7933333195,6762320.286666651,0.29476907083647913,0.22869057666344972,2199000.0,744000.0,0.4943934760448522,2943000.0,489,200,689,300.0,1.0,-0.03957401195290954,-0.2936126998638919,0.05902712444495117,-0.2621233171886019,9.080376958532069,0.0,1.0,434949.7226666726,1328224.6293333431,4938832.582666692,591595.0400000077,2432537.602000005,8414119.946666682,0.2729618889792794,0.28164274703080205,1464100.0,934524.0,0.220783249062796,2398624.0,457,288,745,-0.27356174578552334,-0.02217345633869064,-0.15546255888399158,0.0,49,360.3399999999965,778.1100000000006,2031800.0,112600.0,0.8949822794254804,2144400.0,186,48,234,1575,11.100410582275822,-0.6919046011080678,9.053870529651427,3766500.0,839200.0,0.6355819962220727,4605700.0,605,259,864,5902,32.6615445754268,-0.7247810830461859,9.053870529651427,5871300.0,2051300.0,0.48216494585110947,7922600.0,1086,554,1640,10968,43.43624491594051,-0.028610667921860133,9.070294784580499,non_parent_window_path_1000_1030_v1_20260810
SZ000001,20260127,1030,1800.0,1.0,0.12688042374136876,0.2607366929555822,0.32655916246916367,0.12572362414660174,9.150755955517807,0.79791111111111,0.20208888888889,764585.7215722265,3711187.741533328,10453491.663977737,362708.3834888844,1991305.7497999955,8106583.600938969,0.1976844176629711,0.30724517061159207,300.0,1.0,-0.2983681846341644,-0.30885198066319547,0.15863531636930847,0.11432262185141573,9.113535550050276,0.0,1.0,282070.0766666656,1501908.8036666696,10888733.919999992,511146.8666666659,2771399.6866666665,8664841.583499977,0.18562126865581313,0.2185435850117765,8100076.0,7666673.0,0.027488418823690287,15766749.0,1731,1737,3468,3167100.0,690000.0,0.6422182468694096,3857100.0,416,178,594,311500.0,237100.0,0.13561793656580387,548600.0,56,52,108,-0.5143186262691205,9.103322712790169,906500.0,2826400.0,300.0,1.0,0.2636368042161952,0.30514286053363393,0.132918058843965,0.08484421448936977,9.141639367646167,0.9999666666666599,3.333333334012423e-05,761779.8616000218,3501326.226266677,9162770.842933344,257289.18686665312,1867635.1607333035,7726573.487399965,0.18980748323766602,0.31789045696447266,1429976.0,3741724.0,-0.44699963261596765,5171700.0,302,545,847,300.0,1.0,0.4863415038274702,0.5278626284642718,0.117897998312402,0.11751187339621208,9.15729204541586,1.0,0.0,1687637.0071333097,4372387.200466658,9441104.127133342,328617.636066663,1339244.7734,7451933.686733313,0.35300850132243544,0.3381056762436336,726400.0,1291558.0,-0.2800643026267147,2017958.0,317,373,690,300.0,1.0,0.37463121827352713,0.5178573115678067,0.0821719018162562,0.17622341848748801,9.139046021979217,1.0,0.0,979239.305399999,5089099.609999991,11087790.396666652,218031.88666666762,1636750.716666672,7758929.323333342,0.1780103829131796,0.3568711386697836,581000.0,661800.0,-0.06501448342452526,1242800.0,231,229,460,300.0,1.0,0.3681890706207848,0.421777570656968,0.12895842129656893,0.15855718784802475,9.218939913300133,1.0,0.0,653133.1388333465,4599640.325666689,11198993.539000006,293168.68766665296,1854030.097666647,8137542.667666637,0.14663002050408894,0.3337552472871697,1020800.0,696185.0,0.18906105760970537,1716985.0,206,264,470,300.0,1.0,-0.43314786985559334,0.10063176717400807,0.21045740041729508,0.10288242880710227,9.134082834715592,0.7875,0.2125,223654.93980000165,3202764.2831333387,10941557.158133317,567996.0370000019,2478774.0636666734,8899680.857000021,0.1393374344196553,0.2863499919947829,1174800.0,585406.0,0.3348437626050587,1760206.0,259,148,407,300.0,1.0,-0.2983681846341644,-0.30885198066319547,0.15863531636930847,0.11432262185141573,9.113535550050276,0.0,1.0,282070.0766666656,1501908.8036666696,10888733.919999992,511146.8666666659,2771399.6866666665,8664841.583499977,0.18562126865581313,0.2185435850117765,3167100.0,690000.0,0.6422182468694096,3857100.0,416,178,594,-0.5695886736187776,0.6147298280457194,-0.20546664560592504,0.0,3,1352.0299999999988,363.75,233700.0,201000.0,0.07522429261559696,434700.0,48,42,90,596,0.0,-0.5535019210969087,9.103322712790169,1158800.0,1078800.0,0.03575259206292456,2237600.0,204,177,381,2935,22.324330570996036,-0.34496751992677666,9.111617312072893,1671640.0,1897380.0,-0.06324985570268589,3569020.0,350,361,711,5196,32.8639279125324,0.2295103789023655,9.119927040583676,non_parent_window_path_1000_1030_v1_20260810
SZ000001,20260128,1030,1800.0,1.0,-0.20346524028151727,-0.28272951041414357,0.2784324632162179,0.044762364441872184,9.20364554677406,0.1560222222222243,0.8439777777777757,242463.92722222157,1333195.4788888823,9701916.24833332,432913.3342777781,2386097.211611113,8910676.43130556,0.18158755379082755,0.1998266847889865,300.0,1.0,0.22293732670061325,0.12703213664834817,0.2365539655057006,0.05433971888700661,9.189736329227646,0.5132666666666531,0.4867333333333469,364671.3399999904,2258568.2033333173,10337730.66999999,161952.1933333271,1807114.9949999666,9282305.6433333,0.1295289149801946,0.20722098233683425,5594300.0,6854800.0,-0.10125229936300616,12449100.0,1349,1706,3055,310100.0,1499400.0,-0.6572533849129594,1809500.0,101,342,443,58900.0,401000.0,-0.7438573602957165,459900.0,35,68,103,0.35172413793103446,9.136592051164916,2332400.0,1118600.0,300.0,1.0,-0.7452550715076892,-0.22861036267702262,0.20595055614301358,0.13332890123262747,9.13514143846257,0.28756666666668024,0.7124333333333197,67743.54666666483,1050800.1299999973,9515906.486666668,433575.7633333444,1630509.9733333432,7289739.6799999885,0.18696804572390976,0.15954817070060742,1026200.0,978100.0,0.02399840343261987,2004300.0,187,294,481,300.0,1.0,-0.5169834016100919,-0.3952313119240328,0.1947364151300982,0.052739884068042274,9.128524141327851,0.1353000000000126,0.8646999999999874,150938.5299999968,1002357.2066666577,9450961.089999998,608920.1433333324,2343878.564666664,8518831.11449998,0.22707864157179822,0.1862144944834343,1182700.0,868900.0,0.15295379216221486,2051600.0,275,251,526,300.0,1.0,-0.40076436059531345,-0.5574080324881391,0.08667995301248763,0.01104970184635439,9.118529483122815,0.0,1.0,185462.1233333406,813353.9900000063,9221717.056666685,552321.5646666522,2872979.2033333057,9025301.823333345,0.20014026115009503,0.2020238603125348,1222900.0,1517000.0,-0.10733968393007044,2739900.0,313,238,551,300.0,1.0,-0.15259399717289127,-0.4452760854468353,0.12123138727104144,0.0009377533504398792,9.11788949515282,0.0,1.0,319830.523333328,1223181.0799999894,9728332.979999995,632376.618666701,3180559.37000003,9707830.81000003,0.21622689911255438,0.2265745698369634,1119700.0,642600.0,0.270725756114169,1762300.0,244,209,453,300.0,1.0,0.37186806249626464,-0.19688340659717382,0.11795039800651427,0.0161782272667627,9.532052393351464,0.0,1.0,366137.500000011,1650912.2633333544,9956849.206666717,208333.72233330648,2481541.1633333093,9640049.51666666,0.13901456665579406,0.21087282661446266,732700.0,1348800.0,-0.29598846985347105,2081500.0,229,372,601,300.0,1.0,0.22293732670061325,0.12703213664834817,0.2365539655057006,0.05433971888700661,9.189736329227646,0.5132666666666531,0.4867333333333469,364671.3399999904,2258568.2033333173,10337730.66999999,161952.1933333271,1807114.9949999666,9282305.6433333,0.1295289149801946,0.20722098233683425,310100.0,1499400.0,-0.6572533849129594,1809500.0,101,342,443,0.40976164706249174,-0.5560010855499532,0.2246920012826863,0.0,35,152.25,1044.4100000000035,174100.0,288400.0,-0.24713513513513513,462500.0,37,50,87,696,11.184034303419484,-0.29328660323948813,9.128251939753538,1041700.0,1052400.0,-0.005109593620170956,2094100.0,153,206,359,3317,46.570299338927455,-0.4053668075336049,9.119927040583676,2353000.0,1933700.0,0.09781416940770289,4286700.0,390,459,849,6720,50.835992357719064,-0.4760565657043558,9.111617312072893,non_parent_window_path_1000_1030_v1_20260810
SZ000001,20260129,1030,1800.0,1.0,0.15989259127866928,0.3374696610562354,0.2523470024034877,0.48465196834387037,9.533880820328994,0.8533277777777686,0.14667222222223145,338855.6269444351,2335332.823916654,9368331.41733896,166154.96175556633,1053592.4367222362,3256313.2909000306,0.1490179186202517,0.2684372779558096,300.0,1.0,-0.23639542584298823,0.2120653728669283,0.19273151357916785,0.4974115729645245,10.002712592738597,0.9360666666666414,0.06393333333335856,126957.65133337125,1770437.0566667446,9932377.670000017,113322.1150000121,1079328.6705333206,3333994.2199999928,0.08431562076839964,0.21481123481455963,7441800.0,12636531.0,-0.2587232474651404,20078331.0,1934,1541,3475,545700.0,2470300.0,-0.638129973474801,3016000.0,248,327,575,53000.0,184100.0,-0.5529312526360186,237100.0,42,49,91,0.10134601464740557,9.315323707498836,1535240.0,1252694.0,300.0,1.0,0.4110732036460123,0.5077892506797461,0.09017570701416906,0.5054097872662126,9.333231400546367,1.0,0.0,529471.0900000009,2708371.7605333417,8725592.806666669,202824.93386666937,887135.1372000057,2868880.680533344,0.20366975914531515,0.3101052326095437,911900.0,1625200.0,-0.2811477671357061,2537100.0,406,181,587,300.0,1.0,0.22412294590029583,0.3550975687657419,0.17249987895840535,0.48718685767394165,9.43465855092647,0.9871666666666715,0.012833333333328483,345388.09323332174,2510078.043599989,9138419.050266689,183875.8000000098,1130805.170000011,3150899.1900000125,0.14536689648718798,0.2962640516274063,1318100.0,3063221.0,-0.3983093226905767,4381321.0,387,259,646,300.0,1.0,0.5716427724260268,0.6137964373240732,0.09072670208844948,0.4769063093536826,9.422469314919994,1.0,0.0,700841.8499999497,3194253.4165332923,9151880.973333322,199318.43666668312,767291.0633333664,3243057.0800000224,0.22722458153415237,0.3196098651579214,1245800.0,1430300.0,-0.06894361197264676,2676100.0,339,259,598,300.0,1.0,0.16287953964374105,0.2774885201946574,0.18509309532898466,0.4548512300773541,9.354699411973522,0.8098666666666637,0.19013333333333624,211122.46166665797,2424798.0340666445,9521487.995000003,138636.89666666684,1306278.426533324,3568895.3831999907,0.09374221140380555,0.28502423136158855,1391300.0,1051900.0,0.1389161755075311,2443200.0,297,187,484,300.0,1.0,-0.17396748810107665,0.058580816506254955,0.2485377501046972,0.4861460527275159,9.655513650869198,0.38686666666663466,0.6131333333333654,119352.61543331482,1404058.6320999202,9740230.00876666,158951.58833335544,1150716.1527333767,3372153.1916666995,0.10893492663966073,0.19483680012866483,2029000.0,2995610.0,-0.1923751296120495,5024610.0,257,328,585,300.0,1.0,-0.23639542584298823,0.2120653728669283,0.19273151357916785,0.4974115729645245,10.002712592738597,0.9360666666666414,0.06393333333335856,126957.65133337125,1770437.0566667446,9932377.670000017,113322.1150000121,1079328.6705333206,3333994.2199999928,0.08431562076839964,0.21481123481455963,545700.0,2470300.0,-0.638129973474801,3016000.0,248,327,575,-0.12540428818930707,-0.37940672600966063,-0.11071935821952274,0.0,124,647.1399999999994,27.56999999999971,49500.0,218700.0,-0.6308724832214765,268200.0,36,51,87,551,23.759725711306185,0.1615360668534521,9.315323707498836,289450.0,797500.0,-0.46740880445282673,1086950.0,244,275,519,2807,63.208724894975845,0.5923758233020612,9.324009324009324,758350.0,1056960.0,-0.16449532035850625,1815310.0,512,384,896,4830,71.88783335980992,0.5839356382852674,9.324009324009324,non_parent_window_path_1000_1030_v1_20260810
SZ000001,20260130,1030,1800.0,1.0,0.2824430374044296,0.5104180266154958,0.1512774582141902,0.015175218144559265,9.18889444073025,0.9993611111111103,0.0006388888888896973,450839.54181111377,2288598.3173666596,5213701.366255513,152505.62938333332,712598.8655277749,5142058.840394492,0.20103483191083263,0.2898094512624192,300.0,1.0,0.20048564904461988,0.5223682648798742,0.12012933833465639,0.06859627473283794,9.181335504290379,1.0,0.0,253699.29333334044,2226729.400000015,5390914.693333341,129549.8401666567,672022.4066666476,4756079.239999921,0.13221177909008486,0.2856759179823841,4640886.0,9449214.0,-0.34125577533161583,14090100.0,2222,2869,5091,766000.0,1133700.0,-0.193556877401695,1899700.0,339,264,603,150900.0,298600.0,-0.328587319243604,449500.0,64,77,141,0.6866232818943037,9.153318077803204,2810600.0,522213.0,300.0,1.0,0.33380932244089473,0.323604003831104,0.11479419762588684,-0.14047089325319487,9.124691479254492,1.0,0.0,483190.82666668366,1977728.4733333485,5057586.163333335,186418.50456666265,1019349.9865666634,6723273.708966675,0.22342068791074818,0.2544023519834027,1079000.0,2453000.0,-0.38901472253680636,3532000.0,447,578,1025,300.0,1.0,0.10572090530413197,0.4592842180623696,0.13784922161828286,-0.0757767928826293,9.144726774014005,0.9961666666666619,0.003833333333338184,285082.57420001284,1736070.0942000009,4606245.377533342,159824.9357333337,620187.9822666676,5369416.022400016,0.1888195161544055,0.23620068705243039,752986.0,1609114.0,-0.3624435883324161,2362100.0,361,804,1165,300.0,1.0,0.4429272158218391,0.5704022878871886,0.0886769835605937,0.034794936682774676,9.146471156177244,1.0,0.0,493941.8933333486,2306570.356666677,5139150.599999999,122359.43999999779,623519.9066666617,4848847.649999973,0.2103352722766389,0.29336111100473483,646200.0,1313600.0,-0.34054495356669046,1959800.0,313,584,897,300.0,1.0,0.34815829939435256,0.5900988615398857,0.11709939715404208,0.09456479332550095,9.159397405963178,1.0,0.0,678488.6666666691,2773758.7733333316,5521351.819999997,161203.29000000007,681190.1600000025,4624586.220000009,0.24304033803953637,0.3405253333612248,507300.0,1507500.0,-0.49642644431209054,2014800.0,351,335,686,300.0,1.0,0.2635568324207327,0.5967505234925431,0.11859496433230154,0.1093429902620673,9.37674432468194,1.0,0.0,510633.99666662264,2710732.806666604,5566959.543333327,155677.76583334748,659322.75100002,4530150.201000103,0.19771536436073311,0.3337643784210549,889400.0,1432300.0,-0.23383727441099195,2321700.0,411,304,715,300.0,1.0,0.20048564904461988,0.5223682648798742,0.12012933833465639,0.06859627473283794,9.181335504290379,1.0,0.0,253699.29333334044,2226729.400000015,5390914.693333341,129549.8401666567,672022.4066666476,4756079.239999921,0.13221177909008486,0.2856759179823841,766000.0,1133700.0,-0.193556877401695,1899700.0,339,264,603,0.011950238264378354,0.14769889792992083,0.16425501701442946,0.0,2,1415.739999999998,1.1500000000014552,458600.0,1905100.0,-0.6119642932690273,2363700.0,58,200,258,2485,22.44150879640882,0.5247417457420568,9.170105456212745,1168400.0,4306900.0,-0.5732106003324019,5475300.0,305,1104,1409,7918,48.93945488300892,0.17746068771800694,9.186954524575103,2506405.0,5536906.0,-0.3767728240273191,8043311.0,783,1679,2462,13797,59.060787642795525,0.5205856296917983,9.178522257916475,non_parent_window_path_1000_1030_v1_20260810
SZ000002,20260105,1030,1800.0,1.0,-0.11877175483094742,-0.25570083843901054,0.11103992053264199,-0.19508728151622776,21.0784199064102,0.02601111111110691,0.9739888888888931,902752.6409222203,3551669.5509888865,10732305.994877817,1301485.5141833562,6037824.234838886,16069995.172616495,0.22985969899299588,0.3577862111876371,300.0,1.0,-0.1360523495941422,-0.27337095269722417,0.07700580338054491,-0.23337380952853573,21.035066705521736,0.0,1.0,1103636.5919999997,4327201.023666674,11103826.753666641,1540191.0466666687,7631593.970000049,17864848.51333328,0.22107809692087013,0.4128181521400032,21190500.0,15644563.0,0.1505613550871353,36835063.0,2589,2377,4966,4307000.0,1824700.0,0.40483063424498916,6131700.0,538,247,785,261600.0,534400.0,-0.342713567839196,796000.0,63,85,148,-0.08492728306139428,21.07481559536354,4526447.0,5366640.0,300.0,1.0,0.0589566480753685,-0.3015432341332566,0.12022046256854187,-0.12821728839897656,21.056640093706253,0.0,1.0,870988.9916000125,2407732.8349333163,9352261.284933338,893096.4648333493,4458614.262500037,12142164.712499982,0.2569176057372309,0.3194478000135139,6191100.0,5927400.0,0.02176011882658745,12118500.0,683,960,1643,300.0,1.0,-0.185016466535515,-0.24808791528537683,0.11253207231897432,-0.18151179380722643,21.121863680566435,0.0,1.0,791511.0708666701,2894977.194666658,10521266.171333373,1122941.453333331,4832514.3466666825,15179962.233333305,0.24774566416020585,0.30066623352252797,4602700.0,2301853.0,0.33323619936004545,6904553.0,421,395,816,300.0,1.0,-0.03466424435930288,-0.23769029987325074,0.05521140870051039,-0.17035829988059764,21.053248812464076,0.0,1.0,834870.806666662,3640168.1199999847,10998672.836666599,1054463.0833333505,5946250.063333361,15518258.463333363,0.19708444320577947,0.36152064787878985,2367700.0,1941000.0,0.099032190683965,4308700.0,319,339,658,300.0,1.0,-0.20885805590043086,-0.24023419925957115,0.12613185532517626,-0.22259985039734245,21.105696342677394,0.15606666666664146,0.8439333333333585,889774.1594333024,3841544.3466666467,10984221.10333329,1484167.106533393,6416469.319600114,17274965.44626674,0.23142309448985685,0.36299748572953694,1340100.0,3014200.0,-0.3844705233906713,4354300.0,237,247,484,300.0,1.0,-0.20699606067166124,-0.23327842938538054,0.1357838091360401,-0.23446264708468273,21.098003803521717,0.0,1.0,925734.2249666415,4198393.785999992,11433587.819333335,1714053.9304000346,6941503.446933371,18439771.66693336,0.23696701146959914,0.372904066516341,2381900.0,635410.0,0.5788235216136227,3017310.0,391,189,580,300.0,1.0,-0.1360523495941422,-0.27337095269722417,0.07700580338054491,-0.23337380952853573,21.035066705521736,0.0,1.0,1103636.5919999997,4327201.023666674,11103826.753666641,1540191.0466666687,7631593.970000049,17864848.51333328,0.22107809692087013,0.4128181521400032,4307000.0,1824700.0,0.40483063424498916,6131700.0,538,247,785,-0.01767011425821363,0.25426927915785386,0.18844366963582987,0.0,10,27.029999999998836,981.9700000000012,922300.0,14060.0,0.9699688154128754,936360.0,117,12,129,634,0.0,-0.08086364903358836,21.07481559536354,2154600.0,746733.0,0.48524833240445,2901333.0,324,167,491,2931,61.37846516837811,-0.22747138244249795,21.07481559536354,3060200.0,1344233.0,0.3895999780221427,4404433.0,521,305,826,4821,61.37846516837811,-0.35636603905365727,21.07481559536354,non_parent_window_path_1000_1030_v1_20260810
SZ000002,20260106,1030,1800.0,1.0,-0.23471495972489648,-0.2945024829781467,0.12255891431712775,-0.09658383898866674,20.97057465234952,0.07961111111110869,0.9203888888888914,1144166.9710055515,5585847.797561106,17095315.916005645,2170991.711655563,10192677.826072302,20878621.764438845,0.21010573241999242,0.41550933580846167,300.0,1.0,-0.016652626376669973,-0.1916674913626571,0.19005429836572427,-0.1590678012662399,20.982023840430276,0.4458999999999893,0.5541000000000107,1503931.1299999924,6995180.419999976,17125235.806666695,1678342.34560002,10497944.894133354,23603633.465600006,0.18191566220753808,0.42950186505778676,9319451.0,15677923.0,-0.254365598562473,24997374.0,2482,1629,4111,1342300.0,1771200.0,-0.1377549381724747,3113500.0,363,245,608,276700.0,82400.0,0.5410749094959622,359100.0,68,42,110,0.0011083693245419685,20.986358866736623,8723360.0,8704044.0,300.0,1.0,-0.5039793244241249,-0.3087171292658342,0.07291299307439043,-0.007325917471516691,20.96405529329444,0.0,1.0,781037.7471999928,4400976.103199988,17065389.49386669,2613327.6465333644,8312847.276600016,17318393.439933334,0.26698226743706366,0.36976220459157305,2080000.0,2857226.0,-0.1574215966617692,4937226.0,565,399,964,300.0,1.0,-0.6525158761599844,-0.37491195055814425,0.0889615228289063,-0.05966742448218473,20.944745428863897,0.0,1.0,567860.7488333336,4358483.819500009,16971440.028833333,3330326.9344666945,9608360.368766671,19128830.868766632,0.27910296920007405,0.38689028755169896,1461951.0,2526997.0,-0.2669992188416595,3988948.0,487,369,856,300.0,1.0,0.36531327806847963,-0.2502798582908451,0.091053052424556,-0.08920465178183043,21.04953536739165,0.0,1.0,1867665.1300000187,6018730.97600003,17065400.08333332,1165342.3839999198,9981132.003333302,20415624.43899998,0.18956459301667813,0.4268790190033283,1401500.0,1802500.0,-0.12515605493133583,3204000.0,392,174,566,300.0,1.0,-0.19454356371507014,-0.32829593068358937,0.0687100344088942,-0.12609858517639733,20.936485271563864,0.0,1.0,1081170.603333321,5571216.239999958,16845054.24666669,1946582.0660000741,10964268.393333353,21709421.163333315,0.18310637616449738,0.4288862565886306,1683300.0,2419500.0,-0.1794384322901433,4102800.0,259,221,480,300.0,1.0,-0.4059116457420016,-0.3131425377078018,0.08410375038220806,-0.13813865375383125,20.946602712561603,0.031766666666662786,0.9682333333333372,1063336.4666666558,6170499.226666667,17499375.836666696,2292028.893333354,11791514.02026668,23095827.209999997,0.18680341194898464,0.44246639747767497,1350400.0,4300500.0,-0.5220584331699375,5650900.0,416,221,637,300.0,1.0,-0.016652626376669973,-0.1916674913626571,0.19005429836572427,-0.1590678012662399,20.982023840430276,0.4458999999999893,0.5541000000000107,1503931.1299999924,6995180.419999976,17125235.806666695,1678342.34560002,10497944.894133354,23603633.465600006,0.18191566220753808,0.42950186505778676,1342300.0,1771200.0,-0.1377549381724747,3113500.0,363,245,608,0.10283499161548959,0.11661066038999829,0.19277586068719907,0.0,17,62.90999999999622,1292.8099999999977,935956.0,171800.0,0.6898233907105897,1107756.0,62,42,104,935,25.671517623051567,-0.3092962779920377,20.942408376963353,1687556.0,604700.0,0.4723974983596946,2292256.0,292,181,473,2852,25.671517623051567,-0.2788435392740938,20.942408376963353,2899456.0,5913744.0,-0.34201969772613805,8813200.0,687,606,1293,7396,82.54660485376729,0.21767203079643535,21.03049421661409,non_parent_window_path_1000_1030_v1_20260810
SZ000002,20260107,1030,1800.0,1.0,0.3200477149215802,0.46221614946462597,0.14412627638334147,0.0319414824495456,20.916097985113378,1.0,0.0,2936103.0094277975,7758178.181094505,15315920.194983529,1115575.5718611262,2798768.387416671,14272545.228183787,0.38379265775334154,0.3567926358304898,300.0,1.0,0.4375949935830919,0.5420894583915757,0.04319602688763033,0.08430418552571942,20.972066167462355,1.0,0.0,2605719.8699999475,7855684.343333343,14686648.846666673,688687.3400000248,2327331.326666686,12408932.84093335,0.3235198016738358,0.37581830821739354,6824500.0,23151502.0,-0.544669098967901,29976002.0,1556,2657,4213,1464500.0,943000.0,0.2166147455867082,2407500.0,383,193,576,143500.0,105400.0,0.15307352350341502,248900.0,58,25,83,0.5720004641448132,20.942408376963353,8128500.0,2213100.0,300.0,1.0,-0.36910643865514253,0.2317572191435036,0.04664407359214943,-0.05006981460741651,20.858371206219267,1.0,0.0,1020223.50666665,6073404.913333316,14503102.036666682,1862061.6480000261,3783390.728000025,16027239.21733338,0.29241604062279064,0.322852455507418,1004900.0,3772500.0,-0.5793109222589693,4777400.0,288,571,859,300.0,1.0,0.5114967828363766,0.5221072243250304,0.07665585473991597,0.10219376659628583,20.855057351407773,1.0,0.0,5859300.490399992,11044653.917066658,19769273.9204,1650905.7133333378,3399590.606666663,16008516.483333308,0.5199445489442746,0.40372097775568905,1339200.0,4831023.0,-0.5659152027406464,6170223.0,171,537,708,300.0,1.0,0.6316538910497635,0.572611799610299,0.06684728429511405,0.03683896928631155,20.93752951599036,1.0,0.0,3300093.7377000977,7711888.254366708,15446820.121033339,718504.4868000058,2107464.963466674,14334801.680133356,0.4092528433748306,0.3297118364940323,1500500.0,4876277.0,-0.5293860832831382,6376777.0,333,462,795,300.0,1.0,0.584649383974017,0.5377535806058171,0.09548191448537928,0.03293768446141174,20.910366710980437,1.0,0.0,3120121.6740000243,7475846.434000051,14959850.64733331,767534.3330333304,2242432.5697000017,13938311.18303331,0.4000354389448176,0.33629401969394257,676200.0,5388702.0,-0.7770120605411266,6064902.0,151,461,612,300.0,1.0,0.12399767674137953,0.36697761471153933,0.1053079910511762,-0.014555896565037587,20.963196958626277,1.0,0.0,1711158.7777999984,6387591.224466657,12529825.59779999,1005759.9099999968,2932400.13,12917469.964333344,0.2915151510841152,0.3662468308944863,839200.0,3340000.0,-0.5983920367534457,4179200.0,230,433,663,300.0,1.0,0.4375949935830919,0.5420894583915757,0.04319602688763033,0.08430418552571942,20.972066167462355,1.0,0.0,2605719.8699999475,7855684.343333343,14686648.846666673,688687.3400000248,2327331.326666686,12408932.84093335,0.3235198016738358,0.37581830821739354,1464500.0,943000.0,0.2166147455867082,2407500.0,383,193,576,0.07987330892694977,0.7612838445546093,0.029911005753237463,0.0,0,1800.0,0.0,46500.0,127800.0,-0.4664371772805508,174300.0,31,34,65,707,0.0,0.503043354452908,20.942408376963353,334300.0,934600.0,-0.473086925683663,1268900.0,128,128,256,1990,0.0,0.5008035776675285,20.942408376963353,590200.0,1763558.0,-0.4985040943036625,2353758.0,223,260,483,3454,0.0,0.46856423263168073,20.942408376963353,non_parent_window_path_1000_1030_v1_20260810
SZ000002,20260108,1030,1800.0,1.0,-0.11554139270326957,0.02606488438058932,0.11905387127089968,0.1892799879513438,21.143642815956117,0.5839666666666663,0.41603333333333364,1071626.7948110974,4854438.766433314,17005980.159766763,1293034.2446833395,4522731.20314999,11603001.692594452,0.25217214225237256,0.32777013939100974,300.0,1.0,-0.35619738900429937,-0.09998424926255033,0.04374591161313681,0.18083142759428225,21.119324181626027,0.0,1.0,794423.7066666625,4073507.003333338,16979643.72666667,1616719.656666663,4958573.059999989,11776273.41333333,0.2669532761474972,0.314094661608603,8078249.0,6504744.0,0.1079000037920885,14582993.0,1008,1166,2174,252800.0,229200.0,0.04896265560165975,482000.0,115,129,244,74800.0,35100.0,0.3612374886260237,109900.0,37,33,70,-0.04987125025612644,21.119324181626187,4497900.0,4970080.0,300.0,1.0,-0.12203930393462488,-0.00780307132872102,0.06363989905456037,0.22116503891271924,21.12536572374621,0.40600000000003394,0.593999999999966,959661.3599999935,3873236.645833347,16546216.075833403,1157886.9974333204,3897191.8574333233,10555427.36409999,0.27251371742795155,0.28671429171771906,2484513.0,984303.0,0.4324847440740587,3468816.0,250,174,424,300.0,1.0,0.061186827156966196,0.0666154885675052,0.06828171561322921,0.16570840939207515,21.157775505681187,0.8602666666666725,0.13973333333332752,1534487.1981666782,5494494.513500002,16946293.77349997,1372759.8570666546,4772350.84786665,12131339.881199986,0.2831684858304265,0.35308393672217453,403200.0,1655600.0,-0.6083155236059841,2058800.0,102,319,421,300.0,1.0,0.28751058488715325,0.1455800283415978,0.09928196830857929,0.1837591650938149,21.16356525165066,0.958299999999969,0.041700000000031046,1567439.8907666162,5853528.4275999265,17472559.850933276,987422.4469333603,4377845.163600011,12056454.316933366,0.24970863539744342,0.34648544421552957,2288536.0,771700.0,0.49565981185764757,3060236.0,314,158,472,300.0,1.0,-0.0802011199528495,0.11792104625271131,0.08361303571036964,0.19495346152957768,21.164021164021197,1.0,0.0,1048998.1939999915,5645025.863999994,17351930.8673333,1149018.7966666697,4453865.203333331,11686564.193333326,0.21764934149815138,0.3477759796516634,391400.0,2073341.0,-0.682400706605684,2464741.0,77,210,287,300.0,1.0,-0.4835079553719625,-0.06593993628700566,0.08776489754999703,0.1892624251855907,21.131805069010024,0.2792333333333227,0.7207666666666773,524750.4192666623,4186840.1443333086,16739236.664333293,1474397.713333346,4676561.086666668,11411950.986666685,0.22555090088982271,0.31484999286291687,2257800.0,790600.0,0.48130166644797273,3048400.0,150,176,326,300.0,1.0,-0.35619738900429937,-0.09998424926255033,0.04374591161313681,0.18083142759428225,21.119324181626027,0.0,1.0,794423.7066666625,4073507.003333338,16979643.72666667,1616719.656666663,4958573.059999989,11776273.41333333,0.2669532761474972,0.314094661608603,252800.0,229200.0,0.04896265560165975,482000.0,115,129,244,-0.12604913364313963,-0.05893734819042875,0.05011299900642389,0.0,15,472.3099999999977,516.2300000000032,61800.0,72700.0,-0.08104089219330855,134500.0,18,22,40,312,0.0,0.0030972283675166023,21.119324181626187,401600.0,354600.0,0.06215286961121397,756200.0,160,98,258,1461,0.0,-0.04703296862179522,21.119324181626187,1667500.0,557500.0,0.49887640449438203,2225000.0,361,176,537,3082,0.0,0.10199143559504964,21.119324181626187,non_parent_window_path_1000_1030_v1_20260810
SZ000002,20260109,1030,1800.0,1.0,0.06204424249677329,0.23887930077049796,0.10847741618612222,0.13985581145998932,20.49103692736174,0.9949888888889028,0.005011111111097206,1686997.3278722295,6692503.091205535,18072169.583427638,1277072.6112666654,4067070.563594459,13630990.363872385,0.27548209940610263,0.3393848964168105,300.0,1.0,0.11533851934080727,0.296733144077275,0.08299088872477174,0.0956846875625435,20.5190031710895,1.0,0.0,1364195.3400000508,7046404.060000021,17226892.413333323,878795.8133333108,3850123.4241666286,14215006.853333324,0.20584458274368334,0.34656072751046185,8532000.0,18753900.0,-0.3746220575462052,27285900.0,1918,2072,3990,1471900.0,3357600.0,-0.390454498395279,4829500.0,339,293,632,582000.0,706300.0,-0.09648373825972212,1288300.0,137,60,197,0.25635870184740084,20.512820512820515,6475100.0,3832625.0,300.0,1.0,-0.22180652376478396,0.19680387423357484,0.05714700547336323,0.16686172000832947,20.457619506881375,1.0,0.0,1100745.5666666336,5733687.7199999625,18324895.929999948,1509842.8985333606,3834267.883333342,13084209.716666682,0.2728470504493678,0.30462362446632507,811200.0,2412800.0,-0.4967741935483871,3224000.0,378,429,807,300.0,1.0,-0.26982974043018043,0.1364839070187451,0.06614728376121799,0.13688033786139647,20.48284869089952,0.9699333333334168,0.030066666666583235,1171615.9133334602,5786033.143333428,18209894.723333336,1992688.5741999443,4385494.359199982,13826381.432533275,0.3110943254830973,0.3175003066225835,1118600.0,2740800.0,-0.4203244027569052,3859400.0,367,414,781,300.0,1.0,-0.16731678278994808,0.17904380115496393,0.13471544053855625,0.14589524710483381,20.446123280114108,1.0,0.0,1337847.9128666974,6454317.092866687,18345073.919533323,1616602.803299965,4429545.217466644,13683492.18746665,0.2714524156890202,0.33981734536516195,1463600.0,2066400.0,-0.17076487252124645,3530000.0,320,304,624,300.0,1.0,0.6027116067860235,0.32900625444250925,0.06573600357766753,0.17879268185746713,20.534881644239988,1.0,0.0,2969776.589999948,7876602.523333284,18857217.213333335,704689.3556667346,3963781.3140000342,13138592.644000057,0.31033334697148157,0.3700604513568679,1414500.0,1240000.0,0.06573742701073648,2654500.0,274,218,492,300.0,1.0,0.31316837583872276,0.2952048236959182,0.05592808921544387,0.1150201943653666,20.505745270947642,1.0,0.0,2177802.6443666727,7257974.0076999795,17469043.3010334,959816.2225666752,3939211.1834000032,13838259.349233365,0.28021496593869555,0.3576541012230759,2252200.0,6936300.0,-0.5097785275072101,9188500.0,240,414,654,300.0,1.0,0.11533851934080727,0.296733144077275,0.08299088872477174,0.0956846875625435,20.5190031710895,1.0,0.0,1364195.3400000508,7046404.060000021,17226892.413333323,878795.8133333108,3850123.4241666286,14215006.853333324,0.20584458274368334,0.34656072751046185,1471900.0,3357600.0,-0.390454498395279,4829500.0,339,293,632,0.057853843306777064,-0.015832440849073814,-0.040374442229874186,0.0,14,1215.9400000000023,3.220000000001164,251100.0,358500.0,-0.17618110236220472,609600.0,102,43,145,782,0.0,0.3004943413058098,20.512820512820515,889700.0,2513800.0,-0.4771852504774497,3403500.0,285,280,565,3397,58.07860708721785,0.43231980546540244,20.554984583761563,2098200.0,4213070.0,-0.3350942044944995,6311270.0,592,516,1108,6139,58.07860708721785,0.47521817132801836,20.554984583761563,non_parent_window_path_1000_1030_v1_20260810
SZ000002,20260112,1030,1800.0,1.0,0.10359250405194007,0.31115159014549576,0.1375245671541701,0.29210419777901875,20.50023804903976,1.0,0.0,1804053.1993333385,7867896.398999969,20505458.294000223,1175805.2821666568,3984348.7961499626,11223559.732499795,0.2514172152563453,0.37354591892037,300.0,1.0,0.7408618968467894,0.5042602821336153,0.04357165897428921,0.28713298936376214,20.554984583761755,1.0,0.0,4129115.630000008,11355805.283333348,21309348.293333273,626219.7966666735,3751162.500000012,11806359.189999998,0.3147776241313605,0.4561873784800313,7394100.0,11369520.0,-0.21186849872252794,18763620.0,2309,1858,4167,1511700.0,1065900.0,0.17295158286778398,2577600.0,785,217,1002,151900.0,297600.0,-0.32413793103448274,449500.0,98,65,163,0.5608214294170774,20.554984583761563,11535680.0,3245870.0,300.0,1.0,0.1154773519273198,0.3876374047809701,0.14936184743094844,0.27041448478445956,20.511747733561567,1.0,0.0,1239881.4113333467,6928664.900666673,18181117.6773334,735957.6033333145,2962612.116666646,10430675.354666695,0.19975570507268492,0.3457062969199688,3083900.0,1799220.0,0.26308589590261966,4883120.0,594,355,949,300.0,1.0,-0.08089028671006074,0.20827657440582284,0.0764457840340198,0.29661646487889326,20.473228179758486,1.0,0.0,1062551.1933333385,6113283.580000011,20007039.166666605,1293768.1133333405,3988879.932666676,10852041.476666683,0.23324897718317336,0.32736437061838175,1016300.0,1353900.0,-0.14243523753269766,2370200.0,306,205,511,300.0,1.0,-0.2068083432956227,0.19553905051727105,0.014657809166666796,0.30285744071773973,20.47082906857736,1.0,0.0,912157.7766666694,6135851.7566666715,20588636.25333338,1371121.6933333292,4125160.9249999914,11014769.868333323,0.22251989553424206,0.32468059430568486,566700.0,1731800.0,-0.5068958016097455,2298500.0,237,249,486,300.0,1.0,-0.0968011908508011,0.21374166265543607,0.027597500504004762,0.3120179172954175,20.47157371685523,1.0,0.0,1349532.7333333283,6898747.430000005,21651761.020000033,1629053.5066666692,4462550.6066666655,11353041.915333338,0.26216953647260316,0.34423165800828964,476100.0,2546900.0,-0.6850148858749586,3023000.0,159,401,560,300.0,1.0,0.14971559639401635,0.35745456637986095,0.061048527135082215,0.283585889633841,20.519065011726877,1.0,0.0,2131080.451333347,9775025.44333336,21294847.353333335,1398710.9796666622,4615726.695899998,11884470.590000017,0.24528192806384147,0.43372658123386354,739400.0,2871800.0,-0.5904962339388569,3611200.0,228,431,659,300.0,1.0,0.7408618968467894,0.5042602821336153,0.04357165897428921,0.28713298936376214,20.554984583761755,1.0,0.0,4129115.630000008,11355805.283333348,21309348.293333273,626219.7966666735,3751162.500000012,11806359.189999998,0.3147776241313605,0.4561873784800313,1511700.0,1065900.0,0.17295158286778398,2577600.0,785,217,1002,0.19310869198811953,0.3848200815903119,0.056561147283462065,0.0,0,1800.0,0.0,701200.0,498300.0,0.16915381408920382,1199500.0,77,63,140,736,0.0,0.6392292134913056,20.554984583761563,1874700.0,940659.0,0.3317662152499912,2815359.0,365,265,630,3530,71.1329980059077,0.4386501982536112,20.512820512820515,3200600.0,1330759.0,0.4126446392792979,4531359.0,615,403,1018,6008,71.1329980059077,0.5660993602715119,20.512820512820515,non_parent_window_path_1000_1030_v1_20260810
SZ000002,20260113,1030,1800.0,1.0,-0.09805964535429251,-0.04019257514466841,0.15062961168334257,0.22677071510784338,20.47978616015706,0.3022000000000036,0.6977999999999964,1382258.7327888908,5004277.354144483,20809319.152455308,1694322.954933322,5510624.964844381,13234489.528777815,0.29259251245408274,0.3088638647175007,300.0,1.0,-0.2156375178505396,-0.16580341202226756,0.05361593564238859,0.1378787499200361,20.45846850736859,0.0,1.0,1565065.2366666782,5241340.850000014,20984249.873333387,2398866.209999987,7285597.103333335,15899203.714666653,0.31643259202157104,0.33963571018222005,15913244.0,9500120.0,0.2523524237090375,25413364.0,1987,1603,3590,2687600.0,1354000.0,0.32996832937450515,4041600.0,261,191,452,224500.0,135700.0,0.24652970571904498,360200.0,71,34,105,-0.16786190039035048,20.42900919305414,5056136.0,7096020.0,300.0,1.0,-0.1669290948520234,0.11435713448818807,0.24311876816092687,0.2765877344482823,20.551929246787964,0.7431666666666812,0.25683333333331876,539519.352000014,4589075.582000098,19129931.68533337,756903.8129332983,3488744.0730666094,10832990.800133266,0.16049171933668357,0.2695938508329691,1897664.0,1493600.0,0.11914849448465233,3391264.0,212,302,514,300.0,1.0,0.11197385751731502,0.02473043944431597,0.07533606531958618,0.31086238050797876,20.507396617938983,0.6241666666666666,0.37583333333333335,1706477.4433333317,5056531.496666662,21591078.55666671,1301954.7766666664,4799518.403333339,11353787.603199996,0.3052371132982999,0.29916800548446604,2429500.0,740900.0,0.5326141811758769,3170400.0,378,215,593,300.0,1.0,-0.142430908034877,-0.05192652980794501,0.13103380617770838,0.2734790498528636,20.45461339847414,0.335466666666689,0.664533333333311,940686.7113333358,3966600.7461333475,20387176.689333472,1383370.816666616,4300685.13933332,11615829.625999957,0.28111493423561035,0.25832841464977013,7456180.0,2527980.0,0.4936018653547219,9984160.0,841,269,1110,300.0,1.0,-0.2221900116776895,-0.06280074226771927,0.04773639610915687,0.20523948495678054,20.43548012179348,0.11039999999998448,0.8896000000000155,1453329.8333999743,5362857.403399978,21309710.243400026,2415901.343333358,6090689.853333323,14059005.14533335,0.3378194623904565,0.3238327185720125,1060800.0,2478140.0,-0.400498454339435,3538940.0,188,433,621,300.0,1.0,0.046855802772060424,-0.09971234070258396,0.030984198857193158,0.1565768909611172,20.47082906857735,0.0,1.0,2088473.820000004,5809258.046666673,21453767.86666668,1908940.7700000005,7098515.216666674,15646120.28333332,0.30969048715438147,0.34791946571767085,381500.0,905500.0,-0.40714840714840717,1287000.0,107,193,300,300.0,1.0,-0.2156375178505396,-0.16580341202226756,0.05361593564238859,0.1378787499200361,20.45846850736859,0.0,1.0,1565065.2366666782,5241340.850000014,20984249.873333387,2398866.209999987,7285597.103333335,15899203.714666653,0.31643259202157104,0.33963571018222005,2687600.0,1354000.0,0.32996832937450515,4041600.0,261,191,452,-0.12561083687759916,0.07761590566546767,-0.0020584883680829225,0.0,31,128.38000000000466,624.3399999999965,4197700.0,2214600.0,0.30926500631598647,6412300.0,202,123,325,2778,47.92371043456314,0.07665151254664564,20.42900919305414,18791938.0,8480712.0,0.37807935789151403,27272650.0,1213,872,2085,16361,169.42245940246895,0.2978584305723399,20.387359836901123,21126638.0,11491412.0,0.2953955248704322,32618050.0,1539,1702,3241,22655,200.79425290327464,0.05139582311079258,20.34587995930824,non_parent_window_path_1000_1030_v1_20260810
SZ000002,20260114,1030,1800.0,1.0,0.03896129685636789,0.1962611526066804,0.13886579301714408,0.054696251635643754,20.700857127811275,0.9322277777777749,0.06777222222222513,2086366.3919777663,8860910.85975558,18739488.40975556,1649552.330311113,5739578.682211043,16774543.169077633,0.25587626439172584,0.4111188984431916,300.0,1.0,-0.0804429372803067,0.21991104289999408,0.14111471504836898,0.07483773614631826,20.702667829695432,1.0,0.0,2069502.0586666146,10095707.125333278,20337908.042000048,1792812.440533321,6279858.7812,17506068.143866636,0.2358583832305305,0.4327126152417605,8370916.0,12213820.0,-0.1866870675436401,20584736.0,1761,1845,3606,1786360.0,1647700.0,0.040377861772945146,3434060.0,348,373,721,63300.0,205500.0,-0.5290178571428571,268800.0,28,65,93,0.11982480844163693,20.68252326783868,8778520.0,6899861.0,300.0,1.0,-0.22652216323583696,0.030810438509224033,0.058522519149541936,0.03394915983140355,20.682860475126557,0.6393333333333188,0.36066666666668123,1441265.313333341,5972081.486666687,16912667.826666668,2195678.7999999886,5596860.386666665,15799342.378533304,0.31437137061917136,0.3536603773587209,2114400.0,3280500.0,-0.21614858477450927,5394900.0,372,524,896,300.0,1.0,0.5706005544235079,0.31446885413559783,0.09243097631178857,0.0461032736087391,20.723418224553683,0.9540333333333304,0.04596666666666958,2679844.446666667,9682962.843333347,17469262.493333295,734487.4729333468,4985142.571533347,15919071.291533412,0.23277252399205256,0.43931828133079903,1303300.0,1274100.0,0.011329246527508342,2577400.0,374,253,627,300.0,1.0,-0.13437154230513945,0.17065126863117402,0.09744922017991649,0.06417601064257344,20.690499077502253,1.0,0.0,1526534.0538666577,8006721.530533328,18849611.30386668,1722240.5123999936,5584168.564533334,16574300.261199968,0.23904060319389375,0.3836642960815581,1878576.0,1413500.0,0.14127134367493338,3292076.0,305,235,540,300.0,1.0,-0.3572778850555561,0.10524094225820749,0.014290703563165672,0.05328077094081175,20.682523267838707,1.0,0.0,995566.8626666669,7590250.802666667,19127730.03599998,2083711.7926666636,6143416.489333343,17192159.029333342,0.2242138672695995,0.37813076100798304,456800.0,2626680.0,-0.7037113910257242,3083480.0,154,297,451,300.0,1.0,0.46178175459153825,0.33648436920588193,0.06008769039825972,0.055830558644017036,20.72317389215442,1.0,0.0,3805485.6166666723,11817741.369999975,19739750.756666597,1368382.9633333266,5848025.299999987,17656317.909999974,0.2928754056729546,0.4723963587580679,831480.0,1971340.0,-0.406683268993371,2802820.0,208,163,371,300.0,1.0,-0.0804429372803067,0.21991104289999408,0.14111471504836898,0.07483773614631826,20.702667829695432,1.0,0.0,2069502.0586666146,10095707.125333278,20337908.042000048,1792812.440533321,6279858.7812,17506068.143866636,0.2358583832305305,0.4327126152417605,1786360.0,1647700.0,0.040377861772945146,3434060.0,348,373,721,0.023649890293313686,0.22706492931658523,-0.10008623445835715,0.0,8,1486.2099999999991,72.34000000000378,175000.0,241000.0,-0.15865384615384615,416000.0,33,31,64,555,0.0,0.11030893837535526,20.68252326783868,792100.0,874900.0,-0.04967006598680264,1667000.0,136,184,320,2058,0.0,0.2148877342687398,20.68252326783868,1416000.0,1930600.0,-0.15376800334668023,3346600.0,276,329,605,3928,0.0,0.19539361889539933,20.68252326783868,non_parent_window_path_1000_1030_v1_20260810
SZ000002,20260115,1030,1800.0,1.0,0.32633720063681065,0.3738857517442152,0.09283714609102957,-0.08954391684199065,21.144678650622115,0.9999944444444474,5.555555552645173e-06,2013261.5225333537,7102389.215311174,15590080.917533599,795232.0222944383,3177439.5667388737,18635064.734961133,0.27320431150874774,0.30035894913133065,300.0,1.0,0.5539276267708181,0.4254672682198469,0.06029917939634216,-0.05900446549264889,21.164021164021246,1.0,0.0,2827501.659999999,8528458.429999998,16615110.136666711,817211.9633333279,3427072.579999996,18694316.486000028,0.30485585460694054,0.33859317903296654,5119246.0,12105677.0,-0.40560012953323504,17224923.0,1222,1736,2958,600400.0,1024000.0,-0.2607732085693179,1624400.0,174,216,390,168100.0,242600.0,-0.18139761383004627,410700.0,32,50,82,0.3707004570883998,21.164021164021165,7766800.0,3565800.0,300.0,1.0,0.5148790375894253,0.29712084099978914,0.10963596466407181,-0.12110814150209374,21.07481411798428,1.0,0.0,2216024.810000054,5301244.746666701,14406355.65000001,767830.346666648,2898745.499999977,18390541.779999968,0.3638852080195643,0.25002335248839674,896700.0,1720000.0,-0.3146329346122979,2616700.0,214,336,550,300.0,1.0,0.41057471816931934,0.3361344387836757,0.030739383182213278,-0.11502456261084042,21.118408788368335,0.9999666666666841,3.333333331587103e-05,1835249.3872666566,6298159.010599995,14773714.94726666,781519.7033333265,3119474.97999999,18593989.349999983,0.27785844015724714,0.2822379959586085,739200.0,3388823.0,-0.641862460553151,4128023.0,187,390,577,300.0,1.0,0.33682314582407574,0.3821073473613172,0.0833538177679551,-0.09055366679612188,21.134968125464354,1.0,0.0,1949007.6833333368,7140028.643333319,15566736.373333273,851993.3633333383,3167870.4033333305,18672976.20999993,0.27173345741802335,0.3010509805413555,1429223.0,2725077.0,-0.3119307705269239,4154300.0,318,313,631,300.0,1.0,-0.49416489964700816,0.33030140372104794,0.07471035407845636,-0.09870403973158925,21.211838543868442,1.0,0.0,505904.72459999315,6686183.8779333215,15679836.474599997,927593.7870999982,3343122.660433329,19117102.887100015,0.1429309699744652,0.28822381285078247,461523.0,2521377.0,-0.6905541587046163,2982900.0,163,281,444,300.0,1.0,0.635983575114231,0.47218321137961267,0.031204585707627564,-0.05286862491864842,21.16402116402122,1.0,0.0,2745880.8700000052,8660260.583333349,16498731.923333343,625242.9699999971,3108351.276666663,18341461.69666668,0.28645042253946834,0.33778835985699684,992200.0,726400.0,0.15466077039450715,1718600.0,166,200,366,300.0,1.0,0.5539276267708181,0.4254672682198469,0.06029917939634216,-0.05900446549264889,21.164021164021246,1.0,0.0,2827501.659999999,8528458.429999998,16615110.136666711,817211.9633333279,3427072.579999996,18694316.486000028,0.30485585460694054,0.33859317903296654,600400.0,1024000.0,-0.2607732085693179,1624400.0,174,216,390,0.051581516475631695,0.14482692096391714,-0.054766811131447046,0.0,2,1493.8300000000017,0.00999999999476131,247000.0,146900.0,0.25412541254125415,393900.0,45,52,97,475,0.0,0.4164353993216158,21.164021164021165,1004000.0,663900.0,0.20390910726062714,1667900.0,206,183,389,2175,0.0,0.4284782413711565,21.164021164021165,2315000.0,1271900.0,0.29080821879617497,3586900.0,454,296,750,4602,21.141656923355566,0.3981384992206635,21.119324181626187,non_parent_window_path_1000_1030_v1_20260810
SZ000002,20260116,1030,1800.0,1.0,0.6137916636041808,0.5968064008310603,0.06674022583589874,0.43817848551374095,21.00624184185603,1.0,0.0,3336974.523000009,9096149.08455559,18900450.856777687,567718.1426166606,2299703.6476388876,7376422.537083397,0.3426415519205073,0.433683740123238,300.0,1.0,0.908997757248471,0.646987414459862,0.023204559239559334,0.44115548058010223,21.030492745435712,1.0,0.0,5252237.962666763,9499134.490000026,19272655.726666663,251027.40999998024,2033492.0266666536,7472429.709999987,0.47719098201208143,0.4312054468465381,8719804.0,15670576.0,-0.28498006181125507,24390380.0,1747,2599,4346,1225700.0,804100.0,0.20770519262981574,2029800.0,226,202,428,186100.0,217000.0,-0.07665591664599355,403100.0,48,32,80,0.6375282043816871,21.03049421661409,9899120.0,2191200.0,300.0,1.0,0.5523797130069668,0.5595545045996214,0.07143190134625334,0.43485112336960846,20.986358866736754,1.0,0.0,3489821.8047999954,9904425.95813332,18644679.961466618,894643.8083666575,2774878.7916999836,7335389.011699996,0.34579700540948793,0.4880396877671518,1510500.0,5574812.0,-0.5736249864508437,7085312.0,265,687,952,300.0,1.0,0.6850375559486381,0.5263348564320417,0.04887507209514518,0.39999982043287935,21.03049274543569,1.0,0.0,4948757.695599949,8792491.435599979,17352432.328933317,939818.2769333402,2731412.503733326,7431786.480400012,0.5109879432814817,0.46496942380905676,1959500.0,3338468.0,-0.2602824328119762,5297968.0,406,636,1042,300.0,1.0,0.41407668961020744,0.6139665372434522,0.07303425313792757,0.45600786896507334,21.01351240515963,1.0,0.0,3096482.1509333295,8389746.3796,18278832.4929333,465071.1397333296,1989160.1730666622,6831725.809733332,0.34315303568771277,0.413328386711516,2084704.0,2525708.0,-0.09565392420460471,4610412.0,413,492,905,300.0,1.0,0.6290281616662725,0.6394170637467987,0.030248307022441818,0.46300522507550274,20.986358866736687,1.0,0.0,1294297.546666669,8767987.343333336,19699628.876666646,278450.6100000028,1924575.5133333402,7233030.323333335,0.14708804406850726,0.3970110332316047,1258000.0,1081800.0,0.07530558167364731,2339800.0,259,251,510,300.0,1.0,0.49323010414453144,0.594578028504591,0.03820552965460347,0.4340513946592894,20.99023542163426,1.0,0.0,1940249.9773333077,9223108.900666662,20154475.754000023,577297.6106666743,2344702.877333341,7954173.887333361,0.21763386510039232,0.4115392210442473,681400.0,2345688.0,-0.5497983540617253,3027088.0,178,331,509,300.0,1.0,0.908997757248471,0.646987414459862,0.023204559239559334,0.44115548058010223,21.030492745435712,1.0,0.0,5252237.962666763,9499134.490000026,19272655.726666663,251027.40999998024,2033492.0266666536,7472429.709999987,0.47719098201208143,0.4312054468465381,1225700.0,804100.0,0.20770519262981574,2029800.0,226,202,428,0.050181013628801674,0.4926852544410708,-0.009459210078174851,0.0,0,1800.0,0.0,165000.0,139000.0,0.08552631578947369,304000.0,45,28,73,372,0.0,0.6377779930712618,21.03049421661409,763000.0,878300.0,-0.07024919271309328,1641300.0,183,200,383,2039,0.0,0.5997800019226193,21.03049421661409,2012400.0,2189100.0,-0.0420564084255623,4201500.0,368,366,734,4260,102.9118964252497,0.5544503291805751,20.986358866736623,non_parent_window_path_1000_1030_v1_20260810
SZ000002,20260119,1030,1800.0,1.0,0.08328988493335414,-0.01519942846965387,0.1477228179471451,0.11621104803708628,21.084397236605284,0.39016666666666827,0.6098333333333317,934192.0272222062,3679537.078888898,16083393.760000074,753166.1893388974,3809104.0473388867,12733532.029850002,0.22532234995897954,0.2598695357318594,300.0,1.0,-0.002190635472283192,-0.009391026307128424,0.014177462627242754,0.1295827885622892,21.07481559536353,0.3221999999999874,0.6778000000000126,561000.8999999997,3536038.049999999,16408981.453333346,568665.0273666708,3603198.3573666764,12644329.687366642,0.15823343883121954,0.24572883871282794,9026500.0,8847500.0,0.010014546268322704,17874000.0,1001,1486,2487,672600.0,968200.0,-0.1801560214529498,1640800.0,113,260,373,34700.0,154200.0,-0.6326098464796188,188900.0,14,47,61,-0.028537417607779426,21.07481559536354,3621000.0,3833739.0,300.0,1.0,0.05254645014061414,-0.08124493995183991,0.09733677399937399,0.11639165021436158,21.07045732645324,0.27546666666668895,0.724533333333311,1123715.2099999853,3680133.823333323,15763477.28999994,963983.8333333258,4262657.086666663,12458934.70333334,0.26284199936635555,0.28143558076737873,1121000.0,1531300.0,-0.1546959242921238,2652300.0,209,269,478,300.0,1.0,0.5033255870890407,0.13744351884040248,0.061282713228249186,0.1428325194042235,21.11551721388085,0.914466666666655,0.08553333333334498,1472452.1033333195,4143083.9866666556,16222636.28,513591.79000001727,3171750.439200017,12170747.79733339,0.27150907015889525,0.2576246074065595,1188800.0,2711200.0,-0.3903589743589744,3900000.0,173,210,383,300.0,1.0,0.31868659693667584,0.11911846139485843,0.15068848402534374,0.14955813826944397,21.141805912868914,0.6411666666667103,0.35883333333328965,1194109.5699999854,4139166.166666661,16752020.153333372,575944.2033333328,3259270.3121333327,12393310.899066623,0.23924700555385672,0.25384636961228696,2970100.0,591400.0,0.6678927418222659,3561500.0,250,92,342,300.0,1.0,-0.29835123814546166,-0.18355815457846913,0.09416320391408212,0.05680156587595964,21.041879638570137,0.038766666666657935,0.961233333333342,625573.1566666464,3152670.6433333037,15377468.13999997,1136507.4033333599,4550484.430000039,13716095.826666724,0.22874790176559576,0.26477179221353087,2524300.0,1309800.0,0.3167627344096398,3834100.0,157,251,408,300.0,1.0,-0.07427745094846273,-0.07356443021574692,0.09186616566994797,0.10209962589624197,21.061907732492394,0.14893333333331005,0.85106666666669,628301.2233333237,3426129.8033333225,15975779.24333333,760304.8786666801,4007263.658666684,13017773.265333334,0.18680648469620892,0.25638091295566623,549700.0,1735600.0,-0.5189253052115695,2285300.0,99,404,503,300.0,1.0,-0.002190635472283192,-0.009391026307128424,0.014177462627242754,0.1295827885622892,21.07481559536353,0.3221999999999874,0.6778000000000126,561000.8999999997,3536038.049999999,16408981.453333346,568665.0273666708,3603198.3573666764,12644329.687366642,0.15823343883121954,0.24572883871282794,672600.0,968200.0,-0.1801560214529498,1640800.0,113,260,373,0.005808402162525447,-0.1901705677212725,-0.019146391300651003,0.0,52,362.0599999999977,213.05999999999767,50400.0,182400.0,-0.5670103092783505,232800.0,13,48,61,346,0.0,-0.04687152339594135,21.07481559536354,256600.0,1520700.0,-0.7112473977381422,1777300.0,87,256,343,2183,39.4719489408339,0.07432925262594896,21.119324181626187,830800.0,2383880.0,-0.483121181579504,3214680.0,170,465,635,3891,39.4719489408339,0.09858239995424178,21.119324181626187,non_parent_window_path_1000_1030_v1_20260810
SZ000002,20260120,1030,1800.0,1.0,0.06137594087318329,-0.09060917193979609,0.15120518913385791,-0.3279334831121714,20.92980797705525,0.24181111111109202,0.758188888888908,1122152.528366653,4252604.579122222,11794788.247255553,1031176.4721944723,5233967.0648111245,23328116.839344397,0.2269870593280321,0.270096440500665,300.0,1.0,-0.3415624956413581,-0.1083799337678546,0.07414176576013197,-0.2833545985387881,20.94240837696349,0.0360666666666657,0.9639333333333343,797216.0833333348,4038520.69666667,12793729.759999992,1548181.9457333311,4997572.025733325,22901527.145733297,0.2595588714193413,0.2531454738164005,10401294.0,13171239.0,-0.11750731243010669,23572533.0,1640,2233,3873,822600.0,1479000.0,-0.2851929092805005,2301600.0,166,338,504,293800.0,130900.0,0.38356486931951966,424700.0,63,35,98,-0.009296821854249113,20.942408376963353,4667594.0,4755196.0,300.0,1.0,0.15960177189931388,-0.17232573703711018,0.12475586682377975,-0.39210220490106273,20.962560112953565,0.06069999999997284,0.9393000000000271,965173.6198666209,3813976.3198666256,10880821.739866655,675257.8464333918,5449526.598533461,24906607.699000023,0.17708543741500046,0.2588479548167695,2880600.0,2513607.0,0.06803465273023449,5394207.0,608,424,1032,300.0,1.0,-0.07343257253277674,-0.1938893055673658,0.12004729025262023,-0.35468355656322675,20.90952557125712,0.0,1.0,1188090.461133363,4517662.547800049,11640027.264466729,1510532.2880666791,6777974.140000029,24488102.857733365,0.23890842311834504,0.31265489383462747,3102294.0,2379606.0,0.13183166420401685,5481900.0,281,313,594,300.0,1.0,0.04887082302102709,-0.10428333731300402,0.0924382233224308,-0.3149689399231947,20.878284844053773,0.1868666666666589,0.8131333333333411,1208457.5431333173,4784937.5998,12050607.723133342,1118886.0700000154,5935650.17746669,23125007.050133325,0.21709104589102204,0.3047732881534254,992700.0,2150820.0,-0.3684150251946862,3143520.0,149,451,600,300.0,1.0,0.38083968028605514,-0.007189108797830494,0.1535902219981254,-0.32030194545554835,20.93133100275192,0.7468999999999748,0.25310000000002525,1511485.6866666127,4313195.856666624,11612004.756666636,598890.8342000289,4432482.850266737,22561342.878733367,0.2413050595139731,0.25592104116465764,1201100.0,2208000.0,-0.2953565457158781,3409100.0,235,385,620,300.0,1.0,0.1939384382068416,0.04241239084438532,0.16452989205436852,-0.30218965329121017,20.95473795436117,0.42033333333328,0.5796666666667201,1062491.7760666492,4047334.45393332,11791538.23939999,735309.8487333474,3810596.5968667045,21986113.4047334,0.2287881648715867,0.2326369853531489,1402000.0,2440206.0,-0.27021091529189223,3842206.0,201,322,523,300.0,1.0,-0.3415624956413581,-0.1083799337678546,0.07414176576013197,-0.2833545985387881,20.94240837696349,0.0360666666666657,0.9639333333333343,797216.0833333348,4038520.69666667,12793729.759999992,1548181.9457333311,4997572.025733325,22901527.145733297,0.2595588714193413,0.2531454738164005,822600.0,1479000.0,-0.2851929092805005,2301600.0,166,338,504,-0.017770761828058507,-0.1676855968503938,0.09908311191360548,0.0,34,161.8599999999933,585.9000000000015,663100.0,130500.0,0.6711189516129032,793600.0,144,51,195,901,0.0,0.03302562485418027,20.942408376963353,3056916.0,1150772.0,0.45301457712644094,4207688.0,440,218,658,4076,75.42997051237933,-0.14293543335403155,20.898641588296762,5130996.0,2656892.0,0.31768613005220414,7787888.0,1387,532,1919,9366,100.23909077682455,-0.46714728524337906,20.855057351407716,non_parent_window_path_1000_1030_v1_20260810
SZ000002,20260121,1030,1800.0,1.0,-0.006158970121580128,-0.13473074306806526,0.17255383443270456,-0.4611706872124644,20.20991352620104,0.1776055555555609,0.8223944444444391,1069613.190422234,3592658.900888925,10482896.090561079,1055019.5875888674,4890659.563722207,28499204.511528302,0.25044831063152745,0.2176208653095631,300.0,1.0,-0.05373948843478196,-0.0945265982055008,0.10736361122467496,-0.4534234140525966,20.256148111966848,0.21403333333330618,0.7859666666666938,1273213.7193333174,3859114.5426666397,10764649.820233328,1410863.232000026,4645538.172000033,28627776.671933454,0.31560100587111883,0.215895629490045,15633428.0,20140028.0,-0.1259760868505408,35773456.0,2449,2803,5252,860300.0,4790800.0,-0.6955283042239564,5651100.0,246,924,1170,289200.0,595800.0,-0.3464406779661017,885000.0,82,104,186,0.0847808238166832,20.304568527918782,5086700.0,4291600.0,300.0,1.0,-0.3027417751893996,-0.1730479062192302,0.20019868888749937,-0.4598911416814486,20.23176089828274,0.06840000000003783,0.9315999999999621,630431.3143333544,3384952.685666677,9976535.888999999,1141028.9783332825,5162418.396199953,26934912.693233334,0.2072520633186051,0.23156422763588733,6041042.0,3019514.0,0.33348152144305493,9060556.0,638,476,1114,300.0,1.0,0.10759337841079737,0.00021097289827241327,0.1900624439655522,-0.4374039145132935,20.19805959887797,0.5885333333333498,0.41146666666665016,884055.5622000027,3438822.6336666755,10210135.684133332,699774.2351999928,3644854.628800001,26203243.61359996,0.2235886445295892,0.19453501430194453,2396586.0,5777414.0,-0.4136075360900416,8174000.0,334,438,772,300.0,1.0,-0.24867794467287457,-0.30854008237705105,0.12229071190599979,-0.5021790608313466,20.15059336678293,0.029533333333335274,0.9704666666666647,679724.8466667195,3204950.8666667147,10141046.600000009,1244683.0166665777,6199210.31999984,30612259.180166576,0.2046336536704378,0.2307582417336873,2865900.0,3284400.0,-0.06804546119701478,6150300.0,608,454,1062,300.0,1.0,0.14576937242144075,-0.18363781721488812,0.1126994461288205,-0.4913423071977391,20.200472265216828,0.0,1.0,1082724.629999985,3445210.1766666435,10215797.660000015,827006.3000000325,5027890.65533338,30048851.943566762,0.22538749011313688,0.210435230789875,945000.0,2489500.0,-0.4497015577231038,3434500.0,236,304,540,300.0,1.0,0.3148426367353364,-0.04884302728999028,0.04461441041291376,-0.42278428499836784,20.22244691607689,0.16513333333333624,0.8348666666666638,1867529.069999999,4222902.500000008,11589210.890000008,1006761.7633333313,4664045.2100000065,28568182.966666523,0.3234283498820457,0.22130289982761647,2524600.0,778400.0,0.5286709052376627,3303000.0,387,207,594,300.0,1.0,-0.05373948843478196,-0.0945265982055008,0.10736361122467496,-0.4534234140525966,20.256148111966848,0.21403333333330618,0.7859666666666938,1273213.7193333174,3859114.5426666397,10764649.820233328,1410863.232000026,4645538.172000033,28627776.671933454,0.31560100587111883,0.215895629490045,860300.0,4790800.0,-0.6955283042239564,5651100.0,246,924,1170,0.04020414486256446,-0.5695522173734155,0.179307422022184,0.0,53,111.16000000000349,571.4599999999991,1457400.0,699200.0,0.3515719187610127,2156600.0,393,118,511,2047,35.13288846716451,-0.0907300406973823,20.26342451874367,8191100.0,1788100.0,0.6416345999679333,9979200.0,1002,339,1341,7503,69.98259111959756,-0.1611125565388779,20.181634712411707,9553900.0,3450000.0,0.4693899522450957,13003900.0,1279,582,1861,11283,72.84013287783908,-0.02211947620794089,20.222446916076848,non_parent_window_path_1000_1030_v1_20260810
SZ000002,20260122,1030,1800.0,1.0,-0.03845993982709395,0.11026313316225064,0.21415259808759607,0.20785941818466994,20.2458756909431,0.6966277777777578,0.30337222222224225,825243.5201555991,3757904.662088968,17265013.979311023,819889.8577055278,3119725.1026999913,11337895.272160912,0.23920063075852527,0.24045210591419225,300.0,1.0,0.13195096442770318,0.4230009228555197,0.21641282476322413,0.29049590157072736,20.4365612038669,0.9980666666666851,0.0019333333333149008,569669.7593334203,3762584.0126334685,18112634.665966783,307186.52636667254,1513957.9163000095,9962604.075233372,0.16618010384640827,0.18794290504786343,24997761.0,33355560.0,-0.14322747800420818,58353321.0,3533,3486,7019,1993656.0,12061433.0,-0.7163083065500332,14055089.0,421,672,1093,757500.0,4426921.0,-0.7077783613637858,5184421.0,66,155,221,0.8069765890749017,20.181634712411707,5418400.0,578800.0,300.0,1.0,-0.1023984058894726,0.10868443984630427,0.10183998764553039,0.34717402987305995,20.08822738957921,0.8867666666666385,0.11323333333336147,859150.7513334749,3732861.0313334423,18816004.831333388,879819.4469332921,2970571.80816663,9123482.867999993,0.2594148759154952,0.23992683443726895,4944814.0,3346746.0,0.19273429849147808,8291560.0,674,371,1045,300.0,1.0,-0.0024270473559443884,0.08494477952964892,0.10171919239737606,0.15990002605620396,19.984659125901825,0.7101999999999923,0.2898000000000078,1086226.470400032,4048263.9237333513,16304118.633733349,1016217.7737999819,3453987.043133318,11833432.460466664,0.2802417905619737,0.2666277154593282,4461159.0,1697800.0,0.44867306309394167,6158959.0,602,290,892,300.0,1.0,-0.06382749883960256,-0.10431197704504827,0.10346265886974942,0.12625688936719784,20.08229591696174,0.10239999999997963,0.8976000000000204,1199175.1440000378,3706768.7773333606,16993148.24400002,1340925.3793332595,4544097.549066602,13150500.635733264,0.30785864451661765,0.273718233625901,4275540.0,4511300.0,-0.026831033682188362,8786840.0,497,735,1232,300.0,1.0,-0.02442370537180775,0.05306777839666882,0.1646830395820066,0.15708099663630595,20.034248410412165,0.7385333333333256,0.26146666666667445,789931.636666631,3808237.1499999966,16724456.260000048,851690.2202666459,3387140.0690666614,12119916.037066592,0.2281495197476552,0.24945515003626548,4773200.0,2815000.0,0.2580585646134788,7588200.0,605,818,1423,300.0,1.0,-0.16963394593344086,0.09619285539040823,0.14775013618514626,0.16624866560452337,20.84926209893616,0.7437999999999253,0.2562000000000747,447307.35920001206,3488713.077499987,16639721.2408333,523499.79953334254,2848596.23046662,11837435.556466678,0.1531891709172151,0.2225400995287377,4549392.0,8923281.0,-0.3246489393752821,13472673.0,734,600,1334,300.0,1.0,0.13195096442770318,0.4230009228555197,0.21641282476322413,0.29049590157072736,20.4365612038669,0.9980666666666851,0.0019333333333149008,569669.7593334203,3762584.0126334685,18112634.665966783,307186.52636667254,1513957.9163000095,9962604.075233372,0.16618010384640827,0.18794290504786343,1993656.0,12061433.0,-0.7163083065500332,14055089.0,421,672,1093,0.31273778969326904,-0.573080828545825,0.38397566621938195,0.0,174,210.8000000000029,232.72000000000116,251000.0,2166294.0,-0.7923297703961537,2417294.0,78,151,229,1513,82.06102411533172,0.6244496681814958,20.181634712411707,1229485.0,7899313.0,-0.7306359500998927,9128798.0,358,581,939,6319,129.34892330885927,0.6418223689368558,20.181634712411707,1908385.0,13184814.0,-0.7471198782975034,15093199.0,650,952,1602,11177,133.23378939153417,0.6817258055120181,20.181634712411707,non_parent_window_path_1000_1030_v1_20260810
SZ000002,20260123,1030,1800.0,1.0,0.28599137178636314,0.4108937048194547,0.17932072227416354,0.22451778267620587,20.33342694364791,0.9649166666666659,0.03508333333333414,2078121.4791333354,8400278.845911112,20152209.404355437,804535.4640388864,3244493.916577786,12808507.30507762,0.24754943715673647,0.3532924622102125,300.0,1.0,0.5233972985667573,0.5331070843913082,0.05740079472914426,0.1811283902129286,20.385296208766864,1.0,0.0,4066049.4206666676,11800229.219999978,20141591.700000048,992777.4833333205,3560223.259999983,13963938.446666636,0.32934100805863764,0.4503801117866869,10700871.0,15284800.0,-0.17640217949346007,25985671.0,1208,2608,3816,570900.0,2115200.0,-0.5749227504560516,2686100.0,169,707,876,62000.0,525400.0,-0.7889002383384406,587400.0,34,147,181,0.5306705775337432,20.387359836901123,12065220.0,3699400.0,300.0,1.0,-0.05305493099205532,0.21832277845076078,0.25745531218744894,0.2910453238372282,20.316186359835136,0.7894999999999951,0.21050000000000485,743335.8481333194,4811722.899466636,19100684.43813329,772319.8142333374,2683114.8607666707,10495221.989666695,0.20222661395134403,0.2532390004177492,5394271.0,3094200.0,0.2709641112044796,8488471.0,323,256,579,300.0,1.0,0.3820392946947718,0.4087451694591739,0.1811913320314268,0.26982347544964125,20.29572804625035,1.0,0.0,1330726.226666678,6585579.6593333725,20466617.67000003,424863.5613333466,2679286.782000009,11769847.352,0.18948894720897494,0.28740330042424006,1899400.0,956800.0,0.3300189062390589,2856200.0,252,240,492,300.0,1.0,0.3333103491107945,0.337492688922259,0.07507892696544113,0.23471642552301247,20.298887911718694,1.0,0.0,2172229.1820000117,8015389.064000013,21510039.808666673,956679.2814666623,3925820.262399992,13341168.392399982,0.2620260961801569,0.34263401307374275,705400.0,1530382.0,-0.3689903577361299,2235782.0,117,279,396,300.0,1.0,0.4444020869434935,0.46574011638066004,0.07213227915157006,0.19266314630412779,20.339095245226456,1.0,0.0,2088477.8893333639,9457947.976000035,20246213.52933328,816156.343866659,3449763.8576333215,13699460.929733332,0.22503091722511795,0.3802461444446513,1074600.0,4385718.0,-0.6063965505305735,5460318.0,149,569,718,300.0,1.0,0.08585413239441674,0.5019543913125623,0.10476189758565127,0.1777299347302932,20.365367890092404,1.0,0.0,2067910.307999976,9730804.256666653,19448109.279999923,864416.2999999893,3168754.476666653,13581406.719999995,0.22731991602337848,0.3905464050194783,1056300.0,3202500.0,-0.5039447731755424,4258800.0,198,557,755,300.0,1.0,0.5233972985667573,0.5331070843913082,0.05740079472914426,0.1811283902129286,20.385296208766864,1.0,0.0,4066049.4206666676,11800229.219999978,20141591.700000048,992777.4833333205,3560223.259999983,13963938.446666636,0.32934100805863764,0.4503801117866869,570900.0,2115200.0,-0.5749227504560516,2686100.0,169,707,876,0.12221337957185346,-0.3985205709625915,-0.002436506857564913,0.0,8,1555.7699999999968,35.54000000000087,94200.0,458000.0,-0.6588192683810213,552200.0,24,137,161,835,0.0,0.5216675754966282,20.387359836901123,1864100.0,2224900.0,-0.08823673269748104,4089000.0,236,695,931,4436,28.80273016737198,0.5739039825007209,20.387359836901123,3318700.0,6721200.0,-0.33889779778683055,10039900.0,545,1019,1564,9244,127.18775583847601,0.4430437538894608,20.387359836901123,non_parent_window_path_1000_1030_v1_20260810
SZ000002,20260126,1030,1800.0,1.0,0.0923420095240946,0.3895092698130546,0.1162954738866787,0.1725841340849297,20.733889471147123,0.9999722222222206,2.7777777779394657e-05,2072882.1449889317,9913146.117744535,16304725.231632974,1463915.4706555605,4258896.435877806,11368659.730322056,0.24956160004899894,0.5121181443146857,300.0,1.0,-0.4849270691909889,0.4170597793666851,0.038515828336942705,0.23670908813633632,20.72643885956561,1.0,0.0,818211.2690667774,12442319.486666728,18964341.833333362,2249719.223333262,5126640.023333305,11707436.049999962,0.17462220745934395,0.5728053840513364,14970976.0,32163888.0,-0.36475997894042933,47134864.0,3641,3036,6677,529400.0,4063600.0,-0.7694752884824734,4593000.0,239,422,661,186500.0,1107600.0,-0.7117687968472297,1294100.0,88,111,199,0.34628883783664133,20.72538860103627,12194446.0,5921200.0,300.0,1.0,0.3054306624827646,0.2570171264436175,0.09870214224185385,0.03231478076225248,20.691759695784768,0.9998333333333236,0.00016666666667636794,2296997.6199999773,7079059.826666658,12719053.47000001,1236123.8599999896,4163615.0446666456,11900721.101333326,0.31425986435032105,0.45665222639463154,4326090.0,8965320.0,-0.349039718133742,13291410.0,893,724,1617,300.0,1.0,-0.0446107527434394,0.25587539065844683,0.05671032486332534,0.15665177254520543,20.682523267838725,1.0,0.0,1710094.403333325,8038340.646666675,16208495.66666661,1716803.653333337,4721595.036666673,11774155.633333337,0.2685670321318919,0.455994521267303,1350300.0,2401300.0,-0.2801471372214522,3751600.0,391,343,734,300.0,1.0,0.5729341634853359,0.470575370524973,0.06290706377928365,0.23727942493437032,20.728163559567736,1.0,0.0,2828814.066999966,9987462.162866598,17626524.94286667,751130.0472666963,3593802.8506000233,10816018.380599989,0.2635943051488162,0.4774982623393363,3772486.0,8608800.0,-0.3906148359709969,12381286.0,1013,598,1611,300.0,1.0,0.27852368106128184,0.46494082435162387,0.05262086012694095,0.14708692194203152,20.813063550451254,1.0,0.0,2797692.1333334027,9949321.190000039,14561551.423333336,1306640.7666666622,3641415.7399999984,10796775.516666623,0.3019948749754848,0.5359476972655538,3017400.0,3710900.0,-0.10307209844983131,6728300.0,655,392,1047,300.0,1.0,-0.07329862795038389,0.4715871275329917,0.06935638328067176,0.2254628161893747,20.761387893678005,1.0,0.0,1985483.3772000277,11982373.39360002,17748384.0536,1523075.27333329,4306309.919999976,11216851.699999996,0.21539854284010165,0.5623528650746621,1975300.0,4413968.0,-0.3816819078492247,6389268.0,450,557,1007,300.0,1.0,-0.4849270691909889,0.4170597793666851,0.038515828336942705,0.23670908813633632,20.72643885956561,1.0,0.0,818211.2690667774,12442319.486666728,18964341.833333362,2249719.223333262,5126640.023333305,11707436.049999962,0.17462220745934395,0.5728053840513364,529400.0,4063600.0,-0.7694752884824734,4593000.0,239,422,661,0.027550509553630476,-0.40471530954204404,-0.07077094153004376,0.0,2,1799.3600000000006,0.05000000000291038,769700.0,945100.0,-0.10228598087240494,1714800.0,75,217,292,1520,118.27172796073587,0.3473348528895612,20.72538860103627,1611000.0,3138400.0,-0.3215985177074999,4749400.0,301,428,729,4366,136.04403137307025,0.44599984064760484,20.72538860103627,5200118.0,4411100.0,0.08209344538850331,9611218.0,1191,697,1888,9135,137.6104343830556,0.39423945748998457,20.68252326783868,non_parent_window_path_1000_1030_v1_20260810
SZ000002,20260127,1030,1800.0,1.0,0.3716894378237552,0.5189593895473865,0.10909890449172098,0.2783162073219468,21.133488869190177,1.0,0.0,1803413.8001110817,6762797.8298887955,16399473.900444448,697538.8301111088,2148772.651555557,9262236.031555656,0.28064106494244395,0.34727110956591556,300.0,1.0,0.3799467956914263,0.5512637834706849,0.07414538540140792,0.3194702459446078,21.11337190002291,1.0,0.0,2000910.8439999695,7225984.780666642,16077976.070666637,915160.7726666764,2094171.1626666845,8299897.092666718,0.31287798556122887,0.3823203066521705,10043400.0,24720100.0,-0.42218706401829503,34763500.0,2242,2148,4390,677700.0,4757460.0,-0.7506237166891131,5435160.0,267,397,664,64100.0,355900.0,-0.6947619047619048,420000.0,40,50,90,0.42381217426504075,21.119324181626187,7034700.0,2846800.0,300.0,1.0,0.23418199747383303,0.3654687048478651,0.046466019553860066,0.24192037986200773,21.013905209773608,1.0,0.0,2829609.56999996,6769130.6333332965,16107913.26999998,1358798.7280000143,3152560.7599999993,9827019.236666702,0.4221466010134422,0.38256091049332336,2554000.0,3233200.0,-0.11736245507326513,5787200.0,370,451,821,300.0,1.0,0.36942130274405716,0.5299998454108924,0.10953638539538754,0.26514582797282765,21.351272096328234,1.0,0.0,1979570.406666636,6707523.666666613,16079050.71333332,495304.8473332749,2020295.5799999405,9314335.616666658,0.2835616989828414,0.343704424972869,2212400.0,7459600.0,-0.5425144747725393,9672000.0,428,412,840,300.0,1.0,0.44563149984895034,0.5357810680358355,0.0841635340672312,0.22781782672373846,21.17139733367729,1.0,0.0,1115714.5933332776,6112151.506666625,16161285.620000025,278450.52933332726,1828865.2099999972,10165568.88999997,0.17556506583603182,0.3016318076909,1592900.0,2710100.0,-0.25963281431559376,4303000.0,277,218,495,300.0,1.0,0.3770717505919848,0.5306130876338241,0.07191382125935357,0.29170778373357825,21.07345197427742,1.0,0.0,1545451.121999979,6659950.961999982,16403379.805333262,655363.1266666722,2039241.3300000068,8998132.263333354,0.25299064267042115,0.3424674983317491,1026800.0,4903740.0,-0.6537246186687891,5930540.0,273,415,688,300.0,1.0,0.4238832805922883,0.6006298478852128,0.08770280271825799,0.323835179694929,21.077534701063847,1.0,0.0,1349226.2646666854,7102045.430000036,17567237.92333333,482154.9766666594,1757501.8666666627,8968463.089999985,0.20671273373328913,0.3338727434491016,1979600.0,1656000.0,0.08900869182528331,3635600.0,627,255,882,300.0,1.0,0.3799467956914263,0.5512637834706849,0.07414538540140792,0.3194702459446078,21.11337190002291,1.0,0.0,2000910.8439999695,7225984.780666642,16077976.070666637,915160.7726666764,2094171.1626666845,8299897.092666718,0.31287798556122887,0.3823203066521705,677700.0,4757460.0,-0.7506237166891131,5435160.0,267,397,664,0.032304393923298425,-0.32843665267081806,-0.1274516092056442,0.0,0,1800.0,0.0,84100.0,232100.0,-0.46805819101834284,316200.0,23,35,58,627,0.0,0.46053134574731314,21.119324181626187,1331500.0,3425200.0,-0.4401580927954254,4756700.0,380,232,612,4892,36.61842394744179,0.5481005764820184,21.164021164021165,3125047.0,4308802.0,-0.1592385048445294,7433849.0,920,374,1294,9138,59.79763590409653,0.6009588127482736,21.119324181626187,non_parent_window_path_1000_1030_v1_20260810
SZ000002,20260128,1030,1800.0,1.0,0.15335076661887226,0.09057597121639475,0.10530865812727584,-0.2627256711207327,20.696733462852897,0.7847944444444389,0.21520555555556106,1318518.9356388818,4630635.241683336,10120856.434461191,954830.4617166764,3863753.671716671,17354957.343499955,0.267629539986016,0.30915877440592904,300.0,1.0,0.26516086692044377,0.12606537497437476,0.033045627963565284,-0.2656474300979984,20.725388601036364,1.0,0.0,1353475.3299999959,4840251.273333332,9946843.703333315,786138.7007333322,3755976.6140666716,17141964.027399994,0.24890150177026907,0.31733504009655056,8715500.0,11962400.0,-0.15702271507261376,20677900.0,1994,1773,3767,820900.0,1605000.0,-0.3232202481553238,2425900.0,217,333,550,378700.0,298400.0,0.11859400383990548,677100.0,70,68,138,0.2185645310329442,20.72538860103627,4825900.0,3094731.0,300.0,1.0,-0.1323164573908713,-0.0008424663402345882,0.06275127628651872,-0.30816305284065737,20.65101710269955,0.5752333333333324,0.4247666666666676,1040171.660800011,4033772.414133351,9737784.137466652,1348658.6866666833,4032045.303333339,18409128.150000058,0.29616716260443554,0.2865613689732584,1509500.0,889807.0,0.2582799950152273,2399307.0,248,238,486,300.0,1.0,0.2478870522396384,0.12023893133908632,0.05903186379725355,-0.275430432782949,20.712681921346903,1.0,0.0,1341489.1227000041,4392442.836033333,9162838.599366628,833916.3235666596,3458311.736899985,16132015.209599968,0.2770950774294624,0.31036963614118057,2380900.0,4588693.0,-0.3167750254570102,6969593.0,253,351,604,300.0,1.0,0.26969820165882363,0.19435580861181376,0.04420085815619802,-0.22434564073709642,20.725388601036357,1.0,0.0,1834714.5800000043,5184778.536666671,10125461.883333353,1038290.690000003,3489923.433333334,15974597.056666661,0.3311935418572087,0.33236330959795146,917400.0,816400.0,0.05825354712192871,1733800.0,231,220,451,300.0,1.0,0.2100399601899587,0.11264758499638722,0.12266395279547286,-0.23558345143848902,20.702935739507417,0.8216666666666667,0.17833333333333334,1325668.2500000033,4894114.429999999,10595839.243333317,791820.0733333376,3916187.466666668,17159108.304666676,0.2403423115539868,0.3174317617221198,1455500.0,1103600.0,0.1375092806064632,2559100.0,651,185,836,300.0,1.0,0.05963497609524172,-0.009009406283057872,0.09671320815568604,-0.2671840188272037,20.662988811493825,0.31186666666663465,0.6881333333333653,1015594.6703333056,4438451.959933309,11156371.03993333,930158.2960000195,4530077.476000038,19312931.312666643,0.2169534013611488,0.2943463992757962,1631300.0,2958900.0,-0.28922487037601846,4590200.0,394,446,840,300.0,1.0,0.26516086692044377,0.12606537497437476,0.033045627963565284,-0.2656474300979984,20.725388601036364,1.0,0.0,1353475.3299999959,4840251.273333332,9946843.703333315,786138.7007333322,3755976.6140666716,17141964.027399994,0.24890150177026907,0.31733504009655056,820900.0,1605000.0,-0.3232202481553238,2425900.0,217,333,550,0.03548940375798,-0.16619753308271004,0.09249915605856945,0.0,19,847.5299999999988,161.08000000000175,611500.0,257500.0,0.40736478711162255,869000.0,95,53,148,716,63.81731223973442,-0.24057011059199243,20.68252326783868,974000.0,1284231.0,-0.13737788561046235,2258231.0,204,248,452,2485,115.27467164395367,-0.15199935284393107,20.68252326783868,4703500.0,2792031.0,0.2550144879662295,7495531.0,502,538,1040,6131,124.15794906087913,-0.07481191989571219,20.639834881320947,non_parent_window_path_1000_1030_v1_20260810
SZ000002,20260129,1030,1800.0,1.0,-0.10946485466180629,-0.3086734842791329,0.23288856250425985,-0.3963636133861144,19.98535085930355,0.0521222222222261,0.9478777777777739,918895.9792666809,2771178.1945667565,9718518.786283297,1360307.178916631,5719777.077160969,22192181.35900541,0.26842717753706213,0.2660848941912461,300.0,1.0,-0.21713156660789606,-0.5174248106367356,0.20655093929510934,-0.48278936293941,19.985355245915134,0.004566666666675398,0.9954333333333246,613752.1932666107,2119180.8891999735,7753276.969099983,1215438.7517998617,7257081.740932935,22217620.437800024,0.1950874263257005,0.312845574920098,77238540.0,41162879.0,0.30468943112919955,118401419.0,7687,6520,14207,23961936.0,12422063.0,0.31716890163722794,36383999.0,1412,1578,2990,7316300.0,1488600.0,0.6618700950607048,8804900.0,331,296,627,-0.7905857792736972,19.665683382497544,1251700.0,10702598.0,300.0,1.0,-0.1704560252030238,-0.4415837697987098,0.1449846896086637,-0.45009094839293246,19.948233323408218,0.001500000000014552,0.9984999999999854,575108.9253666986,2148869.8598333476,7370645.737700048,1045679.4283333437,5885667.0588666275,19368290.9322667,0.20172766272661463,0.30048079390248866,15706890.0,10976228.0,0.1772904500890788,26683118.0,1529,1975,3504,300.0,1.0,-0.005419827793754751,-0.2082438430747879,0.1281780613737236,-0.43509928946319093,19.993305719593838,9.999999999611948e-05,0.9999000000000039,1004853.8174333489,2733151.252000012,8445244.20200006,1018281.4133333244,4148105.4447333342,21493725.98426643,0.29400665022816125,0.22984279866412688,7827900.0,9275100.0,-0.08461673390633222,17103000.0,1131,1175,2306,300.0,1.0,0.15852656880174862,-0.04609976352034414,0.08720516208110725,-0.33673360037021105,20.06037462668393,0.2934000000000136,0.7065999999999865,1101370.346166695,3446794.32860003,10350396.425266659,868853.8909666284,3793353.4942999687,20837077.667633325,0.2721248633766377,0.23214922123328552,3583849.0,3636600.0,-0.007305778352565055,7220449.0,624,619,1243,300.0,1.0,-0.16155734481275832,-0.14264339995268974,0.08407176676532259,-0.2937959886138744,20.032907531402852,0.013166666666656966,0.986833333333343,1220385.0550666505,3525298.3750666603,12633454.83173335,1703573.3966666942,4703569.280000055,23048636.729999978,0.3553293811856352,0.23061618013142562,4422000.0,1759916.0,0.4306244212959218,6181916.0,586,367,953,300.0,1.0,-0.2607509323551483,-0.496045318691536,0.1663992238503807,-0.3796724905371023,19.891928708800428,0.0,1.0,997905.5383000276,2653774.462699988,11758094.5518999,2310016.192399885,8530885.444133349,26187736.402066905,0.29575523603349957,0.29475332666721077,21735965.0,3092972.0,0.7508574773056133,24828937.0,2405,806,3211,300.0,1.0,-0.21713156660789606,-0.5174248106367356,0.20655093929510934,-0.48278936293941,19.985355245915134,0.004566666666675398,0.9954333333333246,613752.1932666107,2119180.8891999735,7753276.969099983,1215438.7517998617,7257081.740932935,22217620.437800024,0.1950874263257005,0.312845574920098,23961936.0,12422063.0,0.31716890163722794,36383999.0,1412,1578,2990,-0.20875132635760274,0.01247947050802839,-0.2731609686369616,0.0,30,40.31999999999971,508.40000000000146,4632896.0,1734118.0,0.4552806072045703,6367014.0,512,347,859,4856,19.646371741648156,-0.6115882745714203,19.62708537782139,8801914.0,7147886.0,0.1037021153870268,15949800.0,1080,1192,2272,15919,100.52411040756533,-0.3751776618442385,19.782393669634025,11709914.0,10031686.0,0.07718971924789345,21741600.0,1478,1841,3319,23504,110.73278439295012,-0.3712694141172858,19.782393669634025,non_parent_window_path_1000_1030_v1_20260810
SZ000002,20260130,1030,1800.0,1.0,0.3491295018366176,0.5234763433976337,0.13091183137527249,0.4531527390662719,20.298392030355295,0.9999944444444433,5.555555556687371e-06,1905912.733816634,7639081.045861201,19047721.444750205,720084.9651333304,2270272.7945610792,7106747.009216639,0.265001910441222,0.37887804364532324,300.0,1.0,0.31684000495455505,0.49836758013732,0.14706539885479836,0.5250934155313963,20.240792645646447,1.0,0.0,1273983.103333291,7271129.269599937,22343935.969599955,639843.5825333458,2298882.0786666824,6958942.777333356,0.19998165270862306,0.3265894600634816,22019432.0,37972315.0,-0.2659179603487793,59991747.0,4620,3301,7921,1429900.0,3410900.0,-0.4092298793587837,4840800.0,433,399,832,196400.0,1865500.0,-0.8094960958339396,2061900.0,65,154,219,0.6635754175861402,20.304568527918782,12934768.0,2615796.0,300.0,1.0,0.4595487558124607,0.4459704228522172,0.10439781655318063,0.36109388055664304,20.196182218916906,1.0,0.0,2579388.3195666852,6448850.649566661,16520755.806233311,753821.4139999927,2401816.1034666747,7731455.017533291,0.37660549499553886,0.36494267748818543,3633400.0,10432142.0,-0.48336153701009177,14065542.0,902,707,1609,300.0,1.0,0.33119043241159685,0.4615453120379768,0.10432263244474768,0.439895431984129,20.421856945440254,1.0,0.0,1823227.081999865,6575546.82533321,18743810.56199983,673291.6886666481,2384163.7176333065,7288253.42533328,0.27863832862617544,0.34417979870233123,4893000.0,5822569.0,-0.08674938307055836,10715569.0,1056,528,1584,300.0,1.0,0.42899454293171657,0.5699566584285912,0.07509981466946626,0.4644525859517041,20.262665053349092,1.0,0.0,2164189.86959996,7416018.805199967,18330881.911866754,806390.9400000018,2040311.103333337,6687876.033333339,0.31413675689543546,0.37796959902030314,3634500.0,8144604.0,-0.3828902436042674,11779104.0,802,601,1403,300.0,1.0,0.5261369060842663,0.6213615123593322,0.054083918039825984,0.4293989401144391,20.332459976627927,1.0,0.0,2430695.5420000516,10313020.645466732,18013208.722133394,734137.2122666542,2401432.0836,7183342.158433347,0.2489161603496725,0.5046108409573218,2884632.0,5305100.0,-0.2955491095435113,8189732.0,706,608,1314,300.0,1.0,0.03206636882510779,0.5436565745703906,0.16801728438783564,0.49898218025932284,20.336395342154237,0.9999666666666599,3.333333334012423e-05,1163992.4863999847,7809920.079999975,20333735.696666628,713024.9533333271,2095031.6806666513,6790612.643333312,0.18950293601500431,0.36516828483801456,5544000.0,4857000.0,0.06605134121719065,10401000.0,721,458,1179,300.0,1.0,0.31684000495455505,0.49836758013732,0.14706539885479836,0.5250934155313963,20.240792645646447,1.0,0.0,1273983.103333291,7271129.269599937,22343935.969599955,639843.5825333458,2298882.0786666824,6958942.777333356,0.19998165270862306,0.3265894600634816,1429900.0,3410900.0,-0.4092298793587837,4840800.0,433,399,832,-0.025108763260313693,-0.1433119190100044,0.16520783744882023,0.0,2,1366.6800000000003,0.010000000002037268,518300.0,701200.0,-0.14997949979499794,1219500.0,66,110,176,1096,0.0,0.6622370720440739,20.304568527918782,2671100.0,4737036.0,-0.2788739299602491,7408136.0,598,550,1148,6150,20.325210249223577,0.7491800184473592,20.34587995930824,6682720.0,7390736.0,-0.05030860934229659,14073456.0,1737,894,2631,13146,88.41634853358441,0.4905970151927442,20.26342451874367,non_parent_window_path_1000_1030_v1_20260810
